# Renewables.ninja Solar photovoltaic power (PV) (Point API) - 52.495, -1.852 - Version: 1.4 (gsee f9b6961) - License: https://creativecommons.org/licenses/by-nc/4.0/ - Reference: https://doi.org/10.1016/j.energy.2016.08.060
# Units: time in UTC, electricity in kW, irradiance_direct in unknown, irradiance_diffuse in unknown, temperature in ºC
# {"units": {"time": "UTC", "electricity": "kW", "irradiance_direct": "unknown", "irradiance_diffuse": "unknown", "temperature": "\u00baC"}, "params": {"lat": "52.4948994", "lon": "-1.8518439", "date_from": "2025-01-01", "date_to": "2025-12-31", "dataset": "merra2", "header": "true", "local_time": "false", "capacity": "1", "system_loss": "0.1", "tracking": "0", "tilt": "35", "azim": "180", "raw": "true"}}
time,electricity,irradiance_direct,irradiance_diffuse,temperature
2025-01-01 00:00,0,0,0,10.042
2025-01-01 01:00,0,0,0,10.064
2025-01-01 02:00,0,0,0,10.127
2025-01-01 03:00,0,0,0,10.226
2025-01-01 04:00,0,0,0,10.369
2025-01-01 05:00,0,0,0,10.573
2025-01-01 06:00,0,0,0,10.685
2025-01-01 07:00,0,0,0,10.660
2025-01-01 08:00,0,0,0.001,10.610
2025-01-01 09:00,0,0,0.007,10.051
2025-01-01 10:00,0.005,0.001,0.022,8.129
2025-01-01 11:00,0.022,0.002,0.041,6.115
2025-01-01 12:00,0.046,0.007,0.064,5.786
2025-01-01 13:00,0.056,0.013,0.070,6.051
2025-01-01 14:00,0.042,0.015,0.053,6.114
2025-01-01 15:00,0.007,0.008,0.016,5.714
2025-01-01 16:00,0,0,0,4.891
2025-01-01 17:00,0,0,0,4.211
2025-01-01 18:00,0,0,0,4.004
2025-01-01 19:00,0,0,0,4.348
2025-01-01 20:00,0,0,0,4.237
2025-01-01 21:00,0,0,0,3.780
2025-01-01 22:00,0,0,0,3.324
2025-01-01 23:00,0,0,0,2.762
2025-01-02 00:00,0,0,0,1.875
2025-01-02 01:00,0,0,0,1.089
2025-01-02 02:00,0,0,0,0.426
2025-01-02 03:00,0,0,0,-0.381
2025-01-02 04:00,0,0,0,-1.023
2025-01-02 05:00,0,0,0,-1.669
2025-01-02 06:00,0,0,0,-2.046
2025-01-02 07:00,0,0,0,-2.260
2025-01-02 08:00,0.006,0.015,0.009,-2.069
2025-01-02 09:00,0.120,0.100,0.049,-1.075
2025-01-02 10:00,0.369,0.361,0.063,0.027
2025-01-02 11:00,0.476,0.492,0.062,1.243
2025-01-02 12:00,0.483,0.504,0.062,2.083
2025-01-02 13:00,0.415,0.425,0.059,2.474
2025-01-02 14:00,0.261,0.254,0.050,2.068
2025-01-02 15:00,0.062,0.069,0.018,-0.223
2025-01-02 16:00,0,0,0,-1.581
2025-01-02 17:00,0,0,0,-1.749
2025-01-02 18:00,0,0,0,-1.979
2025-01-02 19:00,0,0,0,-2.158
2025-01-02 20:00,0,0,0,-2.364
2025-01-02 21:00,0,0,0,-2.558
2025-01-02 22:00,0,0,0,-2.700
2025-01-02 23:00,0,0,0,-2.756
2025-01-03 00:00,0,0,0,-2.718
2025-01-03 01:00,0,0,0,-2.673
2025-01-03 02:00,0,0,0,-2.660
2025-01-03 03:00,0,0,0,-2.501
2025-01-03 04:00,0,0,0,-2.265
2025-01-03 05:00,0,0,0,-2.125
2025-01-03 06:00,0,0,0,-1.843
2025-01-03 07:00,0,0,0,-1.513
2025-01-03 08:00,0.015,0.024,0.010,-1.133
2025-01-03 09:00,0.174,0.156,0.051,0.138
2025-01-03 10:00,0.300,0.273,0.074,1.435
2025-01-03 11:00,0.389,0.372,0.081,2.639
2025-01-03 12:00,0.407,0.397,0.079,3.502
2025-01-03 13:00,0.356,0.344,0.072,3.813
2025-01-03 14:00,0.209,0.190,0.058,3.111
2025-01-03 15:00,0.032,0.035,0.019,0.932
2025-01-03 16:00,0,0,0,-0.174
2025-01-03 17:00,0,0,0,-0.228
2025-01-03 18:00,0,0,0,-0.340
2025-01-03 19:00,0,0,0,-0.498
2025-01-03 20:00,0,0,0,-0.702
2025-01-03 21:00,0,0,0,-0.804
2025-01-03 22:00,0,0,0,-0.760
2025-01-03 23:00,0,0,0,-0.846
2025-01-04 00:00,0,0,0,-0.901
2025-01-04 01:00,0,0,0,-0.917
2025-01-04 02:00,0,0,0,-0.896
2025-01-04 03:00,0,0,0,-0.901
2025-01-04 04:00,0,0,0,-0.926
2025-01-04 05:00,0,0,0,-1.011
2025-01-04 06:00,0,0,0,-1.121
2025-01-04 07:00,0,0,0,-1.081
2025-01-04 08:00,0,0.001,0.004,-0.873
2025-01-04 09:00,0.012,0.003,0.028,-0.344
2025-01-04 10:00,0.050,0.011,0.063,0.334
2025-01-04 11:00,0.081,0.019,0.089,1.072
2025-01-04 12:00,0.058,0.010,0.074,1.362
2025-01-04 13:00,0.038,0.006,0.055,1.242
2025-01-04 14:00,0.013,0.002,0.029,0.707
2025-01-04 15:00,0,0,0.005,0.056
2025-01-04 16:00,0,0,0,0.160
2025-01-04 17:00,0,0,0,0.381
2025-01-04 18:00,0,0,0,0.391
2025-01-04 19:00,0,0,0,0.299
2025-01-04 20:00,0,0,0,0.153
2025-01-04 21:00,0,0,0,0.031
2025-01-04 22:00,0,0,0,0.010
2025-01-04 23:00,0,0,0,-0.012
2025-01-05 00:00,0,0,0,-0.084
2025-01-05 01:00,0,0,0,-0.163
2025-01-05 02:00,0,0,0,-0.201
2025-01-05 03:00,0,0,0,-0.317
2025-01-05 04:00,0,0,0,-0.333
2025-01-05 05:00,0,0,0,-0.118
2025-01-05 06:00,0,0,0,0.338
2025-01-05 07:00,0,0,0,0.964
2025-01-05 08:00,0,0,0.002,1.863
2025-01-05 09:00,0.001,0.001,0.016,2.871
2025-01-05 10:00,0.005,0.001,0.021,3.653
2025-01-05 11:00,0.008,0.001,0.026,4.233
2025-01-05 12:00,0.016,0.001,0.035,4.749
2025-01-05 13:00,0.024,0.003,0.043,5.363
2025-01-05 14:00,0.020,0.004,0.037,6.082
2025-01-05 15:00,0,0.001,0.009,6.746
2025-01-05 16:00,0,0,0,7.104
2025-01-05 17:00,0,0,0,7.701
2025-01-05 18:00,0,0,0,8.043
2025-01-05 19:00,0,0,0,8.047
2025-01-05 20:00,0,0,0,8.193
2025-01-05 21:00,0,0,0,8.400
2025-01-05 22:00,0,0,0,8.926
2025-01-05 23:00,0,0,0,9.103
2025-01-06 00:00,0,0,0,9.102
2025-01-06 01:00,0,0,0,9.104
2025-01-06 02:00,0,0,0,8.646
2025-01-06 03:00,0,0,0,7.583
2025-01-06 04:00,0,0,0,5.491
2025-01-06 05:00,0,0,0,2.872
2025-01-06 06:00,0,0,0,1.239
2025-01-06 07:00,0,0,0,1.162
2025-01-06 08:00,0,0.001,0.003,1.155
2025-01-06 09:00,0.022,0.008,0.035,1.568
2025-01-06 10:00,0.082,0.031,0.079,2.193
2025-01-06 11:00,0.128,0.055,0.105,2.865
2025-01-06 12:00,0.126,0.053,0.105,3.456
2025-01-06 13:00,0.126,0.063,0.095,3.830
2025-01-06 14:00,0.137,0.099,0.071,3.803
2025-01-06 15:00,0.026,0.026,0.022,3.178
2025-01-06 16:00,0,0,0,2.236
2025-01-06 17:00,0,0,0,1.602
2025-01-06 18:00,0,0,0,1.377
2025-01-06 19:00,0,0,0,1.496
2025-01-06 20:00,0,0,0,1.683
2025-01-06 21:00,0,0,0,1.651
2025-01-06 22:00,0,0,0,1.337
2025-01-06 23:00,0,0,0,0.739
2025-01-07 00:00,0,0,0,0.291
2025-01-07 01:00,0,0,0,0.150
2025-01-07 02:00,0,0,0,0.237
2025-01-07 03:00,0,0,0,0.282
2025-01-07 04:00,0,0,0,0.221
2025-01-07 05:00,0,0,0,0.088
2025-01-07 06:00,0,0,0,0.209
2025-01-07 07:00,0,0,0,0.314
2025-01-07 08:00,0,0.003,0.007,0.259
2025-01-07 09:00,0.034,0.014,0.043,0.801
2025-01-07 10:00,0.066,0.020,0.072,1.364
2025-01-07 11:00,0.081,0.022,0.087,1.969
2025-01-07 12:00,0.106,0.036,0.100,2.593
2025-01-07 13:00,0.107,0.045,0.093,2.991
2025-01-07 14:00,0.081,0.042,0.067,2.874
2025-01-07 15:00,0.015,0.014,0.021,2.064
2025-01-07 16:00,0,0,0,1.205
2025-01-07 17:00,0,0,0,0.859
2025-01-07 18:00,0,0,0,0.579
2025-01-07 19:00,0,0,0,0.147
2025-01-07 20:00,0,0,0,-0.391
2025-01-07 21:00,0,0,0,-0.874
2025-01-07 22:00,0,0,0,-1.216
2025-01-07 23:00,0,0,0,-1.506
2025-01-08 00:00,0,0,0,-1.898
2025-01-08 01:00,0,0,0,-2.103
2025-01-08 02:00,0,0,0,-1.996
2025-01-08 03:00,0,0,0,-2.062
2025-01-08 04:00,0,0,0,-2.317
2025-01-08 05:00,0,0,0,-1.980
2025-01-08 06:00,0,0,0,-2.033
2025-01-08 07:00,0,0,0,-1.647
2025-01-08 08:00,0.001,0.006,0.010,-1.281
2025-01-08 09:00,0.047,0.020,0.051,-0.661
2025-01-08 10:00,0.062,0.016,0.072,-0.047
2025-01-08 11:00,0.051,0.008,0.067,0.306
2025-01-08 12:00,0.053,0.008,0.070,0.589
2025-01-08 13:00,0.044,0.007,0.061,0.691
2025-01-08 14:00,0.014,0.003,0.030,0.180
2025-01-08 15:00,0.001,0.003,0.014,-0.601
2025-01-08 16:00,0,0,0,-1.098
2025-01-08 17:00,0,0,0,-1.079
2025-01-08 18:00,0,0,0,-1.135
2025-01-08 19:00,0,0,0,-1.209
2025-01-08 20:00,0,0,0,-1.329
2025-01-08 21:00,0,0,0,-1.566
2025-01-08 22:00,0,0,0,-1.856
2025-01-08 23:00,0,0,0,-2.376
2025-01-09 00:00,0,0,0,-2.724
2025-01-09 01:00,0,0,0,-3.181
2025-01-09 02:00,0,0,0,-3.521
2025-01-09 03:00,0,0,0,-3.792
2025-01-09 04:00,0,0,0,-3.955
2025-01-09 05:00,0,0,0,-4.204
2025-01-09 06:00,0,0,0,-4.216
2025-01-09 07:00,0,0,0,-4.068
2025-01-09 08:00,0.002,0.007,0.010,-3.521
2025-01-09 09:00,0.060,0.033,0.052,-1.999
2025-01-09 10:00,0.151,0.091,0.092,-0.322
2025-01-09 11:00,0.254,0.185,0.111,1.251
2025-01-09 12:00,0.243,0.173,0.112,2.226
2025-01-09 13:00,0.229,0.172,0.098,2.674
2025-01-09 14:00,0.161,0.126,0.069,2.309
2025-01-09 15:00,0.041,0.039,0.025,0.334
2025-01-09 16:00,0,0,0,-1.420
2025-01-09 17:00,0,0,0,-1.691
2025-01-09 18:00,0,0,0,-2.144
2025-01-09 19:00,0,0,0,-2.524
2025-01-09 20:00,0,0,0,-2.697
2025-01-09 21:00,0,0,0,-2.900
2025-01-09 22:00,0,0,0,-3.154
2025-01-09 23:00,0,0,0,-3.311
2025-01-10 00:00,0,0,0,-3.380
2025-01-10 01:00,0,0,0,-3.231
2025-01-10 02:00,0,0,0,-2.821
2025-01-10 03:00,0,0,0,-2.576
2025-01-10 04:00,0,0,0,-2.638
2025-01-10 05:00,0,0,0,-2.792
2025-01-10 06:00,0,0,0,-3.500
2025-01-10 07:00,0,0,0,-4.035
2025-01-10 08:00,0.028,0.035,0.014,-3.506
2025-01-10 09:00,0.115,0.085,0.058,-2.024
2025-01-10 10:00,0.164,0.105,0.090,-1.126
2025-01-10 11:00,0.243,0.175,0.107,-0.227
2025-01-10 12:00,0.356,0.313,0.097,0.810
2025-01-10 13:00,0.377,0.360,0.076,1.268
2025-01-10 14:00,0.263,0.245,0.059,0.737
2025-01-10 15:00,0.069,0.068,0.026,-1.577
2025-01-10 16:00,0,0,0,-2.916
2025-01-10 17:00,0,0,0,-2.919
2025-01-10 18:00,0,0,0,-2.576
2025-01-10 19:00,0,0,0,-2.084
2025-01-10 20:00,0,0,0,-1.570
2025-01-10 21:00,0,0,0,-1.369
2025-01-10 22:00,0,0,0,-1.451
2025-01-10 23:00,0,0,0,-1.625
2025-01-11 00:00,0,0,0,-1.798
2025-01-11 01:00,0,0,0,-1.957
2025-01-11 02:00,0,0,0,-2.067
2025-01-11 03:00,0,0,0,-2.188
2025-01-11 04:00,0,0,0,-2.302
2025-01-11 05:00,0,0,0,-2.394
2025-01-11 06:00,0,0,0,-2.471
2025-01-11 07:00,0,0,0,-2.544
2025-01-11 08:00,0.007,0.012,0.012,-2.483
2025-01-11 09:00,0.082,0.051,0.057,-1.806
2025-01-11 10:00,0.185,0.124,0.094,-0.715
2025-01-11 11:00,0.311,0.252,0.106,0.684
2025-01-11 12:00,0.323,0.269,0.105,1.621
2025-01-11 13:00,0.317,0.277,0.091,2.085
2025-01-11 14:00,0.151,0.112,0.071,1.843
2025-01-11 15:00,0.018,0.016,0.023,0.769
2025-01-11 16:00,0,0,0,-0.255
2025-01-11 17:00,0,0,0,-0.433
2025-01-11 18:00,0,0,0,-0.436
2025-01-11 19:00,0,0,0,-0.586
2025-01-11 20:00,0,0,0,-0.764
2025-01-11 21:00,0,0,0,-0.898
2025-01-11 22:00,0,0,0,-0.804
2025-01-11 23:00,0,0,0,-0.651
2025-01-12 00:00,0,0,0,-0.481
2025-01-12 01:00,0,0,0,-0.320
2025-01-12 02:00,0,0,0,-0.253
2025-01-12 03:00,0,0,0,-0.092
2025-01-12 04:00,0,0,0,-0.018
2025-01-12 05:00,0,0,0,-0.159
2025-01-12 06:00,0,0,0,-0.426
2025-01-12 07:00,0,0,0,-0.439
2025-01-12 08:00,0,0.002,0.009,-0.116
2025-01-12 09:00,0.026,0.008,0.040,0.805
2025-01-12 10:00,0.060,0.015,0.072,1.565
2025-01-12 11:00,0.075,0.016,0.086,2.272
2025-01-12 12:00,0.094,0.025,0.098,2.947
2025-01-12 13:00,0.098,0.033,0.094,3.316
2025-01-12 14:00,0.066,0.026,0.066,2.876
2025-01-12 15:00,0.009,0.007,0.021,1.751
2025-01-12 16:00,0,0,0,0.990
2025-01-12 17:00,0,0,0,1.140
2025-01-12 18:00,0,0,0,1.062
2025-01-12 19:00,0,0,0,0.974
2025-01-12 20:00,0,0,0,0.939
2025-01-12 21:00,0,0,0,0.797
2025-01-12 22:00,0,0,0,0.578
2025-01-12 23:00,0,0,0,0.396
2025-01-13 00:00,0,0,0,0.279
2025-01-13 01:00,0,0,0,0.183
2025-01-13 02:00,0,0,0,0.074
2025-01-13 03:00,0,0,0,0.025
2025-01-13 04:00,0,0,0,0.047
2025-01-13 05:00,0,0,0,0.099
2025-01-13 06:00,0,0,0,0.186
2025-01-13 07:00,0,0,0,0.376
2025-01-13 08:00,0,0.003,0.010,0.817
2025-01-13 09:00,0.026,0.007,0.041,1.532
2025-01-13 10:00,0.043,0.007,0.060,2.472
2025-01-13 11:00,0.038,0.004,0.058,3.295
2025-01-13 12:00,0.033,0.003,0.052,3.595
2025-01-13 13:00,0.022,0.002,0.041,3.672
2025-01-13 14:00,0.007,0.001,0.024,3.614
2025-01-13 15:00,0,0,0.007,3.449
2025-01-13 16:00,0,0,0,3.197
2025-01-13 17:00,0,0,0,2.935
2025-01-13 18:00,0,0,0,2.699
2025-01-13 19:00,0,0,0,2.488
2025-01-13 20:00,0,0,0,2.193
2025-01-13 21:00,0,0,0,1.857
2025-01-13 22:00,0,0,0,1.899
2025-01-13 23:00,0,0,0,1.978
2025-01-14 00:00,0,0,0,1.975
2025-01-14 01:00,0,0,0,1.930
2025-01-14 02:00,0,0,0,1.905
2025-01-14 03:00,0,0,0,1.939
2025-01-14 04:00,0,0,0,2.139
2025-01-14 05:00,0,0,0,2.346
2025-01-14 06:00,0,0,0,2.598
2025-01-14 07:00,0,0,0,3.121
2025-01-14 08:00,0,0.001,0.006,3.664
2025-01-14 09:00,0.022,0.006,0.038,4.378
2025-01-14 10:00,0.058,0.013,0.071,5.173
2025-01-14 11:00,0.090,0.024,0.097,6.066
2025-01-14 12:00,0.108,0.033,0.108,7.069
2025-01-14 13:00,0.093,0.031,0.095,7.929
2025-01-14 14:00,0.058,0.021,0.065,8.088
2025-01-14 15:00,0.008,0.006,0.021,7.194
2025-01-14 16:00,0,0,0,6.564
2025-01-14 17:00,0,0,0,6.789
2025-01-14 18:00,0,0,0,7.003
2025-01-14 19:00,0,0,0,7.149
2025-01-14 20:00,0,0,0,7.183
2025-01-14 21:00,0,0,0,7.243
2025-01-14 22:00,0,0,0,7.252
2025-01-14 23:00,0,0,0,6.956
2025-01-15 00:00,0,0,0,6.430
2025-01-15 01:00,0,0,0,6.124
2025-01-15 02:00,0,0,0,5.888
2025-01-15 03:00,0,0,0,5.695
2025-01-15 04:00,0,0,0,5.605
2025-01-15 05:00,0,0,0,5.518
2025-01-15 06:00,0,0,0,5.377
2025-01-15 07:00,0,0,0,5.290
2025-01-15 08:00,0,0.003,0.010,5.478
2025-01-15 09:00,0.025,0.007,0.040,6.005
2025-01-15 10:00,0.053,0.012,0.068,6.276
2025-01-15 11:00,0.102,0.031,0.103,6.668
2025-01-15 12:00,0.125,0.047,0.113,7.282
2025-01-15 13:00,0.132,0.062,0.106,7.652
2025-01-15 14:00,0.103,0.058,0.077,7.538
2025-01-15 15:00,0.031,0.024,0.031,5.817
2025-01-15 16:00,0,0,0,4.051
2025-01-15 17:00,0,0,0,3.549
2025-01-15 18:00,0,0,0,3.284
2025-01-15 19:00,0,0,0,3.143
2025-01-15 20:00,0,0,0,2.884
2025-01-15 21:00,0,0,0,2.361
2025-01-15 22:00,0,0,0,1.837
2025-01-15 23:00,0,0,0,1.874
2025-01-16 00:00,0,0,0,2.400
2025-01-16 01:00,0,0,0,2.352
2025-01-16 02:00,0,0,0,1.733
2025-01-16 03:00,0,0,0,1.436
2025-01-16 04:00,0,0,0,1.078
2025-01-16 05:00,0,0,0,0.713
2025-01-16 06:00,0,0,0,0.343
2025-01-16 07:00,0,0,0,0.206
2025-01-16 08:00,0.010,0.013,0.015,0.421
2025-01-16 09:00,0.075,0.041,0.061,1.475
2025-01-16 10:00,0.118,0.056,0.092,2.288
2025-01-16 11:00,0.189,0.108,0.118,3.143
2025-01-16 12:00,0.252,0.180,0.117,4.064
2025-01-16 13:00,0.408,0.400,0.080,4.878
2025-01-16 14:00,0.290,0.279,0.063,4.953
2025-01-16 15:00,0.082,0.077,0.034,3.328
2025-01-16 16:00,0,0,0,2.193
2025-01-16 17:00,0,0,0,3.161
2025-01-16 18:00,0,0,0,3.586
2025-01-16 19:00,0,0,0,3.943
2025-01-16 20:00,0,0,0,4.442
2025-01-16 21:00,0,0,0,4.634
2025-01-16 22:00,0,0,0,4.804
2025-01-16 23:00,0,0,0,4.593
2025-01-17 00:00,0,0,0,4.160
2025-01-17 01:00,0,0,0,3.648
2025-01-17 02:00,0,0,0,3.441
2025-01-17 03:00,0,0,0,3.284
2025-01-17 04:00,0,0,0,3.139
2025-01-17 05:00,0,0,0,2.988
2025-01-17 06:00,0,0,0,3.167
2025-01-17 07:00,0,-0,0,3.619
2025-01-17 08:00,0,0.001,0.006,4.126
2025-01-17 09:00,0.011,0.002,0.027,4.775
2025-01-17 10:00,0.032,0.005,0.051,5.391
2025-01-17 11:00,0.066,0.012,0.082,5.852
2025-01-17 12:00,0.094,0.024,0.102,6.016
2025-01-17 13:00,0.134,0.059,0.111,6.306
2025-01-17 14:00,0.134,0.083,0.086,6.236
2025-01-17 15:00,0.035,0.025,0.034,4.640
2025-01-17 16:00,0,0,0,3.072
2025-01-17 17:00,0,0,0,2.795
2025-01-17 18:00,0,0,0,2.621
2025-01-17 19:00,0,0,0,2.504
2025-01-17 20:00,0,0,0,2.730
2025-01-17 21:00,0,0,0,2.712
2025-01-17 22:00,0,0,0,2.472
2025-01-17 23:00,0,0,0,2.275
2025-01-18 00:00,0,0,0,1.967
2025-01-18 01:00,0,0,0,1.525
2025-01-18 02:00,0,0,0,1.114
2025-01-18 03:00,0,0,0,0.801
2025-01-18 04:00,0,0,0,0.632
2025-01-18 05:00,0,0,0,0.540
2025-01-18 06:00,0,0,0,0.372
2025-01-18 07:00,0,-0,0,0.183
2025-01-18 08:00,0.014,0.015,0.018,0.342
2025-01-18 09:00,0.091,0.054,0.065,1.181
2025-01-18 10:00,0.201,0.136,0.102,1.716
2025-01-18 11:00,0.300,0.235,0.114,2.382
2025-01-18 12:00,0.426,0.402,0.096,3.027
2025-01-18 13:00,0.406,0.393,0.081,3.396
2025-01-18 14:00,0.283,0.264,0.067,3.241
2025-01-18 15:00,0.083,0.075,0.036,1.625
2025-01-18 16:00,0,0,0.001,-0.276
2025-01-18 17:00,0,0,0,-0.892
2025-01-18 18:00,0,0,0,-0.728
2025-01-18 19:00,0,0,0,-0.407
2025-01-18 20:00,0,0,0,-0.308
2025-01-18 21:00,0,0,0,-0.552
2025-01-18 22:00,0,0,0,-0.828
2025-01-18 23:00,0,0,0,-1.006
2025-01-19 00:00,0,0,0,-1.224
2025-01-19 01:00,0,0,0,-1.456
2025-01-19 02:00,0,0,0,-1.597
2025-01-19 03:00,0,0,0,-1.757
2025-01-19 04:00,0,0,0,-2.079
2025-01-19 05:00,0,0,0,-2.207
2025-01-19 06:00,0,0,0,-2.176
2025-01-19 07:00,0,-0,0,-1.918
2025-01-19 08:00,0.013,0.013,0.018,-1.436
2025-01-19 09:00,0.090,0.050,0.067,-0.432
2025-01-19 10:00,0.183,0.112,0.105,0.939
2025-01-19 11:00,0.289,0.215,0.121,2.339
2025-01-19 12:00,0.312,0.244,0.120,2.938
2025-01-19 13:00,0.293,0.236,0.106,3.174
2025-01-19 14:00,0.185,0.141,0.082,2.937
2025-01-19 15:00,0.044,0.032,0.036,1.345
2025-01-19 16:00,0,0,0.001,0.004
2025-01-19 17:00,0,0,0,-0.254
2025-01-19 18:00,0,0,0,-0.443
2025-01-19 19:00,0,0,0,-0.638
2025-01-19 20:00,0,0,0,-0.835
2025-01-19 21:00,0,0,0,-1.003
2025-01-19 22:00,0,0,0,-1.215
2025-01-19 23:00,0,0,0,-1.499
2025-01-20 00:00,0,0,0,-1.792
2025-01-20 01:00,0,0,0,-1.874
2025-01-20 02:00,0,0,0,-1.888
2025-01-20 03:00,0,0,0,-1.864
2025-01-20 04:00,0,0,0,-1.949
2025-01-20 05:00,0,0,0,-2.069
2025-01-20 06:00,0,0,0,-2.230
2025-01-20 07:00,0,-0,0,-2.372
2025-01-20 08:00,0.029,0.027,0.023,-1.749
2025-01-20 09:00,0.128,0.082,0.075,-0.179
2025-01-20 10:00,0.208,0.132,0.112,0.981
2025-01-20 11:00,0.197,0.103,0.131,2.186
2025-01-20 12:00,0.136,0.048,0.120,2.786
2025-01-20 13:00,0.078,0.018,0.087,2.868
2025-01-20 14:00,0.030,0.006,0.047,2.460
2025-01-20 15:00,0.003,0.002,0.017,1.522
2025-01-20 16:00,0,0,0,0.775
2025-01-20 17:00,0,0,0,1.035
2025-01-20 18:00,0,0,0,1.176
2025-01-20 19:00,0,0,0,1.388
2025-01-20 20:00,0,0,0,1.794
2025-01-20 21:00,0,0,0,2.160
2025-01-20 22:00,0,0,0,2.276
2025-01-20 23:00,0,0,0,2.318
2025-01-21 00:00,0,0,0,2.362
2025-01-21 01:00,0,0,0,2.378
2025-01-21 02:00,0,0,0,2.377
2025-01-21 03:00,0,0,0,2.296
2025-01-21 04:00,0,0,0,2.127
2025-01-21 05:00,0,0,0,1.890
2025-01-21 06:00,0,0,0,1.658
2025-01-21 07:00,0,-0,0,1.485
2025-01-21 08:00,0,0.001,0.007,1.527
2025-01-21 09:00,0.012,0.002,0.028,2.184
2025-01-21 10:00,0.051,0.008,0.068,2.935
2025-01-21 11:00,0.099,0.023,0.106,3.734
2025-01-21 12:00,0.123,0.036,0.120,4.517
2025-01-21 13:00,0.119,0.041,0.111,4.938
2025-01-21 14:00,0.077,0.027,0.078,4.664
2025-01-21 15:00,0.018,0.008,0.031,2.970
2025-01-21 16:00,0,0,0.001,1.523
2025-01-21 17:00,0,0,0,1.365
2025-01-21 18:00,0,0,0,1.392
2025-01-21 19:00,0,0,0,1.434
2025-01-21 20:00,0,0,0,1.435
2025-01-21 21:00,0,0,0,1.454
2025-01-21 22:00,0,0,0,1.532
2025-01-21 23:00,0,0,0,1.497
2025-01-22 00:00,0,0,0,1.486
2025-01-22 01:00,0,0,0,1.427
2025-01-22 02:00,0,0,0,1.311
2025-01-22 03:00,0,0,0,1.176
2025-01-22 04:00,0,0,0,1.045
2025-01-22 05:00,0,0,0,0.892
2025-01-22 06:00,0,0,0,0.768
2025-01-22 07:00,0,-0,0,0.745
2025-01-22 08:00,0,0.002,0.012,1.078
2025-01-22 09:00,0.023,0.004,0.039,1.786
2025-01-22 10:00,0.061,0.011,0.076,2.483
2025-01-22 11:00,0.089,0.018,0.100,3.283
2025-01-22 12:00,0.090,0.018,0.102,3.999
2025-01-22 13:00,0.079,0.017,0.091,4.489
2025-01-22 14:00,0.055,0.014,0.068,4.669
2025-01-22 15:00,0.020,0.008,0.032,3.654
2025-01-22 16:00,0,0,0.001,1.936
2025-01-22 17:00,0,0,0,1.299
2025-01-22 18:00,0,0,0,0.888
2025-01-22 19:00,0,0,0,0.560
2025-01-22 20:00,0,0,0,0.175
2025-01-22 21:00,0,0,0,0.246
2025-01-22 22:00,0,0,0,0.849
2025-01-22 23:00,0,0,0,1.390
2025-01-23 00:00,0,0,0,1.270
2025-01-23 01:00,0,0,0,0.963
2025-01-23 02:00,0,0,0,0.612
2025-01-23 03:00,0,0,0,0.243
2025-01-23 04:00,0,0,0,-0.004
2025-01-23 05:00,0,0,0,0.146
2025-01-23 06:00,0,0,0,0.750
2025-01-23 07:00,0,-0,0,1.433
2025-01-23 08:00,0,0,0.004,2.120
2025-01-23 09:00,0.007,0.001,0.024,3.238
2025-01-23 10:00,0.019,0.002,0.038,4.318
2025-01-23 11:00,0.025,0.002,0.045,5.046
2025-01-23 12:00,0.029,0.002,0.049,5.868
2025-01-23 13:00,0.062,0.010,0.080,6.948
2025-01-23 14:00,0.115,0.054,0.095,6.931
2025-01-23 15:00,0.049,0.029,0.045,5.536
2025-01-23 16:00,0,0,0.002,4.375
2025-01-23 17:00,0,0,0,3.364
2025-01-23 18:00,0,0,0,2.304
2025-01-23 19:00,0,0,0,1.877
2025-01-23 20:00,0,0,0,1.840
2025-01-23 21:00,0,0,0,2.210
2025-01-23 22:00,0,0,0,2.638
2025-01-23 23:00,0,0,0,3.036
2025-01-24 00:00,0,0,0,3.416
2025-01-24 01:00,0,0,0,5.216
2025-01-24 02:00,0,0,0,8.041
2025-01-24 03:00,0,0,0,9.058
2025-01-24 04:00,0,0,0,9.503
2025-01-24 05:00,0,0,0,10.319
2025-01-24 06:00,0,0,0,10.719
2025-01-24 07:00,0,-0,0,9.931
2025-01-24 08:00,0.002,0.005,0.013,8.244
2025-01-24 09:00,0.242,0.213,0.077,7.655
2025-01-24 10:00,0.302,0.255,0.105,8.089
2025-01-24 11:00,0.211,0.127,0.128,8.163
2025-01-24 12:00,0.272,0.191,0.134,8.157
2025-01-24 13:00,0.222,0.151,0.118,7.927
2025-01-24 14:00,0.233,0.195,0.086,7.508
2025-01-24 15:00,0.076,0.060,0.045,6.500
2025-01-24 16:00,0,0.001,0.002,5.267
2025-01-24 17:00,0,0,0,4.392
2025-01-24 18:00,0,0,0,3.969
2025-01-24 19:00,0,0,0,3.692
2025-01-24 20:00,0,0,0,3.358
2025-01-24 21:00,0,0,0,3.056
2025-01-24 22:00,0,0,0,2.570
2025-01-24 23:00,0,0,0,2.776
2025-01-25 00:00,0,0,0,2.933
2025-01-25 01:00,0,0,0,2.784
2025-01-25 02:00,0,0,0,2.214
2025-01-25 03:00,0,0,0,1.221
2025-01-25 04:00,0,0,0,1.058
2025-01-25 05:00,0,0,0,0.690
2025-01-25 06:00,0,0,0,0.591
2025-01-25 07:00,0,-0,0,0.389
2025-01-25 08:00,0.070,0.066,0.031,0.400
2025-01-25 09:00,0.308,0.295,0.062,1.585
2025-01-25 10:00,0.475,0.493,0.067,3.167
2025-01-25 11:00,0.546,0.588,0.069,5.055
2025-01-25 12:00,0.553,0.601,0.068,6.144
2025-01-25 13:00,0.492,0.525,0.065,6.473
2025-01-25 14:00,0.355,0.360,0.060,6.095
2025-01-25 15:00,0.141,0.133,0.041,3.833
2025-01-25 16:00,0,0.004,0.003,1.172
2025-01-25 17:00,0,0,0,0.999
2025-01-25 18:00,0,0,0,0.939
2025-01-25 19:00,0,0,0,0.476
2025-01-25 20:00,0,0,0,0.216
2025-01-25 21:00,0,0,0,0.408
2025-01-25 22:00,0,0,0,0.782
2025-01-25 23:00,0,0,0,0.930
2025-01-26 00:00,0,0,0,0.769
2025-01-26 01:00,0,0,0,0.484
2025-01-26 02:00,0,0,0,0.542
2025-01-26 03:00,0,0,0,0.710
2025-01-26 04:00,0,0,0,1.248
2025-01-26 05:00,0,0,0,1.674
2025-01-26 06:00,0,0,0,2.038
2025-01-26 07:00,0,-0,0,2.242
2025-01-26 08:00,0.015,0.009,0.026,2.189
2025-01-26 09:00,0.052,0.013,0.065,2.761
2025-01-26 10:00,0.041,0.005,0.061,3.891
2025-01-26 11:00,0.036,0.003,0.057,4.268
2025-01-26 12:00,0.030,0.002,0.051,4.107
2025-01-26 13:00,0.021,0.002,0.041,4.032
2025-01-26 14:00,0.006,0.001,0.023,4.031
2025-01-26 15:00,0,0,0.006,4.468
2025-01-26 16:00,0,0,0,5.349
2025-01-26 17:00,0,0,0,6.152
2025-01-26 18:00,0,0,0,6.552
2025-01-26 19:00,0,0,0,6.557
2025-01-26 20:00,0,0,0,6.341
2025-01-26 21:00,0,0,0,6.139
2025-01-26 22:00,0,0,0,5.790
2025-01-26 23:00,0,0,0,5.781
2025-01-27 00:00,0,0,0,5.999
2025-01-27 01:00,0,0,0,6.056
2025-01-27 02:00,0,0,0,5.695
2025-01-27 03:00,0,0,0,4.939
2025-01-27 04:00,0,0,0,4.193
2025-01-27 05:00,0,0,0,4.227
2025-01-27 06:00,0,0,0,4.499
2025-01-27 07:00,0,-0,0,4.507
2025-01-27 08:00,0.010,0.006,0.023,4.599
2025-01-27 09:00,0.035,0.008,0.051,5.101
2025-01-27 10:00,0.094,0.025,0.099,5.924
2025-01-27 11:00,0.170,0.070,0.139,6.776
2025-01-27 12:00,0.186,0.081,0.145,7.153
2025-01-27 13:00,0.109,0.031,0.111,6.999
2025-01-27 14:00,0.047,0.010,0.063,6.668
2025-01-27 15:00,0.021,0.007,0.035,6.423
2025-01-27 16:00,0,0.001,0.003,5.940
2025-01-27 17:00,0,0,0,5.535
2025-01-27 18:00,0,0,0,5.464
2025-01-27 19:00,0,0,0,5.567
2025-01-27 20:00,0,0,0,5.611
2025-01-27 21:00,0,0,0,5.626
2025-01-27 22:00,0,0,0,5.653
2025-01-27 23:00,0,0,0,5.568
2025-01-28 00:00,0,0,0,5.936
2025-01-28 01:00,0,0,0,6.932
2025-01-28 02:00,0,0,0,7.454
2025-01-28 03:00,0,0,0,7.395
2025-01-28 04:00,0,0,0,6.984
2025-01-28 05:00,0,0,0,6.362
2025-01-28 06:00,0,0,0,6.010
2025-01-28 07:00,0,0,0,5.956
2025-01-28 08:00,0.001,0.002,0.015,6.131
2025-01-28 09:00,0.043,0.009,0.059,6.738
2025-01-28 10:00,0.076,0.016,0.090,7.342
2025-01-28 11:00,0.156,0.055,0.140,8.134
2025-01-28 12:00,0.148,0.048,0.138,8.551
2025-01-28 13:00,0.089,0.019,0.101,8.386
2025-01-28 14:00,0.055,0.011,0.071,7.884
2025-01-28 15:00,0.012,0.003,0.028,7.065
2025-01-28 16:00,0,0,0.001,6.406
2025-01-28 17:00,0,0,0,5.963
2025-01-28 18:00,0,0,0,5.506
2025-01-28 19:00,0,0,0,5.132
2025-01-28 20:00,0,0,0,4.915
2025-01-28 21:00,0,0,0,4.736
2025-01-28 22:00,0,0,0,4.502
2025-01-28 23:00,0,0,0,4.370
2025-01-29 00:00,0,0,0,4.213
2025-01-29 01:00,0,0,0,4.133
2025-01-29 02:00,0,0,0,4.121
2025-01-29 03:00,0,0,0,4.182
2025-01-29 04:00,0,0,0,4.187
2025-01-29 05:00,0,0,0,4.066
2025-01-29 06:00,0,0,0,3.769
2025-01-29 07:00,0,0,0,3.828
2025-01-29 08:00,0.008,0.004,0.022,4.351
2025-01-29 09:00,0.025,0.004,0.043,5.157
2025-01-29 10:00,0.050,0.006,0.069,5.797
2025-01-29 11:00,0.083,0.013,0.099,6.169
2025-01-29 12:00,0.123,0.029,0.127,6.556
2025-01-29 13:00,0.119,0.033,0.120,6.789
2025-01-29 14:00,0.056,0.011,0.072,6.450
2025-01-29 15:00,0.011,0.003,0.028,5.234
2025-01-29 16:00,0,0,0.002,4.037
2025-01-29 17:00,0,0,0,3.688
2025-01-29 18:00,0,0,0,3.403
2025-01-29 19:00,0,0,0,3.117
2025-01-29 20:00,0,0,0,2.867
2025-01-29 21:00,0,0,0,2.679
2025-01-29 22:00,0,0,0,2.564
2025-01-29 23:00,0,0,0,2.469
2025-01-30 00:00,0,0,0,2.289
2025-01-30 01:00,0,0,0,1.822
2025-01-30 02:00,0,0,0,1.022
2025-01-30 03:00,0,0,0,0.522
2025-01-30 04:00,0,0,0,0.017
2025-01-30 05:00,0,0,0,-0.081
2025-01-30 06:00,0,0,0,0.033
2025-01-30 07:00,0,0.001,0.001,0.077
2025-01-30 08:00,0.045,0.035,0.034,0.971
2025-01-30 09:00,0.273,0.245,0.074,2.665
2025-01-30 10:00,0.504,0.532,0.067,4.444
2025-01-30 11:00,0.575,0.632,0.068,6.170
2025-01-30 12:00,0.575,0.632,0.069,6.862
2025-01-30 13:00,0.511,0.549,0.067,7.061
2025-01-30 14:00,0.379,0.388,0.062,6.794
2025-01-30 15:00,0.170,0.161,0.047,5.234
2025-01-30 16:00,0.002,0.012,0.006,2.099
2025-01-30 17:00,0,0,0,0.897
2025-01-30 18:00,0,0,0,0.347
2025-01-30 19:00,0,0,0,-0.098
2025-01-30 20:00,0,0,0,-0.372
2025-01-30 21:00,0,0,0,0.469
2025-01-30 22:00,0,0,0,1.386
2025-01-30 23:00,0,0,0,1.445
2025-01-31 00:00,0,0,0,1.645
2025-01-31 01:00,0,0,0,2.063
2025-01-31 02:00,0,0,0,2.141
2025-01-31 03:00,0,0,0,1.641
2025-01-31 04:00,0,0,0,1.564
2025-01-31 05:00,0,0,0,2.385
2025-01-31 06:00,0,0,0,3.408
2025-01-31 07:00,0,0,0.001,3.987
2025-01-31 08:00,0.021,0.011,0.031,4.736
2025-01-31 09:00,0.063,0.019,0.072,5.612
2025-01-31 10:00,0.103,0.030,0.105,6.278
2025-01-31 11:00,0.201,0.096,0.148,7.112
2025-01-31 12:00,0.291,0.193,0.154,7.706
2025-01-31 13:00,0.178,0.085,0.134,7.749
2025-01-31 14:00,0.102,0.039,0.095,7.421
2025-01-31 15:00,0.036,0.014,0.047,6.575
2025-01-31 16:00,0,0.001,0.004,5.048
2025-01-31 17:00,0,0,0,4.689
2025-01-31 18:00,0,0,0,4.570
2025-01-31 19:00,0,0,0,4.453
2025-01-31 20:00,0,0,0,4.222
2025-01-31 21:00,0,0,0,3.962
2025-01-31 22:00,0,0,0,3.772
2025-01-31 23:00,0,0,0,3.677
2025-02-01 00:00,0,0,0,3.374
2025-02-01 01:00,0,0,0,2.837
2025-02-01 02:00,0,0,0,2.482
2025-02-01 03:00,0,0,0,2.649
2025-02-01 04:00,0,0,0,2.596
2025-02-01 05:00,0,0,0,2.552
2025-02-01 06:00,0,0,0,2.511
2025-02-01 07:00,0,0,0.001,2.477
2025-02-01 08:00,0.012,0.005,0.026,2.859
2025-02-01 09:00,0.053,0.012,0.067,3.334
2025-02-01 10:00,0.087,0.019,0.098,4.060
2025-02-01 11:00,0.152,0.047,0.140,5.335
2025-02-01 12:00,0.147,0.043,0.139,5.814
2025-02-01 13:00,0.121,0.034,0.121,5.888
2025-02-01 14:00,0.085,0.024,0.091,5.737
2025-02-01 15:00,0.029,0.009,0.043,5.276
2025-02-01 16:00,0,0.001,0.005,4.140
2025-02-01 17:00,0,0,0,3.780
2025-02-01 18:00,0,0,0,3.757
2025-02-01 19:00,0,0,0,3.723
2025-02-01 20:00,0,0,0,3.626
2025-02-01 21:00,0,0,0,3.524
2025-02-01 22:00,0,0,0,3.385
2025-02-01 23:00,0,0,0,3.262
2025-02-02 00:00,0,0,0,3.148
2025-02-02 01:00,0,0,0,3.037
2025-02-02 02:00,0,0,0,2.868
2025-02-02 03:00,0,0,0,2.509
2025-02-02 04:00,0,0,0,2.076
2025-02-02 05:00,0,0,0,1.699
2025-02-02 06:00,0,0,0,1.322
2025-02-02 07:00,0,0,0.001,1.135
2025-02-02 08:00,0.013,0.006,0.026,1.385
2025-02-02 09:00,0.059,0.017,0.068,2.255
2025-02-02 10:00,0.177,0.086,0.128,3.715
2025-02-02 11:00,0.245,0.144,0.146,4.988
2025-02-02 12:00,0.394,0.335,0.132,6.179
2025-02-02 13:00,0.459,0.454,0.097,7.043
2025-02-02 14:00,0.325,0.300,0.086,7.216
2025-02-02 15:00,0.122,0.094,0.061,6.019
2025-02-02 16:00,0,0.004,0.007,4.307
2025-02-02 17:00,0,0,0,4.300
2025-02-02 18:00,0,0,0,4.682
2025-02-02 19:00,0,0,0,4.734
2025-02-02 20:00,0,0,0,4.525
2025-02-02 21:00,0,0,0,4.057
2025-02-02 22:00,0,0,0,3.399
2025-02-02 23:00,0,0,0,2.720
2025-02-03 00:00,0,0,0,2.482
2025-02-03 01:00,0,0,0,2.430
2025-02-03 02:00,0,0,0,2.425
2025-02-03 03:00,0,0,0,2.571
2025-02-03 04:00,0,0,0,2.583
2025-02-03 05:00,0,0,0,2.551
2025-02-03 06:00,0,0,0,2.641
2025-02-03 07:00,0,0,0.001,2.957
2025-02-03 08:00,0.009,0.003,0.024,3.815
2025-02-03 09:00,0.052,0.011,0.067,4.931
2025-02-03 10:00,0.071,0.011,0.088,6.130
2025-02-03 11:00,0.082,0.012,0.100,7.190
2025-02-03 12:00,0.092,0.015,0.109,7.956
2025-02-03 13:00,0.124,0.034,0.126,8.602
2025-02-03 14:00,0.103,0.035,0.102,8.803
2025-02-03 15:00,0.054,0.023,0.058,8.309
2025-02-03 16:00,0.002,0.007,0.010,6.279
2025-02-03 17:00,0,0,0,4.451
2025-02-03 18:00,0,0,0,3.896
2025-02-03 19:00,0,0,0,3.745
2025-02-03 20:00,0,0,0,3.654
2025-02-03 21:00,0,0,0,3.733
2025-02-03 22:00,0,0,0,3.718
2025-02-03 23:00,0,0,0,3.639
2025-02-04 00:00,0,0,0,3.735
2025-02-04 01:00,0,0,0,3.713
2025-02-04 02:00,0,0,0,3.788
2025-02-04 03:00,0,0,0,4.093
2025-02-04 04:00,0,0,0,4.726
2025-02-04 05:00,0,0,0,5.393
2025-02-04 06:00,0,0,0,5.821
2025-02-04 07:00,0,0.001,0.003,6.119
2025-02-04 08:00,0.035,0.017,0.043,6.868
2025-02-04 09:00,0.090,0.030,0.091,7.794
2025-02-04 10:00,0.134,0.042,0.129,8.684
2025-02-04 11:00,0.119,0.025,0.129,9.256
2025-02-04 12:00,0.064,0.007,0.086,9.405
2025-02-04 13:00,0.025,0.002,0.046,9.447
2025-02-04 14:00,0.008,0.001,0.025,9.534
2025-02-04 15:00,0.009,0.002,0.026,9.409
2025-02-04 16:00,0,0.001,0.007,8.534
2025-02-04 17:00,0,0,0,7.179
2025-02-04 18:00,0,0,0,5.970
2025-02-04 19:00,0,0,0,5.141
2025-02-04 20:00,0,0,0,4.560
2025-02-04 21:00,0,0,0,4.016
2025-02-04 22:00,0,0,0,3.553
2025-02-04 23:00,0,0,0,3.395
2025-02-05 00:00,0,0,0,3.087
2025-02-05 01:00,0,0,0,3.018
2025-02-05 02:00,0,0,0,2.935
2025-02-05 03:00,0,0,0,2.629
2025-02-05 04:00,0,0,0,2.447
2025-02-05 05:00,0,0,0,2.403
2025-02-05 06:00,0,0,0,2.353
2025-02-05 07:00,0,0,0.002,2.612
2025-02-05 08:00,0.015,0.005,0.030,3.389
2025-02-05 09:00,0.077,0.021,0.084,4.608
2025-02-05 10:00,0.132,0.040,0.127,5.660
2025-02-05 11:00,0.134,0.034,0.136,6.517
2025-02-05 12:00,0.140,0.035,0.141,7.082
2025-02-05 13:00,0.102,0.021,0.113,7.237
2025-02-05 14:00,0.067,0.013,0.082,7.049
2025-02-05 15:00,0.028,0.007,0.044,6.067
2025-02-05 16:00,0,0.003,0.009,4.279
2025-02-05 17:00,0,0,0,2.970
2025-02-05 18:00,0,0,0,2.134
2025-02-05 19:00,0,0,0,1.321
2025-02-05 20:00,0,0,0,0.659
2025-02-05 21:00,0,0,0,0.013
2025-02-05 22:00,0,0,0,-0.524
2025-02-05 23:00,0,0,0,-0.922
2025-02-06 00:00,0,0,0,-1.087
2025-02-06 01:00,0,0,0,-1.106
2025-02-06 02:00,0,0,0,-0.932
2025-02-06 03:00,0,0,0,-0.255
2025-02-06 04:00,0,0,0,0.211
2025-02-06 05:00,0,0,0,0.209
2025-02-06 06:00,0,0,0,-0.193
2025-02-06 07:00,0,0.001,0.003,-0.575
2025-02-06 08:00,0.043,0.023,0.044,-0.354
2025-02-06 09:00,0.130,0.065,0.095,0.540
2025-02-06 10:00,0.199,0.108,0.128,2.134
2025-02-06 11:00,0.394,0.331,0.131,4.049
2025-02-06 12:00,0.588,0.632,0.084,5.576
2025-02-06 13:00,0.536,0.572,0.076,6.309
2025-02-06 14:00,0.413,0.420,0.070,6.312
2025-02-06 15:00,0.204,0.188,0.057,5.397
2025-02-06 16:00,0.020,0.027,0.014,2.664
2025-02-06 17:00,0,0,0,1.735
2025-02-06 18:00,0,0,0,1.314
2025-02-06 19:00,0,0,0,0.609
2025-02-06 20:00,0,0,0,1.047
2025-02-06 21:00,0,0,0,1.407
2025-02-06 22:00,0,0,0,1.514
2025-02-06 23:00,0,0,0,1.412
2025-02-07 00:00,0,0,0,1.446
2025-02-07 01:00,0,0,0,1.449
2025-02-07 02:00,0,0,0,1.519
2025-02-07 03:00,0,0,0,1.623
2025-02-07 04:00,0,0,0,1.838
2025-02-07 05:00,0,0,0,2.095
2025-02-07 06:00,0,0,0,2.321
2025-02-07 07:00,0,0.001,0.004,2.490
2025-02-07 08:00,0.046,0.022,0.049,2.927
2025-02-07 09:00,0.116,0.047,0.100,3.479
2025-02-07 10:00,0.209,0.104,0.145,3.708
2025-02-07 11:00,0.232,0.111,0.164,3.905
2025-02-07 12:00,0.199,0.077,0.161,4.035
2025-02-07 13:00,0.123,0.031,0.124,3.919
2025-02-07 14:00,0.080,0.018,0.091,3.701
2025-02-07 15:00,0.035,0.008,0.050,3.234
2025-02-07 16:00,0,0.001,0.006,2.640
2025-02-07 17:00,0,0,0,2.268
2025-02-07 18:00,0,0,0,2.040
2025-02-07 19:00,0,0,0,1.874
2025-02-07 20:00,0,0,0,1.739
2025-02-07 21:00,0,0,0,1.548
2025-02-07 22:00,0,0,0,1.311
2025-02-07 23:00,0,0,0,1.183
2025-02-08 00:00,0,0,0,1.060
2025-02-08 01:00,0,0,0,0.956
2025-02-08 02:00,0,0,0,0.870
2025-02-08 03:00,0,0,0,0.835
2025-02-08 04:00,0,0,0,0.933
2025-02-08 05:00,0,0,0,1.070
2025-02-08 06:00,0,0,0,1.098
2025-02-08 07:00,0,0,0.003,1.169
2025-02-08 08:00,0.027,0.008,0.041,1.685
2025-02-08 09:00,0.086,0.022,0.093,2.483
2025-02-08 10:00,0.118,0.026,0.124,3.356
2025-02-08 11:00,0.099,0.014,0.115,3.891
2025-02-08 12:00,0.068,0.006,0.089,4.072
2025-02-08 13:00,0.052,0.004,0.074,4.114
2025-02-08 14:00,0.035,0.003,0.055,4.045
2025-02-08 15:00,0.012,0.002,0.030,3.835
2025-02-08 16:00,0,0,0.005,3.416
2025-02-08 17:00,0,0,0,3.164
2025-02-08 18:00,0,0,0,3.124
2025-02-08 19:00,0,0,0,3.102
2025-02-08 20:00,0,0,0,3.100
2025-02-08 21:00,0,0,0,3.096
2025-02-08 22:00,0,0,0,3.185
2025-02-08 23:00,0,0,0,3.262
2025-02-09 00:00,0,0,0,3.296
2025-02-09 01:00,0,0,0,3.196
2025-02-09 02:00,0,0,0,3.061
2025-02-09 03:00,0,0,0,3.040
2025-02-09 04:00,0,0,0,3.016
2025-02-09 05:00,0,0,0,2.946
2025-02-09 06:00,0,0,0,2.802
2025-02-09 07:00,0,0,0.003,2.924
2025-02-09 08:00,0.019,0.005,0.034,3.578
2025-02-09 09:00,0.042,0.006,0.061,4.597
2025-02-09 10:00,0.054,0.007,0.074,5.443
2025-02-09 11:00,0.118,0.024,0.128,6.280
2025-02-09 12:00,0.222,0.097,0.170,7.286
2025-02-09 13:00,0.282,0.180,0.156,7.922
2025-02-09 14:00,0.233,0.157,0.124,7.940
2025-02-09 15:00,0.107,0.062,0.078,7.245
2025-02-09 16:00,0.002,0.004,0.013,5.993
2025-02-09 17:00,0,0,0,5.058
2025-02-09 18:00,0,0,0,4.649
2025-02-09 19:00,0,0,0,4.386
2025-02-09 20:00,0,0,0,4.206
2025-02-09 21:00,0,0,0,4.078
2025-02-09 22:00,0,0,0,3.921
2025-02-09 23:00,0,0,0,3.523
2025-02-10 00:00,0,0,0,3.012
2025-02-10 01:00,0,0,0,2.780
2025-02-10 02:00,0,0,0,2.748
2025-02-10 03:00,0,0,0,2.860
2025-02-10 04:00,0,0,0,2.957
2025-02-10 05:00,0,0,0,2.922
2025-02-10 06:00,0,0,0,2.762
2025-02-10 07:00,0,0,0.003,2.628
2025-02-10 08:00,0.013,0.003,0.029,2.746
2025-02-10 09:00,0.044,0.006,0.063,3.017
2025-02-10 10:00,0.069,0.008,0.088,3.336
2025-02-10 11:00,0.085,0.010,0.103,3.772
2025-02-10 12:00,0.129,0.024,0.138,4.399
2025-02-10 13:00,0.144,0.037,0.142,4.875
2025-02-10 14:00,0.112,0.031,0.113,4.881
2025-02-10 15:00,0.049,0.013,0.062,4.338
2025-02-10 16:00,0.001,0.003,0.013,3.528
2025-02-10 17:00,0,0,0,2.971
2025-02-10 18:00,0,0,0,2.670
2025-02-10 19:00,0,0,0,2.442
2025-02-10 20:00,0,0,0,2.258
2025-02-10 21:00,0,0,0,2.059
2025-02-10 22:00,0,0,0,1.827
2025-02-10 23:00,0,0,0,1.797
2025-02-11 00:00,0,0,0,2.010
2025-02-11 01:00,0,0,0,2.193
2025-02-11 02:00,0,0,0,2.317
2025-02-11 03:00,0,0,0,2.414
2025-02-11 04:00,0,0,0,2.427
2025-02-11 05:00,0,0,0,2.296
2025-02-11 06:00,0,0,0,2.155
2025-02-11 07:00,0,0.001,0.005,2.141
2025-02-11 08:00,0.035,0.011,0.047,2.649
2025-02-11 09:00,0.115,0.039,0.108,3.439
2025-02-11 10:00,0.170,0.059,0.147,4.316
2025-02-11 11:00,0.148,0.036,0.147,4.851
2025-02-11 12:00,0.127,0.024,0.137,5.105
2025-02-11 13:00,0.101,0.017,0.115,5.166
2025-02-11 14:00,0.070,0.012,0.087,5.013
2025-02-11 15:00,0.044,0.010,0.059,4.604
2025-02-11 16:00,0.002,0.003,0.014,3.487
2025-02-11 17:00,0,0,0,2.406
2025-02-11 18:00,0,0,0,2.226
2025-02-11 19:00,0,0,0,2.176
2025-02-11 20:00,0,0,0,2.219
2025-02-11 21:00,0,0,0,2.108
2025-02-11 22:00,0,0,0,1.854
2025-02-11 23:00,0,0,0,1.518
2025-02-12 00:00,0,0,0,1.333
2025-02-12 01:00,0,0,0,1.235
2025-02-12 02:00,0,0,0,1.215
2025-02-12 03:00,0,0,0,1.229
2025-02-12 04:00,0,0,0,1.103
2025-02-12 05:00,0,0,0,1.030
2025-02-12 06:00,0,0,0,0.920
2025-02-12 07:00,0,0.003,0.008,0.901
2025-02-12 08:00,0.057,0.026,0.057,2.037
2025-02-12 09:00,0.149,0.073,0.110,3.227
2025-02-12 10:00,0.304,0.212,0.145,4.641
2025-02-12 11:00,0.413,0.339,0.150,5.564
2025-02-12 12:00,0.349,0.250,0.162,5.965
2025-02-12 13:00,0.302,0.205,0.152,6.078
2025-02-12 14:00,0.222,0.139,0.126,5.890
2025-02-12 15:00,0.082,0.037,0.074,5.298
2025-02-12 16:00,0.009,0.008,0.019,3.512
2025-02-12 17:00,0,0,0,2.173
2025-02-12 18:00,0,0,0,1.700
2025-02-12 19:00,0,0,0,1.177
2025-02-12 20:00,0,0,0,0.471
2025-02-12 21:00,0,0,0,0.217
2025-02-12 22:00,0,0,0,0.051
2025-02-12 23:00,0,0,0,-0.041
2025-02-13 00:00,0,0,0,0.120
2025-02-13 01:00,0,0,0,0.097
2025-02-13 02:00,0,0,0,-0.104
2025-02-13 03:00,0,0,0,-0.455
2025-02-13 04:00,0,0,0,-0.522
2025-02-13 05:00,0,0,0,-0.718
2025-02-13 06:00,0,0,0,-1.073
2025-02-13 07:00,0.008,0.014,0.012,-1.174
2025-02-13 08:00,0.198,0.174,0.059,0.497
2025-02-13 09:00,0.416,0.410,0.073,1.965
2025-02-13 10:00,0.542,0.566,0.080,3.498
2025-02-13 11:00,0.570,0.592,0.093,4.245
2025-02-13 12:00,0.537,0.538,0.105,4.665
2025-02-13 13:00,0.467,0.448,0.106,4.781
2025-02-13 14:00,0.372,0.343,0.094,4.574
2025-02-13 15:00,0.144,0.100,0.077,3.888
2025-02-13 16:00,0.011,0.010,0.019,2.463
2025-02-13 17:00,0,0,0,1.596
2025-02-13 18:00,0,0,0,1.249
2025-02-13 19:00,0,0,0,0.758
2025-02-13 20:00,0,0,0,0.129
2025-02-13 21:00,0,0,0,-0.558
2025-02-13 22:00,0,0,0,-1.143
2025-02-13 23:00,0,0,0,-1.844
2025-02-14 00:00,0,0,0,-2.452
2025-02-14 01:00,0,0,0,-2.558
2025-02-14 02:00,0,0,0,-2.517
2025-02-14 03:00,0,0,0,-2.163
2025-02-14 04:00,0,0,0,-1.688
2025-02-14 05:00,0,0,0,-1.374
2025-02-14 06:00,0,0,0,-1.238
2025-02-14 07:00,0,0.002,0.009,-0.991
2025-02-14 08:00,0.049,0.016,0.057,-0.168
2025-02-14 09:00,0.122,0.041,0.111,1.027
2025-02-14 10:00,0.173,0.059,0.149,2.318
2025-02-14 11:00,0.198,0.067,0.169,2.983
2025-02-14 12:00,0.212,0.078,0.174,3.349
2025-02-14 13:00,0.236,0.111,0.168,3.725
2025-02-14 14:00,0.186,0.088,0.135,3.839
2025-02-14 15:00,0.094,0.040,0.084,3.502
2025-02-14 16:00,0.007,0.004,0.020,2.335
2025-02-14 17:00,0,0,0,1.733
2025-02-14 18:00,0,0,0,1.767
2025-02-14 19:00,0,0,0,1.734
2025-02-14 20:00,0,0,0,1.676
2025-02-14 21:00,0,0,0,1.438
2025-02-14 22:00,0,0,0,1.148
2025-02-14 23:00,0,0,0,1.032
2025-02-15 00:00,0,0,0,0.965
2025-02-15 01:00,0,0,0,0.992
2025-02-15 02:00,0,0,0,1.071
2025-02-15 03:00,0,0,0,1.090
2025-02-15 04:00,0,0,0,1.093
2025-02-15 05:00,0,0,0,1.120
2025-02-15 06:00,0,0,0,1.168
2025-02-15 07:00,0,0,0.003,1.272
2025-02-15 08:00,0.002,0.001,0.017,1.606
2025-02-15 09:00,0.016,0.001,0.034,2.135
2025-02-15 10:00,0.033,0.002,0.054,2.708
2025-02-15 11:00,0.051,0.003,0.074,3.107
2025-02-15 12:00,0.068,0.005,0.090,3.347
2025-02-15 13:00,0.071,0.006,0.093,3.544
2025-02-15 14:00,0.057,0.005,0.078,3.636
2025-02-15 15:00,0.032,0.004,0.052,3.535
2025-02-15 16:00,0,0.001,0.011,3.086
2025-02-15 17:00,0,0,0,2.639
2025-02-15 18:00,0,0,0,2.676
2025-02-15 19:00,0,0,0,2.554
2025-02-15 20:00,0,0,0,2.370
2025-02-15 21:00,0,0,0,2.098
2025-02-15 22:00,0,0,0,1.795
2025-02-15 23:00,0,0,0,1.492
2025-02-16 00:00,0,0,0,1.231
2025-02-16 01:00,0,0,0,1.017
2025-02-16 02:00,0,0,0,0.792
2025-02-16 03:00,0,0,0,0.636
2025-02-16 04:00,0,0,0,0.509
2025-02-16 05:00,0,0,0,0.427
2025-02-16 06:00,0,0,0,0.343
2025-02-16 07:00,0,0.002,0.010,0.231
2025-02-16 08:00,0.063,0.023,0.065,0.825
2025-02-16 09:00,0.188,0.096,0.129,2.049
2025-02-16 10:00,0.239,0.117,0.164,3.115
2025-02-16 11:00,0.225,0.089,0.178,3.726
2025-02-16 12:00,0.224,0.085,0.181,4.163
2025-02-16 13:00,0.191,0.067,0.163,4.378
2025-02-16 14:00,0.124,0.035,0.122,4.263
2025-02-16 15:00,0.057,0.014,0.069,3.854
2025-02-16 16:00,0.009,0.004,0.022,2.749
2025-02-16 17:00,0,0,0,1.396
2025-02-16 18:00,0,0,0,0.858
2025-02-16 19:00,0,0,0,0.127
2025-02-16 20:00,0,0,0,-0.731
2025-02-16 21:00,0,0,0,-1.530
2025-02-16 22:00,0,0,0,-2.228
2025-02-16 23:00,0,0,0,-2.845
2025-02-17 00:00,0,0,0,-3.064
2025-02-17 01:00,0,0,0,-3.020
2025-02-17 02:00,0,0,0,-2.784
2025-02-17 03:00,0,0,0,-2.516
2025-02-17 04:00,0,0,0,-2.412
2025-02-17 05:00,0,0,0,-2.356
2025-02-17 06:00,0,0,0,-2.337
2025-02-17 07:00,0.012,0.014,0.016,-2.088
2025-02-17 08:00,0.166,0.126,0.072,-0.685
2025-02-17 09:00,0.337,0.288,0.101,1.004
2025-02-17 10:00,0.438,0.394,0.118,2.641
2025-02-17 11:00,0.536,0.526,0.114,3.801
2025-02-17 12:00,0.596,0.625,0.097,4.628
2025-02-17 13:00,0.578,0.616,0.084,5.142
2025-02-17 14:00,0.436,0.431,0.085,5.145
2025-02-17 15:00,0.215,0.178,0.079,4.454
2025-02-17 16:00,0.044,0.035,0.033,2.176
2025-02-17 17:00,0,0,0,0.079
2025-02-17 18:00,0,0,0,-0.099
2025-02-17 19:00,0,0,0,-0.482
2025-02-17 20:00,0,0,0,-1.246
2025-02-17 21:00,0,0,0,-1.994
2025-02-17 22:00,0,0,0,-2.322
2025-02-17 23:00,0,0,0,-2.281
2025-02-18 00:00,0,0,0,-2.195
2025-02-18 01:00,0,0,0,-2.118
2025-02-18 02:00,0,0,0,-2.022
2025-02-18 03:00,0,0,0,-2.130
2025-02-18 04:00,0,0,0,-2.566
2025-02-18 05:00,0,0,0,-2.606
2025-02-18 06:00,0,0,0,-2.339
2025-02-18 07:00,0.018,0.019,0.018,-1.971
2025-02-18 08:00,0.220,0.187,0.069,-0.501
2025-02-18 09:00,0.401,0.375,0.089,1.427
2025-02-18 10:00,0.417,0.361,0.127,3.117
2025-02-18 11:00,0.407,0.325,0.153,4.201
2025-02-18 12:00,0.436,0.367,0.149,5.012
2025-02-18 13:00,0.450,0.409,0.125,5.538
2025-02-18 14:00,0.407,0.384,0.096,5.645
2025-02-18 15:00,0.258,0.230,0.075,5.043
2025-02-18 16:00,0.054,0.044,0.036,3.010
2025-02-18 17:00,0,0,0,1.427
2025-02-18 18:00,0,0,0,1.217
2025-02-18 19:00,0,0,0,0.723
2025-02-18 20:00,0,0,0,0.339
2025-02-18 21:00,0,0,0,0.073
2025-02-18 22:00,0,0,0,-0.119
2025-02-18 23:00,0,0,0,-0.264
2025-02-19 00:00,0,0,0,-0.370
2025-02-19 01:00,0,0,0,-0.415
2025-02-19 02:00,0,0,0,-0.522
2025-02-19 03:00,0,0,0,-0.612
2025-02-19 04:00,0,0,0,-0.614
2025-02-19 05:00,0,0,0,-0.582
2025-02-19 06:00,0,0,0,-0.551
2025-02-19 07:00,0.001,0.002,0.014,-0.340
2025-02-19 08:00,0.028,0.004,0.045,0.422
2025-02-19 09:00,0.047,0.005,0.067,1.161
2025-02-19 10:00,0.073,0.007,0.093,2.119
2025-02-19 11:00,0.166,0.033,0.169,3.775
2025-02-19 12:00,0.144,0.024,0.155,5.111
2025-02-19 13:00,0.094,0.011,0.114,5.911
2025-02-19 14:00,0.072,0.008,0.092,6.478
2025-02-19 15:00,0.048,0.007,0.067,6.799
2025-02-19 16:00,0.006,0.002,0.022,6.642
2025-02-19 17:00,0,0,0,6.655
2025-02-19 18:00,0,0,0,7.085
2025-02-19 19:00,0,0,0,7.319
2025-02-19 20:00,0,0,0,7.092
2025-02-19 21:00,0,0,0,6.839
2025-02-19 22:00,0,0,0,6.752
2025-02-19 23:00,0,0,0,6.943
2025-02-20 00:00,0,0,0,7.200
2025-02-20 01:00,0,0,0,7.865
2025-02-20 02:00,0,0,0,8.382
2025-02-20 03:00,0,0,0,8.816
2025-02-20 04:00,0,0,0,8.770
2025-02-20 05:00,0,0,0,8.896
2025-02-20 06:00,0,0,0,9.844
2025-02-20 07:00,0,0,0.004,10.061
2025-02-20 08:00,0.010,0.001,0.028,10.374
2025-02-20 09:00,0.072,0.010,0.093,11.241
2025-02-20 10:00,0.049,0.004,0.072,11.532
2025-02-20 11:00,0.123,0.018,0.143,12.087
2025-02-20 12:00,0.161,0.034,0.170,12.785
2025-02-20 13:00,0.162,0.042,0.164,13.359
2025-02-20 14:00,0.151,0.049,0.145,13.691
2025-02-20 15:00,0.080,0.023,0.091,13.495
2025-02-20 16:00,0.010,0.003,0.026,12.856
2025-02-20 17:00,0,0,0,12.033
2025-02-20 18:00,0,0,0,11.428
2025-02-20 19:00,0,0,0,10.697
2025-02-20 20:00,0,0,0,9.873
2025-02-20 21:00,0,0,0,9.304
2025-02-20 22:00,0,0,0,9.326
2025-02-20 23:00,0,0,0,9.400
2025-02-21 00:00,0,0,0,9.659
2025-02-21 01:00,0,0,0,9.791
2025-02-21 02:00,0,0,0,9.938
2025-02-21 03:00,0,0,0,10.108
2025-02-21 04:00,0,0,0,10.287
2025-02-21 05:00,0,0,0,10.361
2025-02-21 06:00,0,0,0,10.921
2025-02-21 07:00,0.003,0.003,0.016,11.473
2025-02-21 08:00,0.095,0.043,0.086,12.141
2025-02-21 09:00,0.149,0.061,0.130,12.798
2025-02-21 10:00,0.293,0.183,0.176,13.770
2025-02-21 11:00,0.335,0.223,0.189,14.370
2025-02-21 12:00,0.449,0.380,0.177,14.685
2025-02-21 13:00,0.193,0.071,0.172,14.333
2025-02-21 14:00,0.087,0.016,0.105,13.601
2025-02-21 15:00,0.073,0.019,0.086,13.121
2025-02-21 16:00,0.014,0.005,0.030,12.450
2025-02-21 17:00,0,0,0,11.647
2025-02-21 18:00,0,0,0,11.014
2025-02-21 19:00,0,0,0,10.502
2025-02-21 20:00,0,0,0,10.301
2025-02-21 21:00,0,0,0,10.059
2025-02-21 22:00,0,0,0,9.681
2025-02-21 23:00,0,0,0,9.377
2025-02-22 00:00,0,0,0,9.000
2025-02-22 01:00,0,0,0,8.527
2025-02-22 02:00,0,0,0,8.166
2025-02-22 03:00,0,0,0,7.855
2025-02-22 04:00,0,0,0,7.554
2025-02-22 05:00,0,0,0,7.292
2025-02-22 06:00,0,0,0,7.091
2025-02-22 07:00,0.003,0.003,0.016,7.086
2025-02-22 08:00,0.045,0.011,0.059,7.545
2025-02-22 09:00,0.109,0.032,0.111,8.360
2025-02-22 10:00,0.313,0.210,0.167,9.703
2025-02-22 11:00,0.474,0.430,0.150,11.064
2025-02-22 12:00,0.525,0.521,0.132,11.995
2025-02-22 13:00,0.551,0.587,0.103,12.510
2025-02-22 14:00,0.455,0.469,0.091,12.478
2025-02-22 15:00,0.288,0.273,0.078,11.893
2025-02-22 16:00,0.084,0.071,0.045,10.154
2025-02-22 17:00,0,0,0.001,7.468
2025-02-22 18:00,0,0,0,6.453
2025-02-22 19:00,0,0,0,6.003
2025-02-22 20:00,0,0,0,5.500
2025-02-22 21:00,0,0,0,5.464
2025-02-22 22:00,0,0,0,5.797
2025-02-22 23:00,0,0,0,5.889
2025-02-23 00:00,0,0,0,5.739
2025-02-23 01:00,0,0,0,5.571
2025-02-23 02:00,0,0,0,5.498
2025-02-23 03:00,0,0,0,5.353
2025-02-23 04:00,0,0,0,5.421
2025-02-23 05:00,0,0,0,5.764
2025-02-23 06:00,0,0,0,6.224
2025-02-23 07:00,0,0,0.008,6.718
2025-02-23 08:00,0.012,0.001,0.031,7.448
2025-02-23 09:00,0.031,0.002,0.053,8.138
2025-02-23 10:00,0.055,0.004,0.079,8.790
2025-02-23 11:00,0.142,0.019,0.162,9.868
2025-02-23 12:00,0.113,0.011,0.138,10.472
2025-02-23 13:00,0.044,0.002,0.068,10.372
2025-02-23 14:00,0.032,0.002,0.055,10.200
2025-02-23 15:00,0.018,0.001,0.038,10.133
2025-02-23 16:00,0,0,0.014,10.027
2025-02-23 17:00,0,0,0,9.990
2025-02-23 18:00,0,0,0,10.036
2025-02-23 19:00,0,0,0,10.136
2025-02-23 20:00,0,0,0,10.207
2025-02-23 21:00,0,0,0,10.277
2025-02-23 22:00,0,0,0,10.213
2025-02-23 23:00,0,0,0,10.059
2025-02-24 00:00,0,0,0,9.808
2025-02-24 01:00,0,0,0,9.397
2025-02-24 02:00,0,0,0,8.736
2025-02-24 03:00,0,0,0,8.218
2025-02-24 04:00,0,0,0,7.734
2025-02-24 05:00,0,0,0,7.277
2025-02-24 06:00,0,0,0,7.005
2025-02-24 07:00,0.006,0.004,0.020,7.000
2025-02-24 08:00,0.078,0.026,0.082,7.524
2025-02-24 09:00,0.124,0.035,0.124,8.471
2025-02-24 10:00,0.171,0.051,0.161,9.510
2025-02-24 11:00,0.227,0.084,0.192,10.359
2025-02-24 12:00,0.254,0.111,0.198,10.912
2025-02-24 13:00,0.314,0.196,0.184,11.319
2025-02-24 14:00,0.336,0.265,0.141,11.391
2025-02-24 15:00,0.226,0.173,0.103,10.843
2025-02-24 16:00,0.071,0.049,0.052,9.235
2025-02-24 17:00,0,0.001,0.002,7.000
2025-02-24 18:00,0,0,0,6.361
2025-02-24 19:00,0,0,0,6.052
2025-02-24 20:00,0,0,0,5.843
2025-02-24 21:00,0,0,0,5.901
2025-02-24 22:00,0,0,0,5.813
2025-02-24 23:00,0,0,0,5.784
2025-02-25 00:00,0,0,0,5.760
2025-02-25 01:00,0,0,0,5.814
2025-02-25 02:00,0,0,0,5.751
2025-02-25 03:00,0,0,0,5.361
2025-02-25 04:00,0,0,0,4.717
2025-02-25 05:00,0,0,0,3.818
2025-02-25 06:00,0,0,0,3.508
2025-02-25 07:00,0.019,0.014,0.026,3.686
2025-02-25 08:00,0.206,0.161,0.085,4.886
2025-02-25 09:00,0.463,0.471,0.082,6.752
2025-02-25 10:00,0.579,0.626,0.087,8.267
2025-02-25 11:00,0.634,0.704,0.092,9.245
2025-02-25 12:00,0.623,0.683,0.098,9.733
2025-02-25 13:00,0.552,0.580,0.102,9.886
2025-02-25 14:00,0.433,0.424,0.100,9.758
2025-02-25 15:00,0.274,0.244,0.085,9.247
2025-02-25 16:00,0.083,0.064,0.050,7.673
2025-02-25 17:00,0,0.001,0.003,5.114
2025-02-25 18:00,0,0,0,4.272
2025-02-25 19:00,0,0,0,3.685
2025-02-25 20:00,0,0,0,3.214
2025-02-25 21:00,0,0,0,2.898
2025-02-25 22:00,0,0,0,2.794
2025-02-25 23:00,0,0,0,3.072
2025-02-26 00:00,0,0,0,3.048
2025-02-26 01:00,0,0,0,3.030
2025-02-26 02:00,0,0,0,2.912
2025-02-26 03:00,0,0,0,2.735
2025-02-26 04:00,0,0,0,2.918
2025-02-26 05:00,0,0,0,3.192
2025-02-26 06:00,0,0,0,3.332
2025-02-26 07:00,0,0.001,0.010,2.808
2025-02-26 08:00,0.019,0.002,0.038,2.622
2025-02-26 09:00,0.032,0.003,0.053,3.292
2025-02-26 10:00,0.073,0.007,0.094,4.621
2025-02-26 11:00,0.154,0.029,0.162,6.244
2025-02-26 12:00,0.357,0.214,0.212,8.009
2025-02-26 13:00,0.438,0.360,0.169,8.910
2025-02-26 14:00,0.382,0.321,0.138,8.893
2025-02-26 15:00,0.236,0.174,0.110,8.229
2025-02-26 16:00,0.071,0.042,0.057,6.810
2025-02-26 17:00,0,0.001,0.003,5.118
2025-02-26 18:00,0,0,0,4.319
2025-02-26 19:00,0,0,0,3.810
2025-02-26 20:00,0,0,0,3.575
2025-02-26 21:00,0,0,0,3.725
2025-02-26 22:00,0,0,0,4.175
2025-02-26 23:00,0,0,0,4.477
2025-02-27 00:00,0,0,0,4.631
2025-02-27 01:00,0,0,0,4.450
2025-02-27 02:00,0,0,0,4.103
2025-02-27 03:00,0,0,0,3.571
2025-02-27 04:00,0,0,0,3.009
2025-02-27 05:00,0,0,0,2.312
2025-02-27 06:00,0,-0,0,1.894
2025-02-27 07:00,0.016,0.008,0.027,2.200
2025-02-27 08:00,0.092,0.038,0.084,2.965
2025-02-27 09:00,0.366,0.313,0.116,4.550
2025-02-27 10:00,0.619,0.680,0.082,6.340
2025-02-27 11:00,0.671,0.759,0.084,7.762
2025-02-27 12:00,0.664,0.748,0.088,8.611
2025-02-27 13:00,0.598,0.651,0.091,8.917
2025-02-27 14:00,0.492,0.513,0.085,8.861
2025-02-27 15:00,0.335,0.326,0.074,8.367
2025-02-27 16:00,0.113,0.095,0.052,6.920
2025-02-27 17:00,0,0.003,0.004,4.149
2025-02-27 18:00,0,0,0,3.198
2025-02-27 19:00,0,0,0,2.471
2025-02-27 20:00,0,0,0,1.717
2025-02-27 21:00,0,0,0,1.231
2025-02-27 22:00,0,0,0,1.447
2025-02-27 23:00,0,0,0,2.194
2025-02-28 00:00,0,0,0,2.376
2025-02-28 01:00,0,0,0,2.306
2025-02-28 02:00,0,0,0,2.039
2025-02-28 03:00,0,0,0,1.775
2025-02-28 04:00,0,0,0,1.545
2025-02-28 05:00,0,0,0,1.383
2025-02-28 06:00,0,0,0,1.338
2025-02-28 07:00,0.006,0.003,0.021,1.528
2025-02-28 08:00,0.048,0.009,0.064,1.994
2025-02-28 09:00,0.107,0.022,0.115,2.747
2025-02-28 10:00,0.161,0.043,0.154,4.250
2025-02-28 11:00,0.449,0.352,0.183,6.279
2025-02-28 12:00,0.584,0.586,0.133,8.160
2025-02-28 13:00,0.562,0.576,0.116,8.938
2025-02-28 14:00,0.450,0.433,0.110,8.992
2025-02-28 15:00,0.298,0.265,0.092,8.682
2025-02-28 16:00,0.115,0.092,0.057,7.657
2025-02-28 17:00,0,0.003,0.005,5.784
2025-02-28 18:00,0,0,0,4.593
2025-02-28 19:00,0,0,0,3.614
2025-02-28 20:00,0,0,0,2.600
2025-02-28 21:00,0,0,0,1.756
2025-02-28 22:00,0,0,0,1.033
2025-02-28 23:00,0,0,0,0.352
2025-03-01 00:00,0,0,0,-0.248
2025-03-01 01:00,0,0,0,-0.738
2025-03-01 02:00,0,0,0,-1.084
2025-03-01 03:00,0,0,0,-1.234
2025-03-01 04:00,0,0,0,-1.181
2025-03-01 05:00,0,0,0,-0.909
2025-03-01 06:00,0,0,0.001,-0.723
2025-03-01 07:00,0.038,0.022,0.039,-0.184
2025-03-01 08:00,0.133,0.069,0.095,1.179
2025-03-01 09:00,0.306,0.226,0.131,3.099
2025-03-01 10:00,0.575,0.598,0.099,5.751
2025-03-01 11:00,0.684,0.784,0.081,8.488
2025-03-01 12:00,0.689,0.799,0.080,9.660
2025-03-01 13:00,0.639,0.728,0.078,10.112
2025-03-01 14:00,0.528,0.575,0.075,10.180
2025-03-01 15:00,0.346,0.344,0.073,9.758
2025-03-01 16:00,0.123,0.104,0.055,8.232
2025-03-01 17:00,0,0.004,0.006,6.091
2025-03-01 18:00,0,0,0,4.964
2025-03-01 19:00,0,0,0,3.881
2025-03-01 20:00,0,0,0,3.165
2025-03-01 21:00,0,0,0,2.910
2025-03-01 22:00,0,0,0,2.690
2025-03-01 23:00,0,0,0,2.534
2025-03-02 00:00,0,0,0,2.718
2025-03-02 01:00,0,0,0,2.677
2025-03-02 02:00,0,0,0,2.241
2025-03-02 03:00,0,0,0,1.944
2025-03-02 04:00,0,0,0,1.641
2025-03-02 05:00,0,0,0,1.118
2025-03-02 06:00,0,0.001,0.001,0.356
2025-03-02 07:00,0.134,0.127,0.037,0.554
2025-03-02 08:00,0.355,0.357,0.056,2.773
2025-03-02 09:00,0.531,0.572,0.063,4.511
2025-03-02 10:00,0.641,0.731,0.068,7.635
2025-03-02 11:00,0.697,0.816,0.071,8.856
2025-03-02 12:00,0.701,0.824,0.071,9.494
2025-03-02 13:00,0.650,0.750,0.070,9.793
2025-03-02 14:00,0.544,0.604,0.067,9.735
2025-03-02 15:00,0.381,0.398,0.060,9.248
2025-03-02 16:00,0.167,0.161,0.046,7.379
2025-03-02 17:00,0.001,0.010,0.007,4.588
2025-03-02 18:00,0,0,0,3.204
2025-03-02 19:00,0,0,0,2.083
2025-03-02 20:00,0,0,0,1.210
2025-03-02 21:00,0,0,0,0.612
2025-03-02 22:00,0,0,0,0.211
2025-03-02 23:00,0,0,0,-0.388
2025-03-03 00:00,0,0,0,-1.105
2025-03-03 01:00,0,0,0,-1.627
2025-03-03 02:00,0,0,0,-1.857
2025-03-03 03:00,0,0,0,-1.856
2025-03-03 04:00,0,0,0,-1.869
2025-03-03 05:00,0,0,0,-1.978
2025-03-03 06:00,0,0.001,0.002,-1.994
2025-03-03 07:00,0.128,0.118,0.040,0.273
2025-03-03 08:00,0.330,0.319,0.065,2.856
2025-03-03 09:00,0.505,0.530,0.073,5.110
2025-03-03 10:00,0.609,0.674,0.081,8.255
2025-03-03 11:00,0.661,0.755,0.084,10.271
2025-03-03 12:00,0.668,0.771,0.083,11.322
2025-03-03 13:00,0.628,0.719,0.079,11.856
2025-03-03 14:00,0.525,0.578,0.074,11.919
2025-03-03 15:00,0.361,0.370,0.068,11.533
2025-03-03 16:00,0.145,0.130,0.053,10.184
2025-03-03 17:00,0,0.007,0.008,8.538
2025-03-03 18:00,0,0,0,8.004
2025-03-03 19:00,0,0,0,7.517
2025-03-03 20:00,0,0,0,7.260
2025-03-03 21:00,0,0,0,7.247
2025-03-03 22:00,0,0,0,7.252
2025-03-03 23:00,0,0,0,6.384
2025-03-04 00:00,0,0,0,4.955
2025-03-04 01:00,0,0,0,3.418
2025-03-04 02:00,0,0,0,2.488
2025-03-04 03:00,0,0,0,1.880
2025-03-04 04:00,0,0,0,1.340
2025-03-04 05:00,0,0,0,0.702
2025-03-04 06:00,0,0,0.002,0.663
2025-03-04 07:00,0.028,0.011,0.038,1.836
2025-03-04 08:00,0.069,0.018,0.078,2.931
2025-03-04 09:00,0.205,0.101,0.145,4.302
2025-03-04 10:00,0.581,0.608,0.104,7.210
2025-03-04 11:00,0.701,0.817,0.079,9.313
2025-03-04 12:00,0.705,0.829,0.078,10.346
2025-03-04 13:00,0.655,0.757,0.076,10.835
2025-03-04 14:00,0.551,0.611,0.072,10.790
2025-03-04 15:00,0.391,0.407,0.065,10.264
2025-03-04 16:00,0.176,0.166,0.051,8.376
2025-03-04 17:00,0.004,0.012,0.009,5.009
2025-03-04 18:00,0,0,0,3.676
2025-03-04 19:00,0,0,0,2.917
2025-03-04 20:00,0,0,0,1.932
2025-03-04 21:00,0,0,0,1.198
2025-03-04 22:00,0,0,0,0.615
2025-03-04 23:00,0,0,0,0.072
2025-03-05 00:00,0,0,0,-0.084
2025-03-05 01:00,0,0,0,-0.053
2025-03-05 02:00,0,0,0,-0.121
2025-03-05 03:00,0,0,0,0.139
2025-03-05 04:00,0,0,0,0.456
2025-03-05 05:00,0,0,0,0.541
2025-03-05 06:00,0,0,0.001,0.580
2025-03-05 07:00,0.020,0.007,0.033,1.008
2025-03-05 08:00,0.218,0.157,0.100,2.290
2025-03-05 09:00,0.504,0.519,0.082,4.475
2025-03-05 10:00,0.656,0.744,0.072,7.055
2025-03-05 11:00,0.708,0.830,0.075,9.216
2025-03-05 12:00,0.707,0.836,0.076,10.706
2025-03-05 13:00,0.656,0.763,0.075,11.638
2025-03-05 14:00,0.551,0.617,0.071,11.882
2025-03-05 15:00,0.389,0.408,0.065,11.466
2025-03-05 16:00,0.176,0.166,0.052,9.761
2025-03-05 17:00,0.006,0.013,0.010,6.531
2025-03-05 18:00,0,0,0,5.433
2025-03-05 19:00,0,0,0,5.031
2025-03-05 20:00,0,0,0,4.556
2025-03-05 21:00,0,0,0,4.026
2025-03-05 22:00,0,0,0,3.454
2025-03-05 23:00,0,0,0,2.904
2025-03-06 00:00,0,0,0,2.521
2025-03-06 01:00,0,0,0,2.486
2025-03-06 02:00,0,0,0,2.786
2025-03-06 03:00,0,0,0,2.615
2025-03-06 04:00,0,0,0,2.544
2025-03-06 05:00,0,0,0,2.370
2025-03-06 06:00,0,0,0.002,2.417
2025-03-06 07:00,0.028,0.010,0.040,3.449
2025-03-06 08:00,0.214,0.151,0.105,5.299
2025-03-06 09:00,0.514,0.539,0.083,7.713
2025-03-06 10:00,0.625,0.702,0.085,10.541
2025-03-06 11:00,0.676,0.785,0.089,12.752
2025-03-06 12:00,0.673,0.787,0.091,14.435
2025-03-06 13:00,0.611,0.693,0.094,15.004
2025-03-06 14:00,0.479,0.496,0.103,14.861
2025-03-06 15:00,0.239,0.178,0.118,13.868
2025-03-06 16:00,0.044,0.015,0.057,12.120
2025-03-06 17:00,0,0.001,0.006,10.460
2025-03-06 18:00,0,0,0,9.515
2025-03-06 19:00,0,0,0,9.055
2025-03-06 20:00,0,0,0,8.725
2025-03-06 21:00,0,0,0,8.496
2025-03-06 22:00,0,0,0,7.952
2025-03-06 23:00,0,0,0,7.716
2025-03-07 00:00,0,0,0,7.494
2025-03-07 01:00,0,0,0,7.049
2025-03-07 02:00,0,0,0,6.727
2025-03-07 03:00,0,0,0,6.566
2025-03-07 04:00,0,0,0,6.500
2025-03-07 05:00,0,0,0,6.444
2025-03-07 06:00,0,0,0.002,6.413
2025-03-07 07:00,0.010,0.002,0.027,6.894
2025-03-07 08:00,0.054,0.007,0.074,7.941
2025-03-07 09:00,0.112,0.018,0.130,9.408
2025-03-07 10:00,0.162,0.031,0.173,10.960
2025-03-07 11:00,0.217,0.057,0.212,12.435
2025-03-07 12:00,0.277,0.103,0.236,13.721
2025-03-07 13:00,0.227,0.071,0.210,14.329
2025-03-07 14:00,0.160,0.039,0.165,14.372
2025-03-07 15:00,0.103,0.023,0.117,13.931
2025-03-07 16:00,0.039,0.008,0.057,12.915
2025-03-07 17:00,0,0.001,0.009,11.469
2025-03-07 18:00,0,0,0,10.600
2025-03-07 19:00,0,0,0,10.126
2025-03-07 20:00,0,0,0,9.671
2025-03-07 21:00,0,0,0,9.267
2025-03-07 22:00,0,0,0,8.543
2025-03-07 23:00,0,0,0,8.019
2025-03-08 00:00,0,0,0,7.370
2025-03-08 01:00,0,0,0,6.637
2025-03-08 02:00,0,0,0,5.718
2025-03-08 03:00,0,0,0,5.328
2025-03-08 04:00,0,0,0,5.103
2025-03-08 05:00,0,0,0,5.069
2025-03-08 06:00,0,0.001,0.005,4.985
2025-03-08 07:00,0.054,0.028,0.053,5.714
2025-03-08 08:00,0.307,0.277,0.088,7.176
2025-03-08 09:00,0.491,0.508,0.090,9.609
2025-03-08 10:00,0.601,0.666,0.095,12.379
2025-03-08 11:00,0.652,0.745,0.100,14.350
2025-03-08 12:00,0.632,0.710,0.110,15.550
2025-03-08 13:00,0.524,0.532,0.133,15.933
2025-03-08 14:00,0.356,0.291,0.150,15.731
2025-03-08 15:00,0.190,0.112,0.128,14.986
2025-03-08 16:00,0.062,0.024,0.068,13.374
2025-03-08 17:00,0,0.002,0.010,11.279
2025-03-08 18:00,0,0,0,10.378
2025-03-08 19:00,0,0,0,9.831
2025-03-08 20:00,0,0,0,8.907
2025-03-08 21:00,0,0,0,7.611
2025-03-08 22:00,0,0,0,6.378
2025-03-08 23:00,0,0,0,5.538
2025-03-09 00:00,0,0,0,4.934
2025-03-09 01:00,0,0,0,4.541
2025-03-09 02:00,0,0,0,4.390
2025-03-09 03:00,0,0,0,4.260
2025-03-09 04:00,0,0,0,4.432
2025-03-09 05:00,0,0,0,4.702
2025-03-09 06:00,0,0,0.004,4.735
2025-03-09 07:00,0.039,0.014,0.050,5.328
2025-03-09 08:00,0.280,0.229,0.104,6.620
2025-03-09 09:00,0.424,0.388,0.123,9.141
2025-03-09 10:00,0.507,0.487,0.141,11.929
2025-03-09 11:00,0.580,0.596,0.141,13.948
2025-03-09 12:00,0.536,0.517,0.162,15.336
2025-03-09 13:00,0.397,0.303,0.191,15.835
2025-03-09 14:00,0.243,0.124,0.178,15.586
2025-03-09 15:00,0.136,0.050,0.127,14.733
2025-03-09 16:00,0.057,0.018,0.068,13.212
2025-03-09 17:00,0,0.003,0.012,11.188
2025-03-09 18:00,0,0,0,10.019
2025-03-09 19:00,0,0,0,9.084
2025-03-09 20:00,0,0,0,7.985
2025-03-09 21:00,0,0,0,6.996
2025-03-09 22:00,0,0,0,6.151
2025-03-09 23:00,0,0,0,5.590
2025-03-10 00:00,0,0,0,5.259
2025-03-10 01:00,0,0,0,4.741
2025-03-10 02:00,0,0,0,4.561
2025-03-10 03:00,0,0,0,4.612
2025-03-10 04:00,0,0,0,4.596
2025-03-10 05:00,0,0,0,4.385
2025-03-10 06:00,0,0.001,0.005,4.287
2025-03-10 07:00,0.038,0.010,0.052,5.070
2025-03-10 08:00,0.140,0.050,0.125,6.432
2025-03-10 09:00,0.218,0.085,0.178,7.830
2025-03-10 10:00,0.259,0.099,0.213,9.201
2025-03-10 11:00,0.282,0.107,0.234,10.508
2025-03-10 12:00,0.264,0.089,0.233,11.458
2025-03-10 13:00,0.204,0.051,0.201,11.903
2025-03-10 14:00,0.154,0.033,0.163,11.864
2025-03-10 15:00,0.089,0.015,0.108,11.132
2025-03-10 16:00,0.034,0.005,0.053,9.801
2025-03-10 17:00,0,0.001,0.009,8.260
2025-03-10 18:00,0,0,0,7.135
2025-03-10 19:00,0,0,0,6.471
2025-03-10 20:00,0,0,0,6.013
2025-03-10 21:00,0,0,0,5.776
2025-03-10 22:00,0,0,0,5.422
2025-03-10 23:00,0,0,0,4.942
2025-03-11 00:00,0,0,0,4.490
2025-03-11 01:00,0,0,0,4.003
2025-03-11 02:00,0,0,0,3.377
2025-03-11 03:00,0,0,0,2.910
2025-03-11 04:00,0,0,0,2.387
2025-03-11 05:00,0,0,0,2.091
2025-03-11 06:00,0,0.001,0.006,1.982
2025-03-11 07:00,0.044,0.015,0.053,2.507
2025-03-11 08:00,0.228,0.154,0.115,3.850
2025-03-11 09:00,0.502,0.500,0.100,5.558
2025-03-11 10:00,0.579,0.589,0.116,6.561
2025-03-11 11:00,0.603,0.609,0.134,7.251
2025-03-11 12:00,0.618,0.634,0.131,7.753
2025-03-11 13:00,0.616,0.652,0.113,8.094
2025-03-11 14:00,0.459,0.423,0.130,7.944
2025-03-11 15:00,0.197,0.108,0.131,7.258
2025-03-11 16:00,0.100,0.051,0.081,6.419
2025-03-11 17:00,0.009,0.009,0.019,4.416
2025-03-11 18:00,0,0,0,2.810
2025-03-11 19:00,0,0,0,2.367
2025-03-11 20:00,0,0,0,2.027
2025-03-11 21:00,0,0,0,1.645
2025-03-11 22:00,0,0,0,1.130
2025-03-11 23:00,0,0,0,0.595
2025-03-12 00:00,0,0,0,0.377
2025-03-12 01:00,0,0,0,0.256
2025-03-12 02:00,0,0,0,0.316
2025-03-12 03:00,0,0,0,0.082
2025-03-12 04:00,0,0,0,0.157
2025-03-12 05:00,0,0,0,0.847
2025-03-12 06:00,0,0,0.005,1.382
2025-03-12 07:00,0.029,0.006,0.045,2.258
2025-03-12 08:00,0.151,0.059,0.126,3.284
2025-03-12 09:00,0.386,0.295,0.158,4.734
2025-03-12 10:00,0.485,0.403,0.176,5.845
2025-03-12 11:00,0.415,0.270,0.223,6.322
2025-03-12 12:00,0.330,0.154,0.237,6.527
2025-03-12 13:00,0.240,0.076,0.211,6.509
2025-03-12 14:00,0.174,0.044,0.168,6.390
2025-03-12 15:00,0.149,0.048,0.137,6.300
2025-03-12 16:00,0.090,0.035,0.086,5.863
2025-03-12 17:00,0.008,0.006,0.020,4.121
2025-03-12 18:00,0,0,0,2.638
2025-03-12 19:00,0,0,0,2.042
2025-03-12 20:00,0,0,0,1.183
2025-03-12 21:00,0,0,0,0.420
2025-03-12 22:00,0,0,0,0.066
2025-03-12 23:00,0,0,0,0.262
2025-03-13 00:00,0,0,0,0.810
2025-03-13 01:00,0,0,0,0.939
2025-03-13 02:00,0,0,0,0.941
2025-03-13 03:00,0,0,0,0.703
2025-03-13 04:00,0,0,0,0.182
2025-03-13 05:00,0,0,0,-0.218
2025-03-13 06:00,0,0.002,0.010,-0.648
2025-03-13 07:00,0.071,0.029,0.068,0.068
2025-03-13 08:00,0.165,0.071,0.128,1.664
2025-03-13 09:00,0.249,0.118,0.175,3.413
2025-03-13 10:00,0.382,0.247,0.203,4.958
2025-03-13 11:00,0.478,0.368,0.203,6.133
2025-03-13 12:00,0.478,0.367,0.206,6.791
2025-03-13 13:00,0.387,0.251,0.209,6.961
2025-03-13 14:00,0.324,0.200,0.184,7.005
2025-03-13 15:00,0.220,0.120,0.145,6.715
2025-03-13 16:00,0.091,0.036,0.085,5.961
2025-03-13 17:00,0.008,0.005,0.021,4.294
2025-03-13 18:00,0,0,0,2.914
2025-03-13 19:00,0,0,0,2.126
2025-03-13 20:00,0,0,0,1.103
2025-03-13 21:00,0,0,0,0.420
2025-03-13 22:00,0,0,0,0.067
2025-03-13 23:00,0,0,0,-0.109
2025-03-14 00:00,0,0,0,-0.320
2025-03-14 01:00,0,0,0,-0.431
2025-03-14 02:00,0,0,0,-0.417
2025-03-14 03:00,0,0,0,-0.286
2025-03-14 04:00,0,0,0,-0.041
2025-03-14 05:00,0,0,0,0.076
2025-03-14 06:00,0,0,0.006,0.212
2025-03-14 07:00,0.029,0.005,0.046,1.093
2025-03-14 08:00,0.106,0.025,0.111,2.201
2025-03-14 09:00,0.286,0.155,0.181,4.384
2025-03-14 10:00,0.444,0.337,0.191,6.002
2025-03-14 11:00,0.495,0.396,0.199,6.770
2025-03-14 12:00,0.495,0.394,0.203,7.320
2025-03-14 13:00,0.451,0.345,0.196,7.596
2025-03-14 14:00,0.366,0.258,0.178,7.596
2025-03-14 15:00,0.229,0.129,0.147,7.335
2025-03-14 16:00,0.086,0.031,0.085,6.618
2025-03-14 17:00,0.011,0.006,0.023,4.640
2025-03-14 18:00,0,0,0,2.921
2025-03-14 19:00,0,0,0,2.559
2025-03-14 20:00,0,0,0,2.084
2025-03-14 21:00,0,0,0,1.421
2025-03-14 22:00,0,0,0,0.801
2025-03-14 23:00,0,0,0,1.196
2025-03-15 00:00,0,0,0,1.631
2025-03-15 01:00,0,0,0,1.493
2025-03-15 02:00,0,0,0,1.090
2025-03-15 03:00,0,0,0,0.835
2025-03-15 04:00,0,0,0,0.584
2025-03-15 05:00,0,0,0,0.471
2025-03-15 06:00,0,0.002,0.010,0.626
2025-03-15 07:00,0.068,0.028,0.067,1.731
2025-03-15 08:00,0.197,0.113,0.122,3.302
2025-03-15 09:00,0.474,0.450,0.113,5.047
2025-03-15 10:00,0.602,0.629,0.108,6.478
2025-03-15 11:00,0.683,0.757,0.103,7.619
2025-03-15 12:00,0.683,0.760,0.103,8.290
2025-03-15 13:00,0.658,0.734,0.094,8.651
2025-03-15 14:00,0.557,0.595,0.089,8.641
2025-03-15 15:00,0.425,0.434,0.076,8.292
2025-03-15 16:00,0.224,0.205,0.065,7.408
2025-03-15 17:00,0.023,0.019,0.026,5.207
2025-03-15 18:00,0,0,0,3.472
2025-03-15 19:00,0,0,0,2.240
2025-03-15 20:00,0,0,0,0.931
2025-03-15 21:00,0,0,0,-0.165
2025-03-15 22:00,0,0,0,-0.942
2025-03-15 23:00,0,0,0,-1.366
2025-03-16 00:00,0,0,0,-1.513
2025-03-16 01:00,0,0,0,-1.663
2025-03-16 02:00,0,0,0,-2.024
2025-03-16 03:00,0,0,0,-2.372
2025-03-16 04:00,0,0,0,-2.630
2025-03-16 05:00,0,0,0,-2.807
2025-03-16 06:00,0.009,0.012,0.015,-2.423
2025-03-16 07:00,0.169,0.140,0.062,0.707
2025-03-16 08:00,0.383,0.370,0.077,3.125
2025-03-16 09:00,0.553,0.583,0.084,5.475
2025-03-16 10:00,0.596,0.614,0.116,6.699
2025-03-16 11:00,0.568,0.541,0.153,7.536
2025-03-16 12:00,0.612,0.616,0.143,8.289
2025-03-16 13:00,0.521,0.480,0.155,8.655
2025-03-16 14:00,0.447,0.400,0.139,8.799
2025-03-16 15:00,0.339,0.292,0.113,8.705
2025-03-16 16:00,0.163,0.117,0.086,8.080
2025-03-16 17:00,0.022,0.014,0.030,5.776
2025-03-16 18:00,0,0,0,4.373
2025-03-16 19:00,0,0,0,4.545
2025-03-16 20:00,0,0,0,4.294
2025-03-16 21:00,0,0,0,3.655
2025-03-16 22:00,0,0,0,3.266
2025-03-16 23:00,0,0,0,3.175
2025-03-17 00:00,0,0,0,3.272
2025-03-17 01:00,0,0,0,3.219
2025-03-17 02:00,0,0,0,2.975
2025-03-17 03:00,0,0,0,2.714
2025-03-17 04:00,0,0,0,2.466
2025-03-17 05:00,0,0,0,2.203
2025-03-17 06:00,0.003,0.004,0.015,1.776
2025-03-17 07:00,0.116,0.072,0.075,2.604
2025-03-17 08:00,0.344,0.309,0.094,4.157
2025-03-17 09:00,0.518,0.521,0.099,5.350
2025-03-17 10:00,0.612,0.639,0.111,6.308
2025-03-17 11:00,0.651,0.689,0.122,7.228
2025-03-17 12:00,0.662,0.709,0.121,8.002
2025-03-17 13:00,0.610,0.636,0.121,8.487
2025-03-17 14:00,0.505,0.497,0.117,8.652
2025-03-17 15:00,0.378,0.351,0.101,8.560
2025-03-17 16:00,0.172,0.126,0.087,7.944
2025-03-17 17:00,0.019,0.010,0.030,6.500
2025-03-17 18:00,0,0,0,5.232
2025-03-17 19:00,0,0,0,4.057
2025-03-17 20:00,0,0,0,2.783
2025-03-17 21:00,0,0,0,2.029
2025-03-17 22:00,0,0,0,1.690
2025-03-17 23:00,0,0,0,1.482
2025-03-18 00:00,0,0,0,0.856
2025-03-18 01:00,0,0,0,0.231
2025-03-18 02:00,0,0,0,-0.280
2025-03-18 03:00,0,0,0,-0.785
2025-03-18 04:00,0,0,0,-1.182
2025-03-18 05:00,0,0,0,-1.314
2025-03-18 06:00,0.008,0.008,0.017,-1.200
2025-03-18 07:00,0.177,0.151,0.060,0.387
2025-03-18 08:00,0.419,0.427,0.062,2.650
2025-03-18 09:00,0.599,0.668,0.063,5.468
2025-03-18 10:00,0.705,0.826,0.067,7.828
2025-03-18 11:00,0.756,0.910,0.071,9.187
2025-03-18 12:00,0.758,0.918,0.072,10.162
2025-03-18 13:00,0.710,0.847,0.070,10.793
2025-03-18 14:00,0.612,0.704,0.067,10.983
2025-03-18 15:00,0.458,0.496,0.062,10.667
2025-03-18 16:00,0.259,0.258,0.054,9.470
2025-03-18 17:00,0.052,0.048,0.031,6.359
2025-03-18 18:00,0,0,0,3.669
2025-03-18 19:00,0,0,0,2.457
2025-03-18 20:00,0,0,0,1.215
2025-03-18 21:00,0,0,0,0.300
2025-03-18 22:00,0,0,0,-0.553
2025-03-18 23:00,0,0,0,-1.300
2025-03-19 00:00,0,0,0,-1.945
2025-03-19 01:00,0,0,0,-2.084
2025-03-19 02:00,0,0,0,-1.458
2025-03-19 03:00,0,0,0,-1.026
2025-03-19 04:00,0,0,0,-1.014
2025-03-19 05:00,0,0,0,-1.358
2025-03-19 06:00,0.001,0.001,0.015,-1.301
2025-03-19 07:00,0.042,0.007,0.059,-0.579
2025-03-19 08:00,0.131,0.032,0.129,0.734
2025-03-19 09:00,0.318,0.175,0.196,3.344
2025-03-19 10:00,0.424,0.284,0.219,6.511
2025-03-19 11:00,0.371,0.196,0.248,8.718
2025-03-19 12:00,0.383,0.210,0.253,10.729
2025-03-19 13:00,0.359,0.197,0.239,11.781
2025-03-19 14:00,0.274,0.124,0.211,12.284
2025-03-19 15:00,0.149,0.041,0.149,12.217
2025-03-19 16:00,0.065,0.013,0.082,11.616
2025-03-19 17:00,0.012,0.003,0.029,11.148
2025-03-19 18:00,0,0,0,10.739
2025-03-19 19:00,0,0,0,10.406
2025-03-19 20:00,0,0,0,9.858
2025-03-19 21:00,0,0,0,9.127
2025-03-19 22:00,0,0,0,8.447
2025-03-19 23:00,0,0,0,7.894
2025-03-20 00:00,0,0,0,7.440
2025-03-20 01:00,0,0,0,7.198
2025-03-20 02:00,0,0,0,6.679
2025-03-20 03:00,0,0,0,6.187
2025-03-20 04:00,0,0,0,5.439
2025-03-20 05:00,0,0,0,4.674
2025-03-20 06:00,0.016,0.016,0.020,4.197
2025-03-20 07:00,0.188,0.168,0.061,6.427
2025-03-20 08:00,0.386,0.389,0.074,8.735
2025-03-20 09:00,0.539,0.586,0.083,11.262
2025-03-20 10:00,0.638,0.737,0.088,14.500
2025-03-20 11:00,0.690,0.823,0.091,15.887
2025-03-20 12:00,0.694,0.834,0.091,16.784
2025-03-20 13:00,0.650,0.768,0.089,17.268
2025-03-20 14:00,0.555,0.627,0.087,17.374
2025-03-20 15:00,0.404,0.423,0.083,17.100
2025-03-20 16:00,0.220,0.204,0.072,16.041
2025-03-20 17:00,0.046,0.036,0.038,12.909
2025-03-20 18:00,0,0,0,10.461
2025-03-20 19:00,0,0,0,10.005
2025-03-20 20:00,0,0,0,9.412
2025-03-20 21:00,0,0,0,8.584
2025-03-20 22:00,0,0,0,7.702
2025-03-20 23:00,0,0,0,6.902
2025-03-21 00:00,0,0,0,6.269
2025-03-21 01:00,0,0,0,5.877
2025-03-21 02:00,0,0,0,5.808
2025-03-21 03:00,0,0,0,5.771
2025-03-21 04:00,0,0,0,5.958
2025-03-21 05:00,0,0,0,6.060
2025-03-21 06:00,0,0,0.010,6.342
2025-03-21 07:00,0.027,0.002,0.048,7.280
2025-03-21 08:00,0.075,0.007,0.098,8.532
2025-03-21 09:00,0.143,0.019,0.163,9.986
2025-03-21 10:00,0.160,0.019,0.183,11.258
2025-03-21 11:00,0.175,0.022,0.198,12.507
2025-03-21 12:00,0.253,0.056,0.256,13.916
2025-03-21 13:00,0.190,0.030,0.210,14.533
2025-03-21 14:00,0.123,0.012,0.149,14.482
2025-03-21 15:00,0.068,0.005,0.094,13.890
2025-03-21 16:00,0.026,0.002,0.048,12.865
2025-03-21 17:00,0,0,0.015,11.590
2025-03-21 18:00,0,0,0,10.559
2025-03-21 19:00,0,0,0,9.964
2025-03-21 20:00,0,0,0,9.724
2025-03-21 21:00,0,0,0,9.854
2025-03-21 22:00,0,0,0,9.937
2025-03-21 23:00,0,0,0,9.759
2025-03-22 00:00,0,0,0,9.500
2025-03-22 01:00,0,0,0,9.651
2025-03-22 02:00,0,0,0,9.590
2025-03-22 03:00,0,0,0,9.170
2025-03-22 04:00,0,0,0,8.682
2025-03-22 05:00,0,0,0,8.294
2025-03-22 06:00,0.005,0.002,0.021,8.489
2025-03-22 07:00,0.059,0.011,0.076,9.287
2025-03-22 08:00,0.132,0.030,0.140,10.355
2025-03-22 09:00,0.202,0.054,0.196,11.486
2025-03-22 10:00,0.251,0.073,0.235,12.599
2025-03-22 11:00,0.287,0.092,0.260,13.608
2025-03-22 12:00,0.281,0.085,0.260,14.361
2025-03-22 13:00,0.241,0.062,0.237,14.729
2025-03-22 14:00,0.175,0.033,0.188,14.715
2025-03-22 15:00,0.100,0.013,0.124,14.296
2025-03-22 16:00,0.042,0.004,0.065,13.261
2025-03-22 17:00,0.004,0.001,0.021,11.660
2025-03-22 18:00,0,0,0,10.557
2025-03-22 19:00,0,0,0,10.112
2025-03-22 20:00,0,0,0,9.743
2025-03-22 21:00,0,0,0,9.399
2025-03-22 22:00,0,0,0,9.128
2025-03-22 23:00,0,0,0,8.730
2025-03-23 00:00,0,0,0,8.002
2025-03-23 01:00,0,0,0,7.185
2025-03-23 02:00,0,0,0,6.517
2025-03-23 03:00,0,0,0,6.335
2025-03-23 04:00,0,0,0,6.262
2025-03-23 05:00,0,0,0,6.248
2025-03-23 06:00,0.007,0.002,0.023,6.839
2025-03-23 07:00,0.064,0.012,0.081,8.291
2025-03-23 08:00,0.122,0.023,0.134,9.114
2025-03-23 09:00,0.196,0.046,0.195,9.991
2025-03-23 10:00,0.220,0.049,0.221,10.679
2025-03-23 11:00,0.272,0.074,0.256,11.381
2025-03-23 12:00,0.288,0.088,0.263,11.989
2025-03-23 13:00,0.299,0.106,0.258,12.486
2025-03-23 14:00,0.207,0.050,0.206,12.581
2025-03-23 15:00,0.113,0.016,0.133,12.329
2025-03-23 16:00,0.054,0.006,0.076,11.814
2025-03-23 17:00,0.008,0.001,0.026,10.936
2025-03-23 18:00,0,0,0,9.887
2025-03-23 19:00,0,0,0,8.766
2025-03-23 20:00,0,0,0,7.361
2025-03-23 21:00,0,0,0,6.241
2025-03-23 22:00,0,0,0,5.591
2025-03-23 23:00,0,0,0,5.143
2025-03-24 00:00,0,0,0,4.649
2025-03-24 01:00,0,0,0,4.146
2025-03-24 02:00,0,0,0,3.329
2025-03-24 03:00,0,0,0,2.886
2025-03-24 04:00,0,0,0,2.690
2025-03-24 05:00,0,0,0,2.374
2025-03-24 06:00,0.007,0.003,0.022,2.333
2025-03-24 07:00,0.095,0.036,0.088,2.861
2025-03-24 08:00,0.270,0.184,0.133,4.275
2025-03-24 09:00,0.545,0.557,0.102,6.217
2025-03-24 10:00,0.671,0.749,0.096,8.194
2025-03-24 11:00,0.723,0.833,0.098,9.910
2025-03-24 12:00,0.716,0.827,0.102,11.257
2025-03-24 13:00,0.667,0.756,0.102,12.270
2025-03-24 14:00,0.566,0.612,0.100,12.862
2025-03-24 15:00,0.416,0.416,0.095,13.033
2025-03-24 16:00,0.229,0.198,0.084,12.715
2025-03-24 17:00,0.056,0.038,0.047,11.019
2025-03-24 18:00,0,0,0.002,9.100
2025-03-24 19:00,0,0,0,7.986
2025-03-24 20:00,0,0,0,7.199
2025-03-24 21:00,0,0,0,6.726
2025-03-24 22:00,0,0,0,6.296
2025-03-24 23:00,0,0,0,5.488
2025-03-25 00:00,0,0,0,4.423
2025-03-25 01:00,0,0,0,3.846
2025-03-25 02:00,0,0,0,3.665
2025-03-25 03:00,0,0,0,4.043
2025-03-25 04:00,0,0,0,4.570
2025-03-25 05:00,0,0,0,4.691
2025-03-25 06:00,0.003,0.001,0.018,5.004
2025-03-25 07:00,0.065,0.011,0.082,6.087
2025-03-25 08:00,0.155,0.038,0.155,7.768
2025-03-25 09:00,0.205,0.051,0.200,9.383
2025-03-25 10:00,0.266,0.077,0.246,11.062
2025-03-25 11:00,0.272,0.071,0.260,12.394
2025-03-25 12:00,0.222,0.041,0.233,12.964
2025-03-25 13:00,0.220,0.043,0.229,13.092
2025-03-25 14:00,0.170,0.028,0.186,12.850
2025-03-25 15:00,0.143,0.026,0.157,12.452
2025-03-25 16:00,0.066,0.009,0.087,11.730
2025-03-25 17:00,0.013,0.002,0.031,10.620
2025-03-25 18:00,0,0,0.001,9.309
2025-03-25 19:00,0,0,0,8.687
2025-03-25 20:00,0,0,0,8.091
2025-03-25 21:00,0,0,0,7.572
2025-03-25 22:00,0,0,0,7.022
2025-03-25 23:00,0,0,0,6.307
2025-03-26 00:00,0,0,0,5.381
2025-03-26 01:00,0,0,0,4.455
2025-03-26 02:00,0,0,0,3.919
2025-03-26 03:00,0,0,0,3.550
2025-03-26 04:00,0,0,0,3.179
2025-03-26 05:00,0,0,0,3.271
2025-03-26 06:00,0.014,0.004,0.029,3.890
2025-03-26 07:00,0.091,0.032,0.089,4.932
2025-03-26 08:00,0.226,0.129,0.142,6.532
2025-03-26 09:00,0.556,0.588,0.097,9.248
2025-03-26 10:00,0.679,0.781,0.089,10.984
2025-03-26 11:00,0.733,0.872,0.090,12.187
2025-03-26 12:00,0.738,0.884,0.090,13.119
2025-03-26 13:00,0.693,0.817,0.089,13.849
2025-03-26 14:00,0.599,0.681,0.084,14.209
2025-03-26 15:00,0.456,0.488,0.078,14.236
2025-03-26 16:00,0.270,0.262,0.069,13.772
2025-03-26 17:00,0.076,0.060,0.047,11.580
2025-03-26 18:00,0,0,0.003,8.505
2025-03-26 19:00,0,0,0,7.430
2025-03-26 20:00,0,0,0,6.643
2025-03-26 21:00,0,0,0,5.879
2025-03-26 22:00,0,0,0,5.136
2025-03-26 23:00,0,0,0,4.394
2025-03-27 00:00,0,0,0,4.101
2025-03-27 01:00,0,0,0,4.808
2025-03-27 02:00,0,0,0,5.722
2025-03-27 03:00,0,0,0,5.825
2025-03-27 04:00,0,0,0,5.894
2025-03-27 05:00,0,0,0,6.069
2025-03-27 06:00,0,0,0.014,6.444
2025-03-27 07:00,0.036,0.004,0.057,7.182
2025-03-27 08:00,0.100,0.015,0.117,8.289
2025-03-27 09:00,0.191,0.048,0.187,9.556
2025-03-27 10:00,0.288,0.112,0.237,10.837
2025-03-27 11:00,0.425,0.277,0.243,12.273
2025-03-27 12:00,0.693,0.777,0.132,14.060
2025-03-27 13:00,0.673,0.772,0.109,15.081
2025-03-27 14:00,0.590,0.656,0.100,15.296
2025-03-27 15:00,0.445,0.459,0.094,14.816
2025-03-27 16:00,0.261,0.238,0.083,13.754
2025-03-27 17:00,0.072,0.049,0.054,12.019
2025-03-27 18:00,0,0,0.004,9.879
2025-03-27 19:00,0,0,0,9.340
2025-03-27 20:00,0,0,0,9.151
2025-03-27 21:00,0,0,0,9.027
2025-03-27 22:00,0,0,0,8.874
2025-03-27 23:00,0,0,0,8.763
2025-03-28 00:00,0,0,0,8.784
2025-03-28 01:00,0,0,0,8.905
2025-03-28 02:00,0,0,0,9.004
2025-03-28 03:00,0,0,0,9.048
2025-03-28 04:00,0,0,0,8.934
2025-03-28 05:00,0,0,0,8.578
2025-03-28 06:00,0.009,0.002,0.026,8.002
2025-03-28 07:00,0.133,0.068,0.100,8.466
2025-03-28 08:00,0.368,0.333,0.109,9.331
2025-03-28 09:00,0.539,0.557,0.108,10.278
2025-03-28 10:00,0.621,0.660,0.123,10.892
2025-03-28 11:00,0.664,0.713,0.134,11.084
2025-03-28 12:00,0.655,0.691,0.143,11.103
2025-03-28 13:00,0.589,0.584,0.154,10.989
2025-03-28 14:00,0.456,0.391,0.165,10.572
2025-03-28 15:00,0.350,0.282,0.140,10.092
2025-03-28 16:00,0.217,0.161,0.104,9.433
2025-03-28 17:00,0.059,0.030,0.057,8.222
2025-03-28 18:00,0,0,0.003,6.488
2025-03-28 19:00,0,0,0,5.721
2025-03-28 20:00,0,0,0,5.221
2025-03-28 21:00,0,0,0,4.699
2025-03-28 22:00,0,0,0,3.935
2025-03-28 23:00,0,0,0,3.143
2025-03-29 00:00,0,0,0,2.631
2025-03-29 01:00,0,0,0,2.499
2025-03-29 02:00,0,0,0,2.330
2025-03-29 03:00,0,0,0,2.193
2025-03-29 04:00,0,0,0,1.855
2025-03-29 05:00,0,0,0,1.945
2025-03-29 06:00,0.011,0.002,0.028,2.488
2025-03-29 07:00,0.100,0.030,0.101,3.907
2025-03-29 08:00,0.303,0.211,0.148,6.139
2025-03-29 09:00,0.536,0.524,0.133,8.793
2025-03-29 10:00,0.371,0.202,0.245,9.697
2025-03-29 11:00,0.174,0.028,0.187,9.471
2025-03-29 12:00,0.395,0.205,0.272,10.367
2025-03-29 13:00,0.524,0.439,0.209,11.080
2025-03-29 14:00,0.416,0.307,0.199,11.114
2025-03-29 15:00,0.272,0.153,0.176,10.862
2025-03-29 16:00,0.147,0.061,0.125,10.511
2025-03-29 17:00,0.040,0.011,0.055,9.842
2025-03-29 18:00,0,0,0.005,8.889
2025-03-29 19:00,0,0,0,8.561
2025-03-29 20:00,0,0,0,8.584
2025-03-29 21:00,0,0,0,8.628
2025-03-29 22:00,0,0,0,8.764
2025-03-29 23:00,0,0,0,9.015
2025-03-30 00:00,0,0,0,9.388
2025-03-30 01:00,0,0,0,9.437
2025-03-30 02:00,0,0,0,8.751
2025-03-30 03:00,0,0,0,7.182
2025-03-30 04:00,0,0,0,5.824
2025-03-30 05:00,0,0,0.001,5.546
2025-03-30 06:00,0.035,0.018,0.042,6.257
2025-03-30 07:00,0.187,0.145,0.084,7.821
2025-03-30 08:00,0.408,0.407,0.086,9.834
2025-03-30 09:00,0.534,0.559,0.103,11.286
2025-03-30 10:00,0.602,0.640,0.121,12.203
2025-03-30 11:00,0.704,0.815,0.105,13.030
2025-03-30 12:00,0.729,0.867,0.096,13.525
2025-03-30 13:00,0.682,0.794,0.095,13.663
2025-03-30 14:00,0.603,0.682,0.086,13.479
2025-03-30 15:00,0.474,0.511,0.076,12.941
2025-03-30 16:00,0.290,0.285,0.068,12.012
2025-03-30 17:00,0.088,0.068,0.053,10.357
2025-03-30 18:00,0,0,0.005,7.961
2025-03-30 19:00,0,0,0,7.656
2025-03-30 20:00,0,0,0,7.229
2025-03-30 21:00,0,0,0,5.837
2025-03-30 22:00,0,0,0,4.619
2025-03-30 23:00,0,0,0,3.997
2025-03-31 00:00,0,0,0,3.895
2025-03-31 01:00,0,0,0,3.871
2025-03-31 02:00,0,0,0,3.512
2025-03-31 03:00,0,0,0,3.810
2025-03-31 04:00,0,0,0,3.945
2025-03-31 05:00,0,0,0.001,3.960
2025-03-31 06:00,0.016,0.003,0.033,4.224
2025-03-31 07:00,0.080,0.020,0.090,5.017
2025-03-31 08:00,0.269,0.172,0.149,7.063
2025-03-31 09:00,0.585,0.636,0.093,10.106
2025-03-31 10:00,0.682,0.795,0.092,13.358
2025-03-31 11:00,0.730,0.874,0.096,14.654
2025-03-31 12:00,0.732,0.881,0.097,15.477
2025-03-31 13:00,0.688,0.815,0.096,15.998
2025-03-31 14:00,0.591,0.667,0.095,16.177
2025-03-31 15:00,0.423,0.425,0.103,15.990
2025-03-31 16:00,0.217,0.167,0.105,15.396
2025-03-31 17:00,0.064,0.032,0.062,13.623
2025-03-31 18:00,0,0,0.007,10.727
2025-03-31 19:00,0,0,0,9.458
2025-03-31 20:00,0,0,0,8.682
2025-03-31 21:00,0,0,0,7.980
2025-03-31 22:00,0,0,0,7.191
2025-03-31 23:00,0,0,0,6.089
2025-04-01 00:00,0,0,0,5.121
2025-04-01 01:00,0,0,0,4.648
2025-04-01 02:00,0,0,0,4.339
2025-04-01 03:00,0,0,0,3.340
2025-04-01 04:00,0,0,0,2.880
2025-04-01 05:00,0,0,0.001,2.929
2025-04-01 06:00,0.014,0.002,0.031,3.141
2025-04-01 07:00,0.085,0.021,0.093,4.017
2025-04-01 08:00,0.234,0.123,0.156,5.229
2025-04-01 09:00,0.508,0.486,0.128,7.463
2025-04-01 10:00,0.708,0.822,0.087,10.077
2025-04-01 11:00,0.758,0.914,0.086,12.073
2025-04-01 12:00,0.759,0.923,0.087,13.368
2025-04-01 13:00,0.713,0.854,0.086,14.071
2025-04-01 14:00,0.621,0.716,0.082,14.266
2025-04-01 15:00,0.481,0.523,0.076,14.040
2025-04-01 16:00,0.299,0.298,0.068,13.254
2025-04-01 17:00,0.101,0.085,0.051,11.447
2025-04-01 18:00,0,0,0.008,8.691
2025-04-01 19:00,0,0,0,7.077
2025-04-01 20:00,0,0,0,6.043
2025-04-01 21:00,0,0,0,5.195
2025-04-01 22:00,0,0,0,4.482
2025-04-01 23:00,0,0,0,3.962
2025-04-02 00:00,0,0,0,3.678
2025-04-02 01:00,0,0,0,3.737
2025-04-02 02:00,0,0,0,3.236
2025-04-02 03:00,0,0,0,2.997
2025-04-02 04:00,0,0,0,3.053
2025-04-02 05:00,0,0,0.002,2.789
2025-04-02 06:00,0.037,0.015,0.046,3.882
2025-04-02 07:00,0.232,0.203,0.074,5.657
2025-04-02 08:00,0.448,0.468,0.071,8.178
2025-04-02 09:00,0.603,0.682,0.075,10.952
2025-04-02 10:00,0.697,0.825,0.082,12.696
2025-04-02 11:00,0.741,0.895,0.088,13.773
2025-04-02 12:00,0.740,0.896,0.090,14.561
2025-04-02 13:00,0.696,0.828,0.089,15.044
2025-04-02 14:00,0.603,0.689,0.087,15.085
2025-04-02 15:00,0.445,0.463,0.090,14.516
2025-04-02 16:00,0.271,0.252,0.080,13.292
2025-04-02 17:00,0.091,0.067,0.058,11.295
2025-04-02 18:00,0,0,0.009,8.599
2025-04-02 19:00,0,0,0,6.868
2025-04-02 20:00,0,0,0,5.688
2025-04-02 21:00,0,0,0,5.185
2025-04-02 22:00,0,0,0,4.917
2025-04-02 23:00,0,0,0,4.935
2025-04-03 00:00,0,0,0,5.015
2025-04-03 01:00,0,0,0,5.197
2025-04-03 02:00,0,0,0,5.257
2025-04-03 03:00,0,0,0,5.476
2025-04-03 04:00,0,0,0,5.304
2025-04-03 05:00,0,0,0.001,5.210
2025-04-03 06:00,0.014,0.002,0.032,5.385
2025-04-03 07:00,0.072,0.014,0.087,6.354
2025-04-03 08:00,0.280,0.177,0.158,8.348
2025-04-03 09:00,0.556,0.581,0.111,11.151
2025-04-03 10:00,0.659,0.745,0.109,13.779
2025-04-03 11:00,0.708,0.829,0.111,15.468
2025-04-03 12:00,0.717,0.850,0.109,16.413
2025-04-03 13:00,0.671,0.777,0.111,16.909
2025-04-03 14:00,0.521,0.528,0.137,16.880
2025-04-03 15:00,0.353,0.296,0.142,16.447
2025-04-03 16:00,0.262,0.229,0.097,15.671
2025-04-03 17:00,0.074,0.036,0.070,13.888
2025-04-03 18:00,0,0,0.006,11.863
2025-04-03 19:00,0,0,0,10.999
2025-04-03 20:00,0,0,0,9.751
2025-04-03 21:00,0,0,0,8.801
2025-04-03 22:00,0,0,0,8.155
2025-04-03 23:00,0,0,0,7.649
2025-04-04 00:00,0,0,0,7.424
2025-04-04 01:00,0,0,0,7.213
2025-04-04 02:00,0,0,0,7.062
2025-04-04 03:00,0,0,0,6.902
2025-04-04 04:00,0,0,0,6.842
2025-04-04 05:00,0,0,0.001,6.829
2025-04-04 06:00,0.010,0.001,0.028,7.235
2025-04-04 07:00,0.088,0.020,0.099,8.143
2025-04-04 08:00,0.273,0.166,0.163,9.859
2025-04-04 09:00,0.467,0.419,0.156,12.280
2025-04-04 10:00,0.581,0.591,0.152,14.943
2025-04-04 11:00,0.626,0.663,0.155,17.000
2025-04-04 12:00,0.644,0.706,0.147,18.284
2025-04-04 13:00,0.623,0.687,0.134,18.737
2025-04-04 14:00,0.542,0.574,0.126,18.504
2025-04-04 15:00,0.411,0.397,0.119,17.631
2025-04-04 16:00,0.250,0.209,0.102,16.089
2025-04-04 17:00,0.086,0.051,0.069,13.790
2025-04-04 18:00,0,0,0.011,10.980
2025-04-04 19:00,0,0,0,8.684
2025-04-04 20:00,0,0,0,7.013
2025-04-04 21:00,0,0,0,5.874
2025-04-04 22:00,0,0,0,5.174
2025-04-04 23:00,0,0,0,4.814
2025-04-05 00:00,0,0,0,4.473
2025-04-05 01:00,0,0,0,4.296
2025-04-05 02:00,0,0,0,4.237
2025-04-05 03:00,0,0,0,4.317
2025-04-05 04:00,0,0,0,3.887
2025-04-05 05:00,0,0,0.003,4.023
2025-04-05 06:00,0.033,0.008,0.048,4.514
2025-04-05 07:00,0.144,0.072,0.107,5.706
2025-04-05 08:00,0.432,0.431,0.087,7.875
2025-04-05 09:00,0.615,0.697,0.075,10.376
2025-04-05 10:00,0.711,0.848,0.080,12.579
2025-04-05 11:00,0.757,0.929,0.083,14.121
2025-04-05 12:00,0.758,0.933,0.085,14.947
2025-04-05 13:00,0.716,0.869,0.083,15.264
2025-04-05 14:00,0.630,0.736,0.079,15.015
2025-04-05 15:00,0.491,0.540,0.074,14.311
2025-04-05 16:00,0.312,0.316,0.066,13.067
2025-04-05 17:00,0.115,0.099,0.052,11.000
2025-04-05 18:00,0,0,0.012,7.917
2025-04-05 19:00,0,0,0,6.041
2025-04-05 20:00,0,0,0,4.914
2025-04-05 21:00,0,0,0,4.084
2025-04-05 22:00,0,0,0,3.545
2025-04-05 23:00,0,0,0,3.234
2025-04-06 00:00,0,0,0,3.108
2025-04-06 01:00,0,0,0,3.220
2025-04-06 02:00,0,0,0,2.438
2025-04-06 03:00,0,0,0,2.390
2025-04-06 04:00,0,0,0,2.606
2025-04-06 05:00,0,0,0.004,2.400
2025-04-06 06:00,0.040,0.013,0.052,3.277
2025-04-06 07:00,0.213,0.165,0.090,4.932
2025-04-06 08:00,0.463,0.483,0.072,7.338
2025-04-06 09:00,0.618,0.701,0.073,9.722
2025-04-06 10:00,0.716,0.854,0.078,11.666
2025-04-06 11:00,0.765,0.938,0.081,13.124
2025-04-06 12:00,0.767,0.949,0.081,14.168
2025-04-06 13:00,0.724,0.882,0.080,14.816
2025-04-06 14:00,0.635,0.747,0.076,15.059
2025-04-06 15:00,0.496,0.552,0.071,14.910
2025-04-06 16:00,0.316,0.325,0.063,14.239
2025-04-06 17:00,0.118,0.104,0.051,12.316
2025-04-06 18:00,0,0,0.013,8.901
2025-04-06 19:00,0,0,0,7.223
2025-04-06 20:00,0,0,0,6.023
2025-04-06 21:00,0,0,0,4.638
2025-04-06 22:00,0,0,0,3.416
2025-04-06 23:00,0,0,0,2.369
2025-04-07 00:00,0,0,0,1.500
2025-04-07 01:00,0,0,0,0.755
2025-04-07 02:00,0,0,0,0.160
2025-04-07 03:00,0,0,0,-0.301
2025-04-07 04:00,0,0,0,-0.266
2025-04-07 05:00,0,0,0.005,0.710
2025-04-07 06:00,0.038,0.010,0.051,2.027
2025-04-07 07:00,0.219,0.168,0.091,3.541
2025-04-07 08:00,0.474,0.495,0.070,5.932
2025-04-07 09:00,0.624,0.706,0.073,9.031
2025-04-07 10:00,0.719,0.853,0.079,11.022
2025-04-07 11:00,0.766,0.933,0.083,12.357
2025-04-07 12:00,0.767,0.940,0.084,13.342
2025-04-07 13:00,0.723,0.873,0.083,13.982
2025-04-07 14:00,0.633,0.736,0.079,14.252
2025-04-07 15:00,0.484,0.526,0.078,14.171
2025-04-07 16:00,0.305,0.302,0.072,13.708
2025-04-07 17:00,0.113,0.091,0.058,12.185
2025-04-07 18:00,0,0,0.015,8.753
2025-04-07 19:00,0,0,0,6.922
2025-04-07 20:00,0,0,0,6.009
2025-04-07 21:00,0,0,0,5.110
2025-04-07 22:00,0,0,0,4.155
2025-04-07 23:00,0,0,0,3.221
2025-04-08 00:00,0,0,0,2.402
2025-04-08 01:00,0,0,0,1.759
2025-04-08 02:00,0,0,0,1.322
2025-04-08 03:00,0,0,0,1.166
2025-04-08 04:00,0,0,0,1.302
2025-04-08 05:00,0,0,0.007,1.018
2025-04-08 06:00,0.069,0.041,0.056,2.334
2025-04-08 07:00,0.244,0.203,0.085,4.142
2025-04-08 08:00,0.380,0.333,0.118,6.994
2025-04-08 09:00,0.477,0.428,0.152,9.601
2025-04-08 10:00,0.502,0.421,0.196,10.957
2025-04-08 11:00,0.499,0.391,0.225,11.863
2025-04-08 12:00,0.540,0.467,0.208,12.708
2025-04-08 13:00,0.616,0.642,0.145,13.536
2025-04-08 14:00,0.606,0.676,0.099,14.027
2025-04-08 15:00,0.484,0.519,0.085,14.043
2025-04-08 16:00,0.306,0.299,0.077,13.628
2025-04-08 17:00,0.115,0.090,0.062,12.249
2025-04-08 18:00,0.001,0,0.017,9.186
2025-04-08 19:00,0,0,0,7.424
2025-04-08 20:00,0,0,0,6.504
2025-04-08 21:00,0,0,0,5.501
2025-04-08 22:00,0,0,0,4.432
2025-04-08 23:00,0,0,0,3.418
2025-04-09 00:00,0,0,0,2.617
2025-04-09 01:00,0,0,0,2.227
2025-04-09 02:00,0,0,0,2.220
2025-04-09 03:00,0,0,0,2.369
2025-04-09 04:00,0,0,0,2.669
2025-04-09 05:00,0,0,0.005,3.199
2025-04-09 06:00,0.026,0.003,0.044,3.590
2025-04-09 07:00,0.112,0.032,0.112,4.794
2025-04-09 08:00,0.329,0.243,0.148,7.103
2025-04-09 09:00,0.554,0.567,0.114,9.349
2025-04-09 10:00,0.703,0.813,0.094,11.027
2025-04-09 11:00,0.752,0.897,0.096,12.285
2025-04-09 12:00,0.753,0.902,0.097,13.209
2025-04-09 13:00,0.709,0.835,0.096,13.749
2025-04-09 14:00,0.619,0.701,0.093,13.936
2025-04-09 15:00,0.479,0.506,0.089,13.754
2025-04-09 16:00,0.302,0.287,0.082,13.093
2025-04-09 17:00,0.114,0.084,0.066,11.598
2025-04-09 18:00,0.002,0,0.018,8.326
2025-04-09 19:00,0,0,0,6.478
2025-04-09 20:00,0,0,0,5.578
2025-04-09 21:00,0,0,0,4.559
2025-04-09 22:00,0,0,0,3.523
2025-04-09 23:00,0,0,0,2.556
2025-04-10 00:00,0,0,0,1.783
2025-04-10 01:00,0,0,0,1.311
2025-04-10 02:00,0,0,0,1.303
2025-04-10 03:00,0,0,0,1.606
2025-04-10 04:00,0,0,0,1.960
2025-04-10 05:00,0,0,0.008,2.237
2025-04-10 06:00,0.078,0.055,0.051,3.539
2025-04-10 07:00,0.270,0.252,0.067,5.723
2025-04-10 08:00,0.462,0.481,0.074,7.616
2025-04-10 09:00,0.610,0.681,0.080,9.291
2025-04-10 10:00,0.707,0.829,0.085,11.074
2025-04-10 11:00,0.753,0.910,0.088,12.756
2025-04-10 12:00,0.753,0.917,0.089,14.123
2025-04-10 13:00,0.708,0.850,0.088,15.192
2025-04-10 14:00,0.618,0.716,0.085,15.837
2025-04-10 15:00,0.480,0.525,0.080,16.141
2025-04-10 16:00,0.306,0.306,0.073,15.972
2025-04-10 17:00,0.118,0.097,0.060,15.004
2025-04-10 18:00,0.002,0,0.019,12.553
2025-04-10 19:00,0,0,0,10.623
2025-04-10 20:00,0,0,0,9.234
2025-04-10 21:00,0,0,0,7.677
2025-04-10 22:00,0,0,0,6.206
2025-04-10 23:00,0,0,0,4.962
2025-04-11 00:00,0,0,0,4.041
2025-04-11 01:00,0,0,0,3.401
2025-04-11 02:00,0,0,0,2.997
2025-04-11 03:00,0,0,0,2.697
2025-04-11 04:00,0,0,0,2.338
2025-04-11 05:00,0,0,0.009,2.277
2025-04-11 06:00,0.074,0.046,0.057,5.006
2025-04-11 07:00,0.264,0.243,0.072,7.221
2025-04-11 08:00,0.458,0.482,0.075,9.884
2025-04-11 09:00,0.602,0.688,0.079,13.384
2025-04-11 10:00,0.696,0.839,0.083,15.773
2025-04-11 11:00,0.743,0.922,0.086,17.267
2025-04-11 12:00,0.744,0.930,0.087,18.333
2025-04-11 13:00,0.701,0.864,0.085,19.074
2025-04-11 14:00,0.614,0.730,0.082,19.430
2025-04-11 15:00,0.482,0.542,0.077,19.381
2025-04-11 16:00,0.310,0.321,0.069,18.904
2025-04-11 17:00,0.123,0.106,0.058,17.461
2025-04-11 18:00,0.003,0,0.020,14.176
2025-04-11 19:00,0,0,0,11.684
2025-04-11 20:00,0,0,0,10.235
2025-04-11 21:00,0,0,0,9.048
2025-04-11 22:00,0,0,0,8.012
2025-04-11 23:00,0,0,0,7.140
2025-04-12 00:00,0,0,0,6.426
2025-04-12 01:00,0,0,0,5.809
2025-04-12 02:00,0,0,0,5.280
2025-04-12 03:00,0,0,0,4.732
2025-04-12 04:00,0,0,0,4.035
2025-04-12 05:00,0,0,0.012,3.702
2025-04-12 06:00,0.087,0.049,0.068,6.271
2025-04-12 07:00,0.215,0.135,0.126,8.118
2025-04-12 08:00,0.217,0.077,0.188,9.838
2025-04-12 09:00,0.303,0.128,0.240,12.065
2025-04-12 10:00,0.445,0.287,0.265,14.419
2025-04-12 11:00,0.408,0.212,0.297,16.205
2025-04-12 12:00,0.293,0.082,0.283,16.848
2025-04-12 13:00,0.217,0.038,0.236,16.999
2025-04-12 14:00,0.160,0.021,0.186,16.862
2025-04-12 15:00,0.160,0.028,0.179,16.940
2025-04-12 16:00,0.118,0.022,0.136,16.430
2025-04-12 17:00,0.052,0.007,0.075,14.707
2025-04-12 18:00,0.002,0,0.018,12.363
2025-04-12 19:00,0,0,0,10.841
2025-04-12 20:00,0,0,0,10.357
2025-04-12 21:00,0,0,0,9.769
2025-04-12 22:00,0,0,0,8.566
2025-04-12 23:00,0,0,0,7.454
2025-04-13 00:00,0,0,0,6.344
2025-04-13 01:00,0,0,0,5.633
2025-04-13 02:00,0,0,0,5.550
2025-04-13 03:00,0,0,0,5.895
2025-04-13 04:00,0,0,0,6.008
2025-04-13 05:00,0,0,0.006,5.984
2025-04-13 06:00,0.019,0.001,0.039,6.581
2025-04-13 07:00,0.067,0.007,0.089,7.583
2025-04-13 08:00,0.245,0.100,0.197,9.141
2025-04-13 09:00,0.485,0.412,0.183,10.899
2025-04-13 10:00,0.656,0.697,0.145,12.275
2025-04-13 11:00,0.687,0.737,0.157,13.155
2025-04-13 12:00,0.660,0.676,0.178,13.610
2025-04-13 13:00,0.568,0.500,0.218,13.692
2025-04-13 14:00,0.277,0.093,0.246,12.917
2025-04-13 15:00,0.164,0.028,0.179,12.106
2025-04-13 16:00,0.072,0.006,0.096,11.074
2025-04-13 17:00,0.028,0.002,0.050,10.014
2025-04-13 18:00,0,0,0.013,8.776
2025-04-13 19:00,0,0,0,7.591
2025-04-13 20:00,0,0,0,6.555
2025-04-13 21:00,0,0,0,5.741
2025-04-13 22:00,0,0,0,4.887
2025-04-13 23:00,0,0,0,4.557
2025-04-14 00:00,0,0,0,4.425
2025-04-14 01:00,0,0,0,4.683
2025-04-14 02:00,0,0,0,4.616
2025-04-14 03:00,0,0,0,4.452
2025-04-14 04:00,0,0,0,4.216
2025-04-14 05:00,0,0,0.007,4.421
2025-04-14 06:00,0.046,0.006,0.066,4.901
2025-04-14 07:00,0.153,0.049,0.141,6.589
2025-04-14 08:00,0.315,0.189,0.189,9.026
2025-04-14 09:00,0.459,0.359,0.202,10.909
2025-04-14 10:00,0.567,0.508,0.204,12.275
2025-04-14 11:00,0.627,0.590,0.212,13.180
2025-04-14 12:00,0.437,0.238,0.300,13.222
2025-04-14 13:00,0.257,0.057,0.258,12.654
2025-04-14 14:00,0.210,0.037,0.222,12.221
2025-04-14 15:00,0.182,0.036,0.192,12.154
2025-04-14 16:00,0.144,0.031,0.153,12.093
2025-04-14 17:00,0.036,0.003,0.059,11.044
2025-04-14 18:00,0,0,0.010,9.639
2025-04-14 19:00,0,0,0,8.718
2025-04-14 20:00,0,0,0,8.143
2025-04-14 21:00,0,0,0,7.671
2025-04-14 22:00,0,0,0,7.677
2025-04-14 23:00,0,0,0,7.524
2025-04-15 00:00,0,0,0,7.242
2025-04-15 01:00,0,0,0,7.023
2025-04-15 02:00,0,0,0,6.975
2025-04-15 03:00,0,0,0,6.865
2025-04-15 04:00,0,0,0,6.600
2025-04-15 05:00,0,0,0.009,6.425
2025-04-15 06:00,0.045,0.006,0.065,7.807
2025-04-15 07:00,0.134,0.035,0.136,8.900
2025-04-15 08:00,0.270,0.130,0.196,10.063
2025-04-15 09:00,0.455,0.355,0.202,11.456
2025-04-15 10:00,0.600,0.582,0.180,12.848
2025-04-15 11:00,0.657,0.672,0.178,13.767
2025-04-15 12:00,0.648,0.649,0.190,14.281
2025-04-15 13:00,0.534,0.443,0.230,14.350
2025-04-15 14:00,0.399,0.242,0.250,14.174
2025-04-15 15:00,0.192,0.045,0.195,13.536
2025-04-15 16:00,0.099,0.012,0.121,12.831
2025-04-15 17:00,0.036,0.003,0.059,11.961
2025-04-15 18:00,0,0,0.010,11.022
2025-04-15 19:00,0,0,0,10.460
2025-04-15 20:00,0,0,0,10.176
2025-04-15 21:00,0,0,0,9.832
2025-04-15 22:00,0,0,0,9.552
2025-04-15 23:00,0,0,0,9.226
2025-04-16 00:00,0,0,0,8.784
2025-04-16 01:00,0,0,0,8.223
2025-04-16 02:00,0,0,0,7.562
2025-04-16 03:00,0,0,0,6.932
2025-04-16 04:00,0,0,0,6.322
2025-04-16 05:00,0,0,0.006,5.872
2025-04-16 06:00,0.008,0,0.025,5.785
2025-04-16 07:00,0.021,0.001,0.041,5.935
2025-04-16 08:00,0.063,0.004,0.087,6.235
2025-04-16 09:00,0.187,0.027,0.200,6.924
2025-04-16 10:00,0.385,0.170,0.291,8.282
2025-04-16 11:00,0.509,0.339,0.283,9.640
2025-04-16 12:00,0.509,0.345,0.280,10.552
2025-04-16 13:00,0.514,0.380,0.255,11.333
2025-04-16 14:00,0.462,0.341,0.226,11.792
2025-04-16 15:00,0.370,0.256,0.194,11.671
2025-04-16 16:00,0.223,0.113,0.159,11.038
2025-04-16 17:00,0.100,0.032,0.101,10.088
2025-04-16 18:00,0.013,0,0.033,8.556
2025-04-16 19:00,0,0,0,6.765
2025-04-16 20:00,0,0,0,5.688
2025-04-16 21:00,0,0,0,4.791
2025-04-16 22:00,0,0,0,3.943
2025-04-16 23:00,0,0,0,3.316
2025-04-17 00:00,0,0,0,3.132
2025-04-17 01:00,0,0,0,3.046
2025-04-17 02:00,0,0,0,2.981
2025-04-17 03:00,0,0,0,3.069
2025-04-17 04:00,0,0,0,3.276
2025-04-17 05:00,0,0,0.009,3.518
2025-04-17 06:00,0.029,0.002,0.049,3.863
2025-04-17 07:00,0.139,0.038,0.136,5.083
2025-04-17 08:00,0.340,0.236,0.169,7.522
2025-04-17 09:00,0.615,0.668,0.107,10.882
2025-04-17 10:00,0.686,0.770,0.119,12.575
2025-04-17 11:00,0.681,0.733,0.153,13.377
2025-04-17 12:00,0.642,0.646,0.181,13.845
2025-04-17 13:00,0.583,0.552,0.191,14.180
2025-04-17 14:00,0.508,0.456,0.182,14.357
2025-04-17 15:00,0.373,0.278,0.181,14.220
2025-04-17 16:00,0.163,0.054,0.153,13.612
2025-04-17 17:00,0.076,0.015,0.092,12.867
2025-04-17 18:00,0.008,0,0.027,11.389
2025-04-17 19:00,0,0,0,10.132
2025-04-17 20:00,0,0,0,8.970
2025-04-17 21:00,0,0,0,7.875
2025-04-17 22:00,0,0,0,6.912
2025-04-17 23:00,0,0,0,6.314
2025-04-18 00:00,0,0,0,5.926
2025-04-18 01:00,0,0,0,5.553
2025-04-18 02:00,0,0,0,5.420
2025-04-18 03:00,0,0,0,5.684
2025-04-18 04:00,0,0,0,5.958
2025-04-18 05:00,0,0,0.011,6.095
2025-04-18 06:00,0.054,0.006,0.075,7.103
2025-04-18 07:00,0.189,0.075,0.156,8.768
2025-04-18 08:00,0.362,0.253,0.186,11.081
2025-04-18 09:00,0.496,0.410,0.207,13.261
2025-04-18 10:00,0.425,0.225,0.300,14.102
2025-04-18 11:00,0.231,0.033,0.253,13.594
2025-04-18 12:00,0.168,0.013,0.199,13.037
2025-04-18 13:00,0.155,0.011,0.186,12.824
2025-04-18 14:00,0.113,0.006,0.143,12.499
2025-04-18 15:00,0.072,0.003,0.100,11.904
2025-04-18 16:00,0.036,0.001,0.060,11.277
2025-04-18 17:00,0.011,0,0.030,10.800
2025-04-18 18:00,0,0,0.009,10.450
2025-04-18 19:00,0,0,0,10.182
2025-04-18 20:00,0,0,0,10.065
2025-04-18 21:00,0,0,0,9.910
2025-04-18 22:00,0,0,0,9.612
2025-04-18 23:00,0,0,0,9.304
2025-04-19 00:00,0,0,0,9.019
2025-04-19 01:00,0,0,0,8.768
2025-04-19 02:00,0,0,0,8.577
2025-04-19 03:00,0,0,0,8.401
2025-04-19 04:00,0,0,0,8.332
2025-04-19 05:00,0,0,0.007,8.250
2025-04-19 06:00,0.029,0.002,0.051,8.384
2025-04-19 07:00,0.103,0.014,0.123,9.014
2025-04-19 08:00,0.207,0.052,0.202,10.281
2025-04-19 09:00,0.286,0.092,0.256,11.805
2025-04-19 10:00,0.337,0.120,0.293,13.027
2025-04-19 11:00,0.354,0.123,0.311,13.698
2025-04-19 12:00,0.330,0.098,0.307,13.944
2025-04-19 13:00,0.283,0.068,0.280,13.792
2025-04-19 14:00,0.256,0.063,0.252,13.388
2025-04-19 15:00,0.266,0.098,0.228,12.883
2025-04-19 16:00,0.218,0.097,0.171,12.043
2025-04-19 17:00,0.112,0.039,0.109,10.856
2025-04-19 18:00,0.018,0,0.040,9.114
2025-04-19 19:00,0,0,0,7.382
2025-04-19 20:00,0,0,0,6.668
2025-04-19 21:00,0,0,0,6.076
2025-04-19 22:00,0,0,0,5.477
2025-04-19 23:00,0,0,0,4.853
2025-04-20 00:00,0,0,0,3.929
2025-04-20 01:00,0,0,0,3.514
2025-04-20 02:00,0,0,0,3.335
2025-04-20 03:00,0,0,0,3.195
2025-04-20 04:00,0,0,0,2.890
2025-04-20 05:00,0.003,0,0.020,2.975
2025-04-20 06:00,0.084,0.034,0.079,4.230
2025-04-20 07:00,0.295,0.268,0.081,5.877
2025-04-20 08:00,0.473,0.482,0.088,7.674
2025-04-20 09:00,0.607,0.658,0.098,9.400
2025-04-20 10:00,0.703,0.806,0.102,11.059
2025-04-20 11:00,0.750,0.885,0.105,12.482
2025-04-20 12:00,0.727,0.841,0.118,13.542
2025-04-20 13:00,0.660,0.728,0.130,14.214
2025-04-20 14:00,0.582,0.619,0.124,14.553
2025-04-20 15:00,0.445,0.430,0.123,14.566
2025-04-20 16:00,0.277,0.224,0.118,14.220
2025-04-20 17:00,0.115,0.058,0.095,13.368
2025-04-20 18:00,0.016,0,0.037,11.222
2025-04-20 19:00,0,0,0,9.220
2025-04-20 20:00,0,0,0,8.530
2025-04-20 21:00,0,0,0,7.787
2025-04-20 22:00,0,0,0,7.147
2025-04-20 23:00,0,0,0,6.635
2025-04-21 00:00,0,0,0,6.383
2025-04-21 01:00,0,0,0,6.515
2025-04-21 02:00,0,0,0,7.026
2025-04-21 03:00,0,0,0,7.271
2025-04-21 04:00,0,0,0,7.262
2025-04-21 05:00,0,0,0.009,7.377
2025-04-21 06:00,0.019,0.001,0.040,7.962
2025-04-21 07:00,0.053,0.003,0.078,8.692
2025-04-21 08:00,0.088,0.005,0.115,9.603
2025-04-21 09:00,0.118,0.007,0.147,10.417
2025-04-21 10:00,0.152,0.011,0.181,11.133
2025-04-21 11:00,0.215,0.024,0.240,11.826
2025-04-21 12:00,0.292,0.060,0.297,12.640
2025-04-21 13:00,0.385,0.149,0.323,13.543
2025-04-21 14:00,0.281,0.075,0.270,13.638
2025-04-21 15:00,0.225,0.055,0.224,13.429
2025-04-21 16:00,0.198,0.063,0.183,13.228
2025-04-21 17:00,0.091,0.016,0.108,12.536
2025-04-21 18:00,0.019,0,0.041,10.769
2025-04-21 19:00,0,0,0.001,8.646
2025-04-21 20:00,0,0,0,7.660
2025-04-21 21:00,0,0,0,6.885
2025-04-21 22:00,0,0,0,6.381
2025-04-21 23:00,0,0,0,5.901
2025-04-22 00:00,0,0,0,5.648
2025-04-22 01:00,0,0,0,5.741
2025-04-22 02:00,0,0,0,5.977
2025-04-22 03:00,0,0,0,6.063
2025-04-22 04:00,0,0,0,6.014
2025-04-22 05:00,0,0,0.016,6.017
2025-04-22 06:00,0.043,0.004,0.065,6.414
2025-04-22 07:00,0.090,0.011,0.109,7.234
2025-04-22 08:00,0.250,0.096,0.205,8.922
2025-04-22 09:00,0.463,0.360,0.206,11.033
2025-04-22 10:00,0.581,0.541,0.193,12.736
2025-04-22 11:00,0.629,0.613,0.195,13.771
2025-04-22 12:00,0.632,0.620,0.196,14.409
2025-04-22 13:00,0.603,0.588,0.186,14.734
2025-04-22 14:00,0.544,0.521,0.167,14.834
2025-04-22 15:00,0.428,0.379,0.152,14.617
2025-04-22 16:00,0.286,0.220,0.132,14.146
2025-04-22 17:00,0.117,0.050,0.105,13.201
2025-04-22 18:00,0.022,0,0.045,11.438
2025-04-22 19:00,0,0,0.001,9.659
2025-04-22 20:00,0,0,0,9.078
2025-04-22 21:00,0,0,0,8.603
2025-04-22 22:00,0,0,0,8.244
2025-04-22 23:00,0,0,0,8.105
2025-04-23 00:00,0,0,0,7.995
2025-04-23 01:00,0,0,0,7.882
2025-04-23 02:00,0,0,0,7.798
2025-04-23 03:00,0,0,0,7.599
2025-04-23 04:00,0,0,0,7.495
2025-04-23 05:00,0,0,0.013,7.469
2025-04-23 06:00,0.041,0.003,0.063,7.848
2025-04-23 07:00,0.159,0.047,0.151,8.854
2025-04-23 08:00,0.393,0.312,0.164,10.557
2025-04-23 09:00,0.529,0.490,0.168,12.195
2025-04-23 10:00,0.569,0.515,0.203,13.307
2025-04-23 11:00,0.648,0.644,0.194,14.165
2025-04-23 12:00,0.620,0.583,0.215,14.560
2025-04-23 13:00,0.534,0.433,0.241,14.693
2025-04-23 14:00,0.429,0.284,0.247,14.634
2025-04-23 15:00,0.273,0.110,0.227,14.330
2025-04-23 16:00,0.145,0.030,0.156,13.926
2025-04-23 17:00,0.081,0.013,0.101,13.403
2025-04-23 18:00,0.015,0,0.036,12.054
2025-04-23 19:00,0,0,0.001,10.495
2025-04-23 20:00,0,0,0,9.625
2025-04-23 21:00,0,0,0,8.580
2025-04-23 22:00,0,0,0,7.541
2025-04-23 23:00,0,0,0,6.396
2025-04-24 00:00,0,0,0,5.391
2025-04-24 01:00,0,0,0,5.293
2025-04-24 02:00,0,0,0,5.661
2025-04-24 03:00,0,0,0,5.599
2025-04-24 04:00,0,0,0,5.557
2025-04-24 05:00,0,0,0.013,5.767
2025-04-24 06:00,0.035,0.003,0.057,6.203
2025-04-24 07:00,0.108,0.018,0.123,6.860
2025-04-24 08:00,0.299,0.165,0.193,8.493
2025-04-24 09:00,0.615,0.663,0.111,10.594
2025-04-24 10:00,0.712,0.821,0.106,12.139
2025-04-24 11:00,0.757,0.899,0.109,13.349
2025-04-24 12:00,0.755,0.898,0.112,14.268
2025-04-24 13:00,0.713,0.834,0.111,14.858
2025-04-24 14:00,0.623,0.694,0.111,15.063
2025-04-24 15:00,0.477,0.483,0.114,14.953
2025-04-24 16:00,0.317,0.285,0.105,14.606
2025-04-24 17:00,0.143,0.096,0.089,13.846
2025-04-24 18:00,0.024,0,0.048,11.811
2025-04-24 19:00,0,0,0.002,9.036
2025-04-24 20:00,0,0,0,7.966
2025-04-24 21:00,0,0,0,7.309
2025-04-24 22:00,0,0,0,6.546
2025-04-24 23:00,0,0,0,5.856
2025-04-25 00:00,0,0,0,5.680
2025-04-25 01:00,0,0,0,5.669
2025-04-25 02:00,0,0,0,5.368
2025-04-25 03:00,0,0,0,5.128
2025-04-25 04:00,0,0,0,4.954
2025-04-25 05:00,0.007,0,0.024,4.901
2025-04-25 06:00,0.065,0.009,0.083,5.639
2025-04-25 07:00,0.248,0.158,0.139,7.724
2025-04-25 08:00,0.447,0.411,0.131,10.078
2025-04-25 09:00,0.502,0.431,0.189,11.688
2025-04-25 10:00,0.461,0.301,0.267,12.555
2025-04-25 11:00,0.465,0.278,0.297,13.257
2025-04-25 12:00,0.473,0.289,0.299,13.921
2025-04-25 13:00,0.463,0.292,0.283,14.420
2025-04-25 14:00,0.394,0.223,0.263,14.652
2025-04-25 15:00,0.280,0.116,0.229,14.565
2025-04-25 16:00,0.177,0.051,0.174,14.248
2025-04-25 17:00,0.076,0.010,0.098,13.632
2025-04-25 18:00,0.017,0,0.038,12.240
2025-04-25 19:00,0,0,0.002,10.434
2025-04-25 20:00,0,0,0,9.606
2025-04-25 21:00,0,0,0,9.262
2025-04-25 22:00,0,0,0,8.980
2025-04-25 23:00,0,0,0,8.580
2025-04-26 00:00,0,0,0,7.868
2025-04-26 01:00,0,0,0,7.468
2025-04-26 02:00,0,0,0,7.085
2025-04-26 03:00,0,0,0,6.668
2025-04-26 04:00,0,0,0,6.444
2025-04-26 05:00,0.002,0,0.018,6.498
2025-04-26 06:00,0.047,0.003,0.070,7.016
2025-04-26 07:00,0.131,0.022,0.145,8.030
2025-04-26 08:00,0.252,0.083,0.221,9.728
2025-04-26 09:00,0.383,0.201,0.266,11.885
2025-04-26 10:00,0.436,0.245,0.294,13.649
2025-04-26 11:00,0.477,0.285,0.310,14.637
2025-04-26 12:00,0.462,0.258,0.320,15.246
2025-04-26 13:00,0.367,0.142,0.312,15.490
2025-04-26 14:00,0.282,0.077,0.272,15.536
2025-04-26 15:00,0.213,0.045,0.222,15.479
2025-04-26 16:00,0.123,0.016,0.147,15.219
2025-04-26 17:00,0.076,0.008,0.100,14.838
2025-04-26 18:00,0.020,0,0.043,13.479
2025-04-26 19:00,0,0,0.002,11.685
2025-04-26 20:00,0,0,0,10.828
2025-04-26 21:00,0,0,0,10.131
2025-04-26 22:00,0,0,0,9.377
2025-04-26 23:00,0,0,0,8.457
2025-04-27 00:00,0,0,0,7.587
2025-04-27 01:00,0,0,0,6.907
2025-04-27 02:00,0,0,0,6.287
2025-04-27 03:00,0,0,0,5.708
2025-04-27 04:00,0,0,0,5.416
2025-04-27 05:00,0.014,0,0.034,6.458
2025-04-27 06:00,0.093,0.037,0.088,8.152
2025-04-27 07:00,0.271,0.225,0.103,10.136
2025-04-27 08:00,0.477,0.500,0.088,12.327
2025-04-27 09:00,0.608,0.686,0.094,14.529
2025-04-27 10:00,0.699,0.829,0.098,16.015
2025-04-27 11:00,0.744,0.909,0.101,17.126
2025-04-27 12:00,0.745,0.914,0.102,17.935
2025-04-27 13:00,0.704,0.848,0.101,18.430
2025-04-27 14:00,0.621,0.720,0.098,18.622
2025-04-27 15:00,0.493,0.537,0.094,18.497
2025-04-27 16:00,0.331,0.327,0.087,18.043
2025-04-27 17:00,0.152,0.122,0.076,17.048
2025-04-27 18:00,0.025,0,0.049,14.687
2025-04-27 19:00,0,0,0.003,11.880
2025-04-27 20:00,0,0,0,10.898
2025-04-27 21:00,0,0,0,10.202
2025-04-27 22:00,0,0,0,9.468
2025-04-27 23:00,0,0,0,8.806
2025-04-28 00:00,0,0,0,8.264
2025-04-28 01:00,0,0,0,7.827
2025-04-28 02:00,0,0,0,7.438
2025-04-28 03:00,0,0,0,7.083
2025-04-28 04:00,0,0,0,6.858
2025-04-28 05:00,0.014,0,0.034,7.542
2025-04-28 06:00,0.093,0.030,0.095,9.660
2025-04-28 07:00,0.226,0.139,0.138,11.219
2025-04-28 08:00,0.386,0.325,0.150,14.112
2025-04-28 09:00,0.517,0.500,0.155,15.952
2025-04-28 10:00,0.596,0.608,0.166,17.246
2025-04-28 11:00,0.631,0.658,0.175,18.278
2025-04-28 12:00,0.640,0.679,0.172,19.075
2025-04-28 13:00,0.623,0.670,0.156,19.674
2025-04-28 14:00,0.563,0.597,0.139,19.994
2025-04-28 15:00,0.452,0.453,0.125,20.036
2025-04-28 16:00,0.308,0.279,0.109,19.831
2025-04-28 17:00,0.148,0.107,0.088,19.450
2025-04-28 18:00,0.027,0,0.052,17.919
2025-04-28 19:00,0,0,0.004,15.965
2025-04-28 20:00,0,0,0,14.793
2025-04-28 21:00,0,0,0,13.387
2025-04-28 22:00,0,0,0,12.083
2025-04-28 23:00,0,0,0,11.197
2025-04-29 00:00,0,0,0,10.471
2025-04-29 01:00,0,0,0,9.872
2025-04-29 02:00,0,0,0,9.322
2025-04-29 03:00,0,0,0,8.888
2025-04-29 04:00,0,0,0.001,8.537
2025-04-29 05:00,0.016,0,0.037,8.950
2025-04-29 06:00,0.117,0.079,0.074,11.161
2025-04-29 07:00,0.292,0.272,0.085,12.636
2025-04-29 08:00,0.463,0.489,0.090,15.199
2025-04-29 09:00,0.601,0.692,0.092,17.803
2025-04-29 10:00,0.695,0.843,0.094,18.882
2025-04-29 11:00,0.742,0.926,0.096,19.683
2025-04-29 12:00,0.746,0.938,0.096,20.311
2025-04-29 13:00,0.707,0.874,0.094,20.730
2025-04-29 14:00,0.624,0.743,0.092,20.933
2025-04-29 15:00,0.498,0.559,0.087,20.897
2025-04-29 16:00,0.335,0.344,0.081,20.611
2025-04-29 17:00,0.156,0.133,0.072,19.834
2025-04-29 18:00,0.025,0,0.049,17.068
2025-04-29 19:00,0,0,0.005,14.202
2025-04-29 20:00,0,0,0,12.687
2025-04-29 21:00,0,0,0,11.524
2025-04-29 22:00,0,0,0,10.471
2025-04-29 23:00,0,0,0,9.436
2025-04-30 00:00,0,0,0,8.412
2025-04-30 01:00,0,0,0,7.511
2025-04-30 02:00,0,0,0,6.793
2025-04-30 03:00,0,0,0,6.229
2025-04-30 04:00,0,0,0.001,5.810
2025-04-30 05:00,0.015,0,0.036,6.757
2025-04-30 06:00,0.130,0.109,0.058,9.267
2025-04-30 07:00,0.321,0.322,0.066,11.170
2025-04-30 08:00,0.493,0.543,0.073,14.307
2025-04-30 09:00,0.620,0.735,0.080,18.243
2025-04-30 10:00,0.706,0.875,0.085,19.688
2025-04-30 11:00,0.749,0.952,0.088,20.592
2025-04-30 12:00,0.752,0.961,0.089,21.339
2025-04-30 13:00,0.713,0.899,0.087,21.819
2025-04-30 14:00,0.632,0.770,0.083,22.063
2025-04-30 15:00,0.508,0.586,0.078,22.017
2025-04-30 16:00,0.345,0.368,0.072,21.888
2025-04-30 17:00,0.161,0.148,0.064,21.600
2025-04-30 18:00,0.022,0,0.047,19.466
2025-04-30 19:00,0,0,0.006,17.260
2025-04-30 20:00,0,0,0,15.074
2025-04-30 21:00,0,0,0,13.110
2025-04-30 22:00,0,0,0,11.932
2025-04-30 23:00,0,0,0,10.994
2025-05-01 00:00,0,0,0,10.115
2025-05-01 01:00,0,0,0,9.305
2025-05-01 02:00,0,0,0,8.605
2025-05-01 03:00,0,0,0,7.961
2025-05-01 04:00,0,0,0.001,7.393
2025-05-01 05:00,0.019,0,0.040,8.345
2025-05-01 06:00,0.130,0.099,0.069,11.170
2025-05-01 07:00,0.311,0.299,0.081,13.138
2025-05-01 08:00,0.468,0.490,0.097,15.755
2025-05-01 09:00,0.545,0.577,0.131,19.557
2025-05-01 10:00,0.575,0.594,0.168,21.685
2025-05-01 11:00,0.658,0.750,0.149,22.715
2025-05-01 12:00,0.694,0.832,0.130,23.448
2025-05-01 13:00,0.643,0.745,0.136,23.845
2025-05-01 14:00,0.526,0.539,0.159,23.966
2025-05-01 15:00,0.356,0.272,0.187,23.958
2025-05-01 16:00,0.220,0.118,0.167,23.478
2025-05-01 17:00,0.108,0.034,0.117,22.228
2025-05-01 18:00,0.029,0,0.055,20.364
2025-05-01 19:00,0,0,0.006,17.637
2025-05-01 20:00,0,0,0,15.197
2025-05-01 21:00,0,0,0,13.318
2025-05-01 22:00,0,0,0,12.228
2025-05-01 23:00,0,0,0,11.209
2025-05-02 00:00,0,0,0,10.316
2025-05-02 01:00,0,0,0,9.657
2025-05-02 02:00,0,0,0,9.111
2025-05-02 03:00,0,0,0,8.834
2025-05-02 04:00,0,0,0.001,8.609
2025-05-02 05:00,0.019,0,0.041,8.937
2025-05-02 06:00,0.116,0.059,0.093,10.085
2025-05-02 07:00,0.254,0.182,0.127,11.751
2025-05-02 08:00,0.360,0.273,0.168,13.054
2025-05-02 09:00,0.469,0.399,0.185,14.318
2025-05-02 10:00,0.622,0.655,0.151,15.726
2025-05-02 11:00,0.730,0.868,0.117,17.073
2025-05-02 12:00,0.735,0.887,0.113,18.054
2025-05-02 13:00,0.695,0.825,0.112,18.654
2025-05-02 14:00,0.612,0.696,0.110,18.876
2025-05-02 15:00,0.477,0.498,0.111,18.753
2025-05-02 16:00,0.324,0.304,0.102,18.312
2025-05-02 17:00,0.157,0.116,0.087,17.414
2025-05-02 18:00,0.032,0,0.057,15.420
2025-05-02 19:00,0,0,0.007,12.523
2025-05-02 20:00,0,0,0,11.092
2025-05-02 21:00,0,0,0,10
2025-05-02 22:00,0,0,0,9.056
2025-05-02 23:00,0,0,0,8.274
2025-05-03 00:00,0,0,0,7.663
2025-05-03 01:00,0,0,0,7.126
2025-05-03 02:00,0,0,0,6.859
2025-05-03 03:00,0,0,0,6.810
2025-05-03 04:00,0,0,0.001,7.002
2025-05-03 05:00,0.018,0,0.039,7.207
2025-05-03 06:00,0.125,0.076,0.085,8.291
2025-05-03 07:00,0.326,0.317,0.076,10.134
2025-05-03 08:00,0.501,0.539,0.081,11.833
2025-05-03 09:00,0.630,0.718,0.090,13.389
2025-05-03 10:00,0.712,0.841,0.100,14.657
2025-05-03 11:00,0.712,0.820,0.125,15.450
2025-05-03 12:00,0.695,0.780,0.141,15.916
2025-05-03 13:00,0.625,0.660,0.153,16.085
2025-05-03 14:00,0.621,0.696,0.112,16.346
2025-05-03 15:00,0.464,0.463,0.120,16.159
2025-05-03 16:00,0.331,0.307,0.102,15.791
2025-05-03 17:00,0.148,0.091,0.100,14.822
2025-05-03 18:00,0.034,0,0.060,13.140
2025-05-03 19:00,0,0,0.008,10.533
2025-05-03 20:00,0,0,0,8.737
2025-05-03 21:00,0,0,0,7.492
2025-05-03 22:00,0,0,0,6.453
2025-05-03 23:00,0,0,0,5.653
2025-05-04 00:00,0,0,0,5.060
2025-05-04 01:00,0,0,0,4.685
2025-05-04 02:00,0,0,0,4.566
2025-05-04 03:00,0,0,0,4.600
2025-05-04 04:00,0,0,0.002,4.612
2025-05-04 05:00,0.022,0,0.044,5.787
2025-05-04 06:00,0.102,0.030,0.104,7.213
2025-05-04 07:00,0.245,0.152,0.143,8.747
2025-05-04 08:00,0.409,0.345,0.150,9.982
2025-05-04 09:00,0.557,0.546,0.146,11.062
2025-05-04 10:00,0.651,0.686,0.147,11.971
2025-05-04 11:00,0.699,0.760,0.150,12.661
2025-05-04 12:00,0.692,0.745,0.156,13.056
2025-05-04 13:00,0.658,0.696,0.153,13.184
2025-05-04 14:00,0.569,0.564,0.153,13.015
2025-05-04 15:00,0.459,0.421,0.145,12.651
2025-05-04 16:00,0.258,0.154,0.160,11.774
2025-05-04 17:00,0.137,0.056,0.119,10.661
2025-05-04 18:00,0.038,0,0.064,9.162
2025-05-04 19:00,0,0,0.008,7.076
2025-05-04 20:00,0,0,0,5.440
2025-05-04 21:00,0,0,0,4.455
2025-05-04 22:00,0,0,0,3.822
2025-05-04 23:00,0,0,0,3.384
2025-05-05 00:00,0,0,0,3.064
2025-05-05 01:00,0,0,0,2.744
2025-05-05 02:00,0,0,0,2.404
2025-05-05 03:00,0,0,0,2.067
2025-05-05 04:00,0,0,0.002,1.990
2025-05-05 05:00,0.023,0,0.045,2.846
2025-05-05 06:00,0.133,0.077,0.090,4.674
2025-05-05 07:00,0.263,0.186,0.128,7.143
2025-05-05 08:00,0.399,0.324,0.156,9.204
2025-05-05 09:00,0.490,0.415,0.185,10.602
2025-05-05 10:00,0.571,0.521,0.193,11.649
2025-05-05 11:00,0.686,0.734,0.155,12.596
2025-05-05 12:00,0.720,0.809,0.136,13.228
2025-05-05 13:00,0.677,0.744,0.135,13.523
2025-05-05 14:00,0.606,0.646,0.126,13.515
2025-05-05 15:00,0.484,0.481,0.119,13.228
2025-05-05 16:00,0.338,0.310,0.103,12.694
2025-05-05 17:00,0.167,0.119,0.091,11.793
2025-05-05 18:00,0.037,0,0.063,10.355
2025-05-05 19:00,0,0,0.010,7.491
2025-05-05 20:00,0,0,0,5.966
2025-05-05 21:00,0,0,0,5.032
2025-05-05 22:00,0,0,0,4.139
2025-05-05 23:00,0,0,0,3.300
2025-05-06 00:00,0,0,0,2.532
2025-05-06 01:00,0,0,0,1.911
2025-05-06 02:00,0,0,0,1.438
2025-05-06 03:00,0,0,0,0.993
2025-05-06 04:00,0,0,0.003,0.586
2025-05-06 05:00,0.021,0,0.042,2.345
2025-05-06 06:00,0.147,0.122,0.060,4.593
2025-05-06 07:00,0.337,0.329,0.071,7.179
2025-05-06 08:00,0.510,0.542,0.079,8.765
2025-05-06 09:00,0.642,0.724,0.087,10.158
2025-05-06 10:00,0.732,0.863,0.092,11.472
2025-05-06 11:00,0.773,0.933,0.097,12.635
2025-05-06 12:00,0.770,0.932,0.099,13.627
2025-05-06 13:00,0.721,0.851,0.103,14.324
2025-05-06 14:00,0.607,0.664,0.115,14.683
2025-05-06 15:00,0.478,0.479,0.118,14.720
2025-05-06 16:00,0.280,0.207,0.138,14.384
2025-05-06 17:00,0.139,0.067,0.113,13.792
2025-05-06 18:00,0.038,0,0.064,12.586
2025-05-06 19:00,0,0,0.010,9.812
2025-05-06 20:00,0,0,0,8.361
2025-05-06 21:00,0,0,0,7.543
2025-05-06 22:00,0,0,0,7.089
2025-05-06 23:00,0,0,0,6.892
2025-05-07 00:00,0,0,0,6.596
2025-05-07 01:00,0,0,0,6.389
2025-05-07 02:00,0,0,0,6.234
2025-05-07 03:00,0,0,0,6.194
2025-05-07 04:00,0,0,0.003,6.099
2025-05-07 05:00,0.026,0,0.049,6.659
2025-05-07 06:00,0.115,0.037,0.112,8.052
2025-05-07 07:00,0.235,0.125,0.161,10.098
2025-05-07 08:00,0.346,0.218,0.201,11.654
2025-05-07 09:00,0.439,0.308,0.232,12.931
2025-05-07 10:00,0.515,0.399,0.247,14.081
2025-05-07 11:00,0.580,0.501,0.240,15.077
2025-05-07 12:00,0.612,0.567,0.224,15.847
2025-05-07 13:00,0.556,0.482,0.230,16.249
2025-05-07 14:00,0.491,0.401,0.219,16.406
2025-05-07 15:00,0.364,0.237,0.215,16.151
2025-05-07 16:00,0.217,0.085,0.186,15.445
2025-05-07 17:00,0.116,0.027,0.128,14.415
2025-05-07 18:00,0.041,0,0.067,12.802
2025-05-07 19:00,0,0,0.010,10.619
2025-05-07 20:00,0,0,0,8.970
2025-05-07 21:00,0,0,0,7.494
2025-05-07 22:00,0,0,0,6.345
2025-05-07 23:00,0,0,0,5.323
2025-05-08 00:00,0,0,0,4.492
2025-05-08 01:00,0,0,0,3.884
2025-05-08 02:00,0,0,0,3.550
2025-05-08 03:00,0,0,0,3.601
2025-05-08 04:00,0,0,0.004,3.903
2025-05-08 05:00,0.026,0,0.048,5.385
2025-05-08 06:00,0.141,0.101,0.076,7.334
2025-05-08 07:00,0.327,0.316,0.077,9.484
2025-05-08 08:00,0.491,0.515,0.087,10.880
2025-05-08 09:00,0.619,0.690,0.096,11.920
2025-05-08 10:00,0.712,0.833,0.099,12.818
2025-05-08 11:00,0.760,0.913,0.101,13.609
2025-05-08 12:00,0.770,0.936,0.098,14.218
2025-05-08 13:00,0.733,0.880,0.095,14.613
2025-05-08 14:00,0.650,0.753,0.092,14.709
2025-05-08 15:00,0.512,0.550,0.093,14.487
2025-05-08 16:00,0.354,0.348,0.086,14.027
2025-05-08 17:00,0.173,0.141,0.078,13.221
2025-05-08 18:00,0.034,0,0.059,11.762
2025-05-08 19:00,0,0,0.012,8.756
2025-05-08 20:00,0,0,0,7.119
2025-05-08 21:00,0,0,0,6.176
2025-05-08 22:00,0,0,0,5.198
2025-05-08 23:00,0,0,0,4.255
2025-05-09 00:00,0,0,0,3.440
2025-05-09 01:00,0,0,0,2.882
2025-05-09 02:00,0,0,0,2.623
2025-05-09 03:00,0,0,0,2.453
2025-05-09 04:00,0,0,0.005,2.691
2025-05-09 05:00,0.026,0,0.048,4.499
2025-05-09 06:00,0.110,0.040,0.103,6.123
2025-05-09 07:00,0.324,0.300,0.087,8.290
2025-05-09 08:00,0.502,0.533,0.083,10.581
2025-05-09 09:00,0.634,0.724,0.088,12.838
2025-05-09 10:00,0.718,0.860,0.093,15.059
2025-05-09 11:00,0.758,0.933,0.096,16.604
2025-05-09 12:00,0.760,0.941,0.097,17.499
2025-05-09 13:00,0.720,0.877,0.096,18.000
2025-05-09 14:00,0.637,0.746,0.094,18.173
2025-05-09 15:00,0.512,0.566,0.090,18.049
2025-05-09 16:00,0.356,0.364,0.081,17.639
2025-05-09 17:00,0.176,0.154,0.072,16.717
2025-05-09 18:00,0.030,0,0.055,14.513
2025-05-09 19:00,0,0,0.014,11.188
2025-05-09 20:00,0,0,0,9.446
2025-05-09 21:00,0,0,0,8.395
2025-05-09 22:00,0,0,0,7.421
2025-05-09 23:00,0,0,0,6.586
2025-05-10 00:00,0,0,0,5.816
2025-05-10 01:00,0,0,0,5.080
2025-05-10 02:00,0,0,0,4.564
2025-05-10 03:00,0,0,0,4.702
2025-05-10 04:00,0,0,0.005,4.725
2025-05-10 05:00,0.029,0,0.052,6.232
2025-05-10 06:00,0.125,0.063,0.097,7.903
2025-05-10 07:00,0.328,0.314,0.082,10.321
2025-05-10 08:00,0.497,0.534,0.084,12.912
2025-05-10 09:00,0.627,0.725,0.088,15.727
2025-05-10 10:00,0.709,0.862,0.093,17.924
2025-05-10 11:00,0.750,0.933,0.097,18.943
2025-05-10 12:00,0.749,0.933,0.100,19.530
2025-05-10 13:00,0.706,0.860,0.101,19.827
2025-05-10 14:00,0.624,0.731,0.099,19.883
2025-05-10 15:00,0.494,0.535,0.101,19.646
2025-05-10 16:00,0.324,0.303,0.104,19.095
2025-05-10 17:00,0.167,0.129,0.087,17.981
2025-05-10 18:00,0.035,0,0.061,15.733
2025-05-10 19:00,0,0,0.014,12.637
2025-05-10 20:00,0,0,0,11.068
2025-05-10 21:00,0,0,0,10.170
2025-05-10 22:00,0,0,0,9.195
2025-05-10 23:00,0,0,0,8.290
2025-05-11 00:00,0,0,0,7.476
2025-05-11 01:00,0,0,0,6.692
2025-05-11 02:00,0,0,0,6.054
2025-05-11 03:00,0,0,0,5.540
2025-05-11 04:00,0,0,0.006,5.715
2025-05-11 05:00,0.029,0,0.052,7.603
2025-05-11 06:00,0.131,0.069,0.098,9.143
2025-05-11 07:00,0.321,0.300,0.089,11.456
2025-05-11 08:00,0.484,0.511,0.094,14.485
2025-05-11 09:00,0.603,0.682,0.102,17.139
2025-05-11 10:00,0.685,0.815,0.108,19.101
2025-05-11 11:00,0.727,0.889,0.111,20.249
2025-05-11 12:00,0.731,0.902,0.110,21.017
2025-05-11 13:00,0.693,0.840,0.110,21.530
2025-05-11 14:00,0.587,0.657,0.123,21.714
2025-05-11 15:00,0.434,0.411,0.147,21.495
2025-05-11 16:00,0.253,0.162,0.161,20.857
2025-05-11 17:00,0.140,0.064,0.122,19.923
2025-05-11 18:00,0.043,0,0.071,18.280
2025-05-11 19:00,0,0,0.015,15.885
2025-05-11 20:00,0,0,0,14.482
2025-05-11 21:00,0,0,0,13.499
2025-05-11 22:00,0,0,0,12.343
2025-05-11 23:00,0,0,0,11.268
2025-05-12 00:00,0,0,0,10.341
2025-05-12 01:00,0,0,0,9.619
2025-05-12 02:00,0,0,0,9.114
2025-05-12 03:00,0,0,0,8.718
2025-05-12 04:00,0,0,0.007,8.505
2025-05-12 05:00,0.030,0,0.054,9.961
2025-05-12 06:00,0.141,0.099,0.081,11.397
2025-05-12 07:00,0.312,0.292,0.090,13.546
2025-05-12 08:00,0.474,0.505,0.094,16.870
2025-05-12 09:00,0.597,0.685,0.100,19.226
2025-05-12 10:00,0.668,0.791,0.112,20.648
2025-05-12 11:00,0.693,0.826,0.124,21.595
2025-05-12 12:00,0.682,0.801,0.134,22.174
2025-05-12 13:00,0.647,0.747,0.132,22.497
2025-05-12 14:00,0.584,0.660,0.120,22.592
2025-05-12 15:00,0.475,0.508,0.111,22.429
2025-05-12 16:00,0.324,0.310,0.104,21.898
2025-05-12 17:00,0.168,0.133,0.087,20.985
2025-05-12 18:00,0.036,0,0.063,19.155
2025-05-12 19:00,0.001,0,0.016,16.348
2025-05-12 20:00,0,0,0,14.688
2025-05-12 21:00,0,0,0,13.503
2025-05-12 22:00,0,0,0,12.485
2025-05-12 23:00,0,0,0,11.490
2025-05-13 00:00,0,0,0,10.618
2025-05-13 01:00,0,0,0,10.019
2025-05-13 02:00,0,0,0,9.577
2025-05-13 03:00,0,0,0,9.056
2025-05-13 04:00,0,0,0.007,8.663
2025-05-13 05:00,0.029,0,0.053,9.361
2025-05-13 06:00,0.148,0.119,0.069,10.830
2025-05-13 07:00,0.326,0.322,0.076,13.196
2025-05-13 08:00,0.491,0.535,0.082,15.454
2025-05-13 09:00,0.620,0.725,0.087,17.522
2025-05-13 10:00,0.702,0.859,0.092,19.095
2025-05-13 11:00,0.743,0.932,0.095,20.165
2025-05-13 12:00,0.746,0.940,0.096,20.802
2025-05-13 13:00,0.709,0.880,0.094,21.049
2025-05-13 14:00,0.632,0.758,0.090,20.935
2025-05-13 15:00,0.514,0.582,0.085,20.537
2025-05-13 16:00,0.358,0.375,0.078,19.815
2025-05-13 17:00,0.181,0.163,0.069,18.668
2025-05-13 18:00,0.030,0,0.055,16.687
2025-05-13 19:00,0.001,0,0.017,13.813
2025-05-13 20:00,0,0,0,11.956
2025-05-13 21:00,0,0,0,10.709
2025-05-13 22:00,0,0,0,9.433
2025-05-13 23:00,0,0,0,8.284
2025-05-14 00:00,0,0,0,7.473
2025-05-14 01:00,0,0,0,7.442
2025-05-14 02:00,0,0,0,7.407
2025-05-14 03:00,0,0,0,7.237
2025-05-14 04:00,0,0,0.007,6.796
2025-05-14 05:00,0.030,0,0.054,7.032
2025-05-14 06:00,0.158,0.136,0.061,8.655
2025-05-14 07:00,0.344,0.348,0.068,10.921
2025-05-14 08:00,0.511,0.561,0.076,12.958
2025-05-14 09:00,0.640,0.748,0.082,14.689
2025-05-14 10:00,0.723,0.881,0.087,16.218
2025-05-14 11:00,0.763,0.952,0.091,17.396
2025-05-14 12:00,0.763,0.956,0.093,18.242
2025-05-14 13:00,0.719,0.883,0.094,18.727
2025-05-14 14:00,0.636,0.750,0.093,18.851
2025-05-14 15:00,0.510,0.564,0.091,18.638
2025-05-14 16:00,0.350,0.350,0.088,18.050
2025-05-14 17:00,0.174,0.140,0.083,17.045
2025-05-14 18:00,0.038,0,0.065,15.266
2025-05-14 19:00,0.002,0,0.018,12.494
2025-05-14 20:00,0,0,0,10.541
2025-05-14 21:00,0,0,0,9.277
2025-05-14 22:00,0,0,0,8.058
2025-05-14 23:00,0,0,0,7.024
2025-05-15 00:00,0,0,0,6.178
2025-05-15 01:00,0,0,0,5.603
2025-05-15 02:00,0,0,0,5.129
2025-05-15 03:00,0,0,0,5.015
2025-05-15 04:00,0,0,0.008,5.441
2025-05-15 05:00,0.032,0,0.055,6.667
2025-05-15 06:00,0.143,0.088,0.092,8.330
2025-05-15 07:00,0.337,0.327,0.080,10.305
2025-05-15 08:00,0.508,0.546,0.083,11.987
2025-05-15 09:00,0.628,0.711,0.094,13.409
2025-05-15 10:00,0.692,0.799,0.110,14.653
2025-05-15 11:00,0.745,0.893,0.108,15.789
2025-05-15 12:00,0.755,0.922,0.104,16.713
2025-05-15 13:00,0.717,0.863,0.102,17.298
2025-05-15 14:00,0.638,0.741,0.099,17.508
2025-05-15 15:00,0.501,0.534,0.103,17.303
2025-05-15 16:00,0.342,0.324,0.102,16.690
2025-05-15 17:00,0.173,0.122,0.098,15.649
2025-05-15 18:00,0.047,0,0.075,14.216
2025-05-15 19:00,0.001,0,0.017,12.346
2025-05-15 20:00,0,0,0,10.881
2025-05-15 21:00,0,0,0,9.902
2025-05-15 22:00,0,0,0,9.342
2025-05-15 23:00,0,0,0,8.397
2025-05-16 00:00,0,0,0,7.106
2025-05-16 01:00,0,0,0,6.087
2025-05-16 02:00,0,0,0,5.489
2025-05-16 03:00,0,0,0,5.546
2025-05-16 04:00,0,0,0.008,6.316
2025-05-16 05:00,0.028,0,0.052,6.953
2025-05-16 06:00,0.118,0.043,0.110,7.969
2025-05-16 07:00,0.346,0.340,0.077,10.006
2025-05-16 08:00,0.515,0.562,0.077,12.234
2025-05-16 09:00,0.642,0.747,0.084,14.397
2025-05-16 10:00,0.724,0.881,0.089,16.248
2025-05-16 11:00,0.763,0.952,0.093,17.589
2025-05-16 12:00,0.763,0.958,0.094,18.526
2025-05-16 13:00,0.723,0.893,0.093,19.105
2025-05-16 14:00,0.643,0.765,0.090,19.333
2025-05-16 15:00,0.522,0.588,0.086,19.226
2025-05-16 16:00,0.364,0.378,0.080,18.729
2025-05-16 17:00,0.185,0.165,0.072,17.733
2025-05-16 18:00,0.033,0,0.059,15.952
2025-05-16 19:00,0.004,0,0.021,13.014
2025-05-16 20:00,0,0,0,10.906
2025-05-16 21:00,0,0,0,9.771
2025-05-16 22:00,0,0,0,8.713
2025-05-16 23:00,0,0,0,8.154
2025-05-17 00:00,0,0,0,8.214
2025-05-17 01:00,0,0,0,8.344
2025-05-17 02:00,0,0,0,8.253
2025-05-17 03:00,0,0,0,8.144
2025-05-17 04:00,0,0,0.005,8.074
2025-05-17 05:00,0.020,0,0.042,8.262
2025-05-17 06:00,0.104,0.023,0.114,8.833
2025-05-17 07:00,0.275,0.195,0.137,10.070
2025-05-17 08:00,0.454,0.436,0.121,11.595
2025-05-17 09:00,0.622,0.692,0.102,12.942
2025-05-17 10:00,0.720,0.852,0.099,14.113
2025-05-17 11:00,0.763,0.927,0.102,15.098
2025-05-17 12:00,0.766,0.937,0.102,15.923
2025-05-17 13:00,0.726,0.875,0.100,16.544
2025-05-17 14:00,0.646,0.752,0.097,16.902
2025-05-17 15:00,0.521,0.571,0.093,17.129
2025-05-17 16:00,0.363,0.366,0.087,17.161
2025-05-17 17:00,0.186,0.159,0.078,16.840
2025-05-17 18:00,0.037,0,0.064,15.714
2025-05-17 19:00,0.005,0,0.022,12.840
2025-05-17 20:00,0,0,0,10.986
2025-05-17 21:00,0,0,0,10.135
2025-05-17 22:00,0,0,0,9.248
2025-05-17 23:00,0,0,0,8.342
2025-05-18 00:00,0,0,0,7.481
2025-05-18 01:00,0,0,0,6.759
2025-05-18 02:00,0,0,0,6.090
2025-05-18 03:00,0,0,0,5.404
2025-05-18 04:00,0,0,0.012,5.295
2025-05-18 05:00,0.036,0,0.061,7.436
2025-05-18 06:00,0.138,0.076,0.099,9.027
2025-05-18 07:00,0.342,0.331,0.081,10.571
2025-05-18 08:00,0.510,0.548,0.084,12.009
2025-05-18 09:00,0.639,0.730,0.091,13.256
2025-05-18 10:00,0.723,0.862,0.096,14.459
2025-05-18 11:00,0.764,0.934,0.100,15.558
2025-05-18 12:00,0.766,0.942,0.100,16.491
2025-05-18 13:00,0.725,0.878,0.100,17.162
2025-05-18 14:00,0.644,0.752,0.097,17.539
2025-05-18 15:00,0.518,0.568,0.095,17.562
2025-05-18 16:00,0.356,0.349,0.094,17.238
2025-05-18 17:00,0.176,0.125,0.100,16.489
2025-05-18 18:00,0.050,0,0.079,15.172
2025-05-18 19:00,0.002,0,0.018,13.470
2025-05-18 20:00,0,0,0,12.098
2025-05-18 21:00,0,0,0,10.902
2025-05-18 22:00,0,0,0,9.633
2025-05-18 23:00,0,0,0,8.383
2025-05-19 00:00,0,0,0,7.381
2025-05-19 01:00,0,0,0,6.979
2025-05-19 02:00,0,0,0,6.803
2025-05-19 03:00,0,0,0,6.632
2025-05-19 04:00,0,0,0.010,6.572
2025-05-19 05:00,0.038,0,0.063,7.685
2025-05-19 06:00,0.124,0.035,0.124,9.223
2025-05-19 07:00,0.251,0.139,0.166,10.669
2025-05-19 08:00,0.407,0.325,0.172,11.996
2025-05-19 09:00,0.560,0.548,0.157,13.264
2025-05-19 10:00,0.650,0.685,0.157,14.437
2025-05-19 11:00,0.682,0.733,0.166,15.428
2025-05-19 12:00,0.685,0.739,0.168,16.251
2025-05-19 13:00,0.620,0.627,0.182,16.748
2025-05-19 14:00,0.589,0.608,0.156,17.134
2025-05-19 15:00,0.393,0.296,0.195,17.008
2025-05-19 16:00,0.318,0.247,0.149,17.017
2025-05-19 17:00,0.160,0.071,0.136,16.556
2025-05-19 18:00,0.047,0,0.076,15.474
2025-05-19 19:00,0.001,0,0.018,13.800
2025-05-19 20:00,0,0,0,12.800
2025-05-19 21:00,0,0,0,12.122
2025-05-19 22:00,0,0,0,10.968
2025-05-19 23:00,0,0,0,9.736
2025-05-20 00:00,0,0,0,8.641
2025-05-20 01:00,0,0,0,7.682
2025-05-20 02:00,0,0,0,6.997
2025-05-20 03:00,0,0,0,6.326
2025-05-20 04:00,0,0,0.013,6.555
2025-05-20 05:00,0.039,0,0.065,7.940
2025-05-20 06:00,0.159,0.110,0.089,9.391
2025-05-20 07:00,0.344,0.331,0.086,11.539
2025-05-20 08:00,0.502,0.531,0.095,13.383
2025-05-20 09:00,0.620,0.696,0.106,15.408
2025-05-20 10:00,0.708,0.840,0.109,17.141
2025-05-20 11:00,0.749,0.912,0.112,18.224
2025-05-20 12:00,0.739,0.893,0.120,18.994
2025-05-20 13:00,0.686,0.796,0.131,19.488
2025-05-20 14:00,0.540,0.522,0.178,19.576
2025-05-20 15:00,0.350,0.215,0.226,19.230
2025-05-20 16:00,0.199,0.061,0.194,18.771
2025-05-20 17:00,0.106,0.016,0.129,18.141
2025-05-20 18:00,0.042,0,0.070,16.688
2025-05-20 19:00,0.001,0,0.017,14.670
2025-05-20 20:00,0,0,0,13.443
2025-05-20 21:00,0,0,0,12.773
2025-05-20 22:00,0,0,0,12.124
2025-05-20 23:00,0,0,0,11.549
2025-05-21 00:00,0,0,0,11.089
2025-05-21 01:00,0,0,0,10.675
2025-05-21 02:00,0,0,0,10.428
2025-05-21 03:00,0,0,0,10.258
2025-05-21 04:00,0,0,0.005,10.123
2025-05-21 05:00,0.011,0,0.031,10.354
2025-05-21 06:00,0.070,0.006,0.094,10.988
2025-05-21 07:00,0.184,0.050,0.180,12.272
2025-05-21 08:00,0.348,0.216,0.212,13.937
2025-05-21 09:00,0.544,0.524,0.169,15.756
2025-05-21 10:00,0.629,0.657,0.167,17.085
2025-05-21 11:00,0.659,0.698,0.177,17.924
2025-05-21 12:00,0.672,0.728,0.171,18.536
2025-05-21 13:00,0.660,0.730,0.152,18.991
2025-05-21 14:00,0.606,0.666,0.133,19.198
2025-05-21 15:00,0.482,0.483,0.134,19.034
2025-05-21 16:00,0.316,0.252,0.144,18.470
2025-05-21 17:00,0.167,0.091,0.126,17.613
2025-05-21 18:00,0.051,0.002,0.078,16.138
2025-05-21 19:00,0.010,0,0.030,13.170
2025-05-21 20:00,0,0,0,10.926
2025-05-21 21:00,0,0,0,9.919
2025-05-21 22:00,0,0,0,8.935
2025-05-21 23:00,0,0,0,8.349
2025-05-22 00:00,0,0,0,7.676
2025-05-22 01:00,0,0,0,6.883
2025-05-22 02:00,0,0,0,6.285
2025-05-22 03:00,0,0,0,5.936
2025-05-22 04:00,0.001,0,0.016,6.083
2025-05-22 05:00,0.040,0,0.065,8.199
2025-05-22 06:00,0.164,0.120,0.085,10.136
2025-05-22 07:00,0.317,0.271,0.114,11.973
2025-05-22 08:00,0.402,0.318,0.175,12.940
2025-05-22 09:00,0.449,0.319,0.235,13.373
2025-05-22 10:00,0.490,0.339,0.271,13.722
2025-05-22 11:00,0.509,0.344,0.293,13.991
2025-05-22 12:00,0.491,0.314,0.299,14.165
2025-05-22 13:00,0.534,0.413,0.260,14.412
2025-05-22 14:00,0.486,0.373,0.233,14.433
2025-05-22 15:00,0.394,0.275,0.210,14.393
2025-05-22 16:00,0.288,0.179,0.176,14.339
2025-05-22 17:00,0.161,0.068,0.138,14.045
2025-05-22 18:00,0.058,0.001,0.087,13.290
2025-05-22 19:00,0.010,0,0.029,11.167
2025-05-22 20:00,0,0,0,9.344
2025-05-22 21:00,0,0,0,8.354
2025-05-22 22:00,0,0,0,7.576
2025-05-22 23:00,0,0,0,6.758
2025-05-23 00:00,0,0,0,5.978
2025-05-23 01:00,0,0,0,5.331
2025-05-23 02:00,0,0,0,4.746
2025-05-23 03:00,0,0,0,4.257
2025-05-23 04:00,0.001,0,0.016,4.270
2025-05-23 05:00,0.038,0,0.062,6.615
2025-05-23 06:00,0.165,0.123,0.082,8.843
2025-05-23 07:00,0.337,0.318,0.092,11.856
2025-05-23 08:00,0.496,0.519,0.100,13.854
2025-05-23 09:00,0.619,0.693,0.108,15.233
2025-05-23 10:00,0.707,0.832,0.111,16.427
2025-05-23 11:00,0.745,0.897,0.117,17.410
2025-05-23 12:00,0.720,0.839,0.136,18.117
2025-05-23 13:00,0.624,0.649,0.174,18.437
2025-05-23 14:00,0.534,0.504,0.185,18.593
2025-05-23 15:00,0.408,0.319,0.196,18.555
2025-05-23 16:00,0.226,0.087,0.198,18.091
2025-05-23 17:00,0.096,0.011,0.122,17.041
2025-05-23 18:00,0.029,0,0.053,15.519
2025-05-23 19:00,0,0,0.013,14.115
2025-05-23 20:00,0,0,0,13.142
2025-05-23 21:00,0,0,0,12.561
2025-05-23 22:00,0,0,0,12.123
2025-05-23 23:00,0,0,0,11.740
2025-05-24 00:00,0,0,0,11.476
2025-05-24 01:00,0,0,0,11.381
2025-05-24 02:00,0,0,0,11.512
2025-05-24 03:00,0,0,0,11.853
2025-05-24 04:00,0,0,0.006,12.273
2025-05-24 05:00,0.036,0,0.062,13.086
2025-05-24 06:00,0.087,0.008,0.113,14.140
2025-05-24 07:00,0.192,0.049,0.193,15.294
2025-05-24 08:00,0.365,0.222,0.232,16.820
2025-05-24 09:00,0.463,0.334,0.254,18.194
2025-05-24 10:00,0.485,0.322,0.300,19.137
2025-05-24 11:00,0.465,0.261,0.335,19.642
2025-05-24 12:00,0.472,0.267,0.339,19.958
2025-05-24 13:00,0.452,0.246,0.332,20.038
2025-05-24 14:00,0.331,0.108,0.309,19.447
2025-05-24 15:00,0.205,0.032,0.229,18.367
2025-05-24 16:00,0.144,0.016,0.172,17.418
2025-05-24 17:00,0.097,0.008,0.126,16.568
2025-05-24 18:00,0.036,0,0.062,15.629
2025-05-24 19:00,0,0,0.015,14.789
2025-05-24 20:00,0,0,0,14.193
2025-05-24 21:00,0,0,0,13.839
2025-05-24 22:00,0,0,0,13.705
2025-05-24 23:00,0,0,0,13.686
2025-05-25 00:00,0,0,0,13.676
2025-05-25 01:00,0,0,0,13.524
2025-05-25 02:00,0,0,0,13.123
2025-05-25 03:00,0,0,0,12.479
2025-05-25 04:00,0,0,0.016,12.033
2025-05-25 05:00,0.043,0,0.070,12.361
2025-05-25 06:00,0.131,0.050,0.121,12.788
2025-05-25 07:00,0.314,0.273,0.112,13.280
2025-05-25 08:00,0.487,0.504,0.104,14.128
2025-05-25 09:00,0.611,0.678,0.110,15.003
2025-05-25 10:00,0.694,0.803,0.116,15.744
2025-05-25 11:00,0.738,0.875,0.119,16.284
2025-05-25 12:00,0.741,0.880,0.120,16.607
2025-05-25 13:00,0.693,0.796,0.126,16.664
2025-05-25 14:00,0.608,0.658,0.131,16.534
2025-05-25 15:00,0.435,0.376,0.169,16.092
2025-05-25 16:00,0.269,0.154,0.179,15.474
2025-05-25 17:00,0.150,0.055,0.139,14.774
2025-05-25 18:00,0.056,0.003,0.083,13.940
2025-05-25 19:00,0.012,0,0.032,12.574
2025-05-25 20:00,0,0,0,11.156
2025-05-25 21:00,0,0,0,10.168
2025-05-25 22:00,0,0,0,9.461
2025-05-25 23:00,0,0,0,8.947
2025-05-26 00:00,0,0,0,8.520
2025-05-26 01:00,0,0,0,8.310
2025-05-26 02:00,0,0,0,8.096
2025-05-26 03:00,0,0,0,7.993
2025-05-26 04:00,0,0,0.014,8.332
2025-05-26 05:00,0.037,0,0.062,9.109
2025-05-26 06:00,0.090,0.008,0.114,10.181
2025-05-26 07:00,0.164,0.027,0.179,11.546
2025-05-26 08:00,0.268,0.081,0.247,12.748
2025-05-26 09:00,0.464,0.311,0.264,13.979
2025-05-26 10:00,0.521,0.377,0.279,14.735
2025-05-26 11:00,0.570,0.448,0.280,15.380
2025-05-26 12:00,0.633,0.580,0.244,16.044
2025-05-26 13:00,0.552,0.427,0.279,16.237
2025-05-26 14:00,0.343,0.121,0.304,15.723
2025-05-26 15:00,0.241,0.051,0.249,15.397
2025-05-26 16:00,0.195,0.040,0.206,15.280
2025-05-26 17:00,0.129,0.018,0.151,14.791
2025-05-26 18:00,0.032,0,0.057,13.633
2025-05-26 19:00,0,0,0.009,12.684
2025-05-26 20:00,0,0,0,12.260
2025-05-26 21:00,0,0,0,12.184
2025-05-26 22:00,0,0,0,12.347
2025-05-26 23:00,0,0,0,12.603
2025-05-27 00:00,0,0,0,12.721
2025-05-27 01:00,0,0,0,12.477
2025-05-27 02:00,0,0,0,12.041
2025-05-27 03:00,0,0,0,11.423
2025-05-27 04:00,0.002,0,0.018,11.142
2025-05-27 05:00,0.015,0,0.036,11.324
2025-05-27 06:00,0.040,0.001,0.065,11.656
2025-05-27 07:00,0.087,0.004,0.116,12.310
2025-05-27 08:00,0.295,0.077,0.285,13.727
2025-05-27 09:00,0.205,0.021,0.235,14.047
2025-05-27 10:00,0.199,0.015,0.234,13.958
2025-05-27 11:00,0.178,0.010,0.214,13.855
2025-05-27 12:00,0.143,0.007,0.178,13.972
2025-05-27 13:00,0.204,0.015,0.241,14.998
2025-05-27 14:00,0.198,0.016,0.234,15.882
2025-05-27 15:00,0.177,0.015,0.211,16.259
2025-05-27 16:00,0.110,0.006,0.142,16.155
2025-05-27 17:00,0.060,0.002,0.089,15.743
2025-05-27 18:00,0.018,0,0.040,15.129
2025-05-27 19:00,0,0,0.015,14.536
2025-05-27 20:00,0,0,0,14.002
2025-05-27 21:00,0,0,0,13.537
2025-05-27 22:00,0,0,0,13.314
2025-05-27 23:00,0,0,0,13.056
2025-05-28 00:00,0,0,0,12.787
2025-05-28 01:00,0,0,0,12.552
2025-05-28 02:00,0,0,0,12.247
2025-05-28 03:00,0,0,0,11.839
2025-05-28 04:00,0.003,0,0.020,11.656
2025-05-28 05:00,0.051,0,0.079,12.303
2025-05-28 06:00,0.131,0.034,0.136,13.155
2025-05-28 07:00,0.198,0.059,0.188,13.888
2025-05-28 08:00,0.343,0.191,0.231,14.816
2025-05-28 09:00,0.473,0.356,0.238,15.786
2025-05-28 10:00,0.516,0.392,0.264,16.511
2025-05-28 11:00,0.586,0.509,0.251,17.221
2025-05-28 12:00,0.642,0.636,0.212,17.878
2025-05-28 13:00,0.628,0.636,0.192,18.153
2025-05-28 14:00,0.566,0.551,0.184,18.255
2025-05-28 15:00,0.380,0.254,0.223,17.996
2025-05-28 16:00,0.295,0.182,0.187,17.727
2025-05-28 17:00,0.158,0.051,0.153,17.042
2025-05-28 18:00,0.060,0.001,0.090,15.919
2025-05-28 19:00,0,0,0.016,14.182
2025-05-28 20:00,0,0,0,13.134
2025-05-28 21:00,0,0,0,12.773
2025-05-28 22:00,0,0,0,12.556
2025-05-28 23:00,0,0,0,12.171
2025-05-29 00:00,0,0,0,11.864
2025-05-29 01:00,0,0,0,11.731
2025-05-29 02:00,0,0,0,11.739
2025-05-29 03:00,0,0,0,11.866
2025-05-29 04:00,0,0,0.009,12.140
2025-05-29 05:00,0.036,0,0.062,12.627
2025-05-29 06:00,0.124,0.026,0.137,14.045
2025-05-29 07:00,0.189,0.052,0.188,15.963
2025-05-29 08:00,0.283,0.115,0.239,17.452
2025-05-29 09:00,0.480,0.390,0.224,19.182
2025-05-29 10:00,0.600,0.601,0.195,20.549
2025-05-29 11:00,0.614,0.604,0.216,21.140
2025-05-29 12:00,0.604,0.579,0.226,21.275
2025-05-29 13:00,0.611,0.621,0.195,21.450
2025-05-29 14:00,0.559,0.564,0.173,21.421
2025-05-29 15:00,0.468,0.451,0.152,21.104
2025-05-29 16:00,0.337,0.287,0.140,20.511
2025-05-29 17:00,0.170,0.078,0.143,19.547
2025-05-29 18:00,0.064,0.002,0.094,18.390
2025-05-29 19:00,0.014,0,0.035,17.061
2025-05-29 20:00,0,0,0.001,15.730
2025-05-29 21:00,0,0,0,14.899
2025-05-29 22:00,0,0,0,14.240
2025-05-29 23:00,0,0,0,13.691
2025-05-30 00:00,0,0,0,13.290
2025-05-30 01:00,0,0,0,12.841
2025-05-30 02:00,0,0,0,12.475
2025-05-30 03:00,0,0,0,12.120
2025-05-30 04:00,0.006,0,0.024,12.131
2025-05-30 05:00,0.037,0,0.064,13.128
2025-05-30 06:00,0.168,0.133,0.082,14.778
2025-05-30 07:00,0.323,0.293,0.108,16.647
2025-05-30 08:00,0.406,0.340,0.171,17.912
2025-05-30 09:00,0.441,0.322,0.237,18.737
2025-05-30 10:00,0.489,0.365,0.263,19.457
2025-05-30 11:00,0.603,0.578,0.221,20.289
2025-05-30 12:00,0.653,0.696,0.185,20.937
2025-05-30 13:00,0.618,0.646,0.181,21.301
2025-05-30 14:00,0.552,0.550,0.176,21.412
2025-05-30 15:00,0.399,0.302,0.208,21.117
2025-05-30 16:00,0.215,0.073,0.203,20.461
2025-05-30 17:00,0.119,0.021,0.141,19.696
2025-05-30 18:00,0.066,0.003,0.096,18.935
2025-05-30 19:00,0.013,0,0.034,17.179
2025-05-30 20:00,0,0,0.001,15.554
2025-05-30 21:00,0,0,0,14.969
2025-05-30 22:00,0,0,0,14.271
2025-05-30 23:00,0,0,0,13.408
2025-05-31 00:00,0,0,0,12.683
2025-05-31 01:00,0,0,0,12.237
2025-05-31 02:00,0,0,0,11.959
2025-05-31 03:00,0,0,0,11.639
2025-05-31 04:00,0.004,0,0.021,11.891
2025-05-31 05:00,0.047,0,0.075,13.486
2025-05-31 06:00,0.160,0.106,0.099,15.018
2025-05-31 07:00,0.315,0.281,0.111,16.652
2025-05-31 08:00,0.456,0.451,0.126,18.001
2025-05-31 09:00,0.545,0.554,0.153,19.073
2025-05-31 10:00,0.623,0.668,0.160,20.047
2025-05-31 11:00,0.661,0.724,0.168,20.778
2025-05-31 12:00,0.625,0.641,0.196,21.135
2025-05-31 13:00,0.590,0.586,0.198,21.338
2025-05-31 14:00,0.510,0.461,0.204,21.265
2025-05-31 15:00,0.366,0.250,0.215,20.829
2025-05-31 16:00,0.307,0.232,0.156,20.286
2025-05-31 17:00,0.194,0.146,0.104,19.360
2025-05-31 18:00,0.059,0.007,0.084,17.823
2025-05-31 19:00,0.016,0,0.038,15.575
2025-05-31 20:00,0,0,0.001,13.263
2025-05-31 21:00,0,0,0,12.434
2025-05-31 22:00,0,0,0,11.831
2025-05-31 23:00,0,0,0,11.369
2025-06-01 00:00,0,0,0,10.973
2025-06-01 01:00,0,0,0,10.567
2025-06-01 02:00,0,0,0,9.922
2025-06-01 03:00,0,0,0,9.180
2025-06-01 04:00,0.006,0,0.024,9.261
2025-06-01 05:00,0.039,0,0.065,10.504
2025-06-01 06:00,0.170,0.138,0.076,12.125
2025-06-01 07:00,0.341,0.329,0.088,13.734
2025-06-01 08:00,0.485,0.502,0.105,14.888
2025-06-01 09:00,0.596,0.648,0.120,15.855
2025-06-01 10:00,0.667,0.750,0.131,16.638
2025-06-01 11:00,0.707,0.811,0.137,17.360
2025-06-01 12:00,0.706,0.811,0.140,17.868
2025-06-01 13:00,0.665,0.745,0.141,18.244
2025-06-01 14:00,0.604,0.658,0.133,18.378
2025-06-01 15:00,0.442,0.393,0.165,18.042
2025-06-01 16:00,0.276,0.165,0.179,17.394
2025-06-01 17:00,0.158,0.060,0.144,16.720
2025-06-01 18:00,0.065,0.004,0.092,15.949
2025-06-01 19:00,0.017,0,0.039,14.261
2025-06-01 20:00,0,0,0.001,12.232
2025-06-01 21:00,0,0,0,11.408
2025-06-01 22:00,0,0,0,10.612
2025-06-01 23:00,0,0,0,9.802
2025-06-02 00:00,0,0,0,9.207
2025-06-02 01:00,0,0,0,8.626
2025-06-02 02:00,0,0,0,8.032
2025-06-02 03:00,0,0,0,7.618
2025-06-02 04:00,0.007,0,0.025,8.022
2025-06-02 05:00,0.042,0,0.068,9.564
2025-06-02 06:00,0.162,0.115,0.090,11.299
2025-06-02 07:00,0.321,0.289,0.103,12.750
2025-06-02 08:00,0.488,0.505,0.103,13.913
2025-06-02 09:00,0.600,0.655,0.115,14.879
2025-06-02 10:00,0.682,0.779,0.120,15.839
2025-06-02 11:00,0.725,0.852,0.122,16.702
2025-06-02 12:00,0.733,0.874,0.119,17.472
2025-06-02 13:00,0.710,0.848,0.110,18.059
2025-06-02 14:00,0.643,0.750,0.101,18.370
2025-06-02 15:00,0.526,0.581,0.096,18.332
2025-06-02 16:00,0.374,0.380,0.089,17.918
2025-06-02 17:00,0.203,0.174,0.083,17.104
2025-06-02 18:00,0.058,0.008,0.080,15.702
2025-06-02 19:00,0.014,0,0.035,13.527
2025-06-02 20:00,0,0,0.001,11.993
2025-06-02 21:00,0,0,0,11.583
2025-06-02 22:00,0,0,0,11.083
2025-06-02 23:00,0,0,0,10.625
2025-06-03 00:00,0,0,0,10.219
2025-06-03 01:00,0,0,0,9.943
2025-06-03 02:00,0,0,0,9.787
2025-06-03 03:00,0,0,0,9.713
2025-06-03 04:00,0,0,0.011,10.004
2025-06-03 05:00,0.026,0,0.049,10.713
2025-06-03 06:00,0.084,0.007,0.110,11.862
2025-06-03 07:00,0.158,0.024,0.176,13.083
2025-06-03 08:00,0.209,0.039,0.222,14.284
2025-06-03 09:00,0.299,0.088,0.281,15.463
2025-06-03 10:00,0.491,0.333,0.289,16.673
2025-06-03 11:00,0.642,0.634,0.212,17.502
2025-06-03 12:00,0.691,0.751,0.173,17.697
2025-06-03 13:00,0.689,0.773,0.147,17.571
2025-06-03 14:00,0.617,0.666,0.140,17.317
2025-06-03 15:00,0.505,0.507,0.134,16.984
2025-06-03 16:00,0.354,0.308,0.132,16.463
2025-06-03 17:00,0.195,0.115,0.130,15.637
2025-06-03 18:00,0.067,0.003,0.095,14.488
2025-06-03 19:00,0.020,0,0.042,13.051
2025-06-03 20:00,0,0,0.001,11.212
2025-06-03 21:00,0,0,0,10.530
2025-06-03 22:00,0,0,0,9.882
2025-06-03 23:00,0,0,0,9.193
2025-06-04 00:00,0,0,0,8.653
2025-06-04 01:00,0,0,0,8.231
2025-06-04 02:00,0,0,0,7.808
2025-06-04 03:00,0,0,0,7.431
2025-06-04 04:00,0.007,0,0.025,7.570
2025-06-04 05:00,0.046,0,0.072,8.961
2025-06-04 06:00,0.169,0.126,0.085,10.627
2025-06-04 07:00,0.334,0.308,0.098,12.211
2025-06-04 08:00,0.476,0.475,0.115,13.374
2025-06-04 09:00,0.579,0.603,0.133,14.325
2025-06-04 10:00,0.661,0.723,0.140,15.195
2025-06-04 11:00,0.688,0.756,0.153,15.838
2025-06-04 12:00,0.685,0.749,0.158,16.311
2025-06-04 13:00,0.655,0.710,0.152,16.630
2025-06-04 14:00,0.596,0.635,0.138,16.807
2025-06-04 15:00,0.494,0.500,0.126,16.825
2025-06-04 16:00,0.340,0.297,0.126,16.534
2025-06-04 17:00,0.193,0.133,0.111,15.965
2025-06-04 18:00,0.065,0.006,0.091,14.846
2025-06-04 19:00,0.019,0,0.041,12.797
2025-06-04 20:00,0,0,0.001,10.919
2025-06-04 21:00,0,0,0,10.762
2025-06-04 22:00,0,0,0,10.590
2025-06-04 23:00,0,0,0,10.461
2025-06-05 00:00,0,0,0,10.451
2025-06-05 01:00,0,0,0,10.633
2025-06-05 02:00,0,0,0,10.700
2025-06-05 03:00,0,0,0,10.643
2025-06-05 04:00,0,0,0.012,10.758
2025-06-05 05:00,0.029,0,0.053,11.208
2025-06-05 06:00,0.108,0.011,0.134,11.940
2025-06-05 07:00,0.195,0.037,0.206,12.743
2025-06-05 08:00,0.178,0.021,0.204,13.056
2025-06-05 09:00,0.288,0.061,0.293,13.812
2025-06-05 10:00,0.396,0.146,0.343,14.916
2025-06-05 11:00,0.511,0.307,0.340,16.073
2025-06-05 12:00,0.587,0.465,0.295,17.082
2025-06-05 13:00,0.575,0.465,0.280,17.675
2025-06-05 14:00,0.398,0.178,0.321,17.443
2025-06-05 15:00,0.221,0.034,0.244,16.727
2025-06-05 16:00,0.119,0.008,0.151,15.934
2025-06-05 17:00,0.053,0.002,0.081,15.041
2025-06-05 18:00,0.021,0,0.044,14.034
2025-06-05 19:00,0,0,0.016,12.907
2025-06-05 20:00,0,0,0.001,11.967
2025-06-05 21:00,0,0,0,11.479
2025-06-05 22:00,0,0,0,10.877
2025-06-05 23:00,0,0,0,10.141
2025-06-06 00:00,0,0,0,9.716
2025-06-06 01:00,0,0,0,9.366
2025-06-06 02:00,0,0,0,9.136
2025-06-06 03:00,0,0,0,9.136
2025-06-06 04:00,0.004,0,0.021,9.424
2025-06-06 05:00,0.050,0,0.077,10.264
2025-06-06 06:00,0.146,0.049,0.138,11.544
2025-06-06 07:00,0.283,0.184,0.162,12.627
2025-06-06 08:00,0.438,0.378,0.162,13.409
2025-06-06 09:00,0.571,0.568,0.157,14.273
2025-06-06 10:00,0.656,0.697,0.158,15.153
2025-06-06 11:00,0.701,0.771,0.160,15.834
2025-06-06 12:00,0.695,0.757,0.167,16.363
2025-06-06 13:00,0.658,0.700,0.167,16.725
2025-06-06 14:00,0.582,0.586,0.166,16.820
2025-06-06 15:00,0.455,0.388,0.184,16.586
2025-06-06 16:00,0.226,0.071,0.211,15.678
2025-06-06 17:00,0.082,0.006,0.110,14.514
2025-06-06 18:00,0.043,0.001,0.070,13.587
2025-06-06 19:00,0.012,0,0.032,12.320
2025-06-06 20:00,0,0,0.001,10.738
2025-06-06 21:00,0,0,0,10.173
2025-06-06 22:00,0,0,0,9.766
2025-06-06 23:00,0,0,0,9.330
2025-06-07 00:00,0,0,0,8.787
2025-06-07 01:00,0,0,0,8.235
2025-06-07 02:00,0,0,0,7.892
2025-06-07 03:00,0,0,0,7.804
2025-06-07 04:00,0.002,0,0.018,8.388
2025-06-07 05:00,0.026,0,0.049,9.343
2025-06-07 06:00,0.084,0.005,0.111,10.268
2025-06-07 07:00,0.166,0.023,0.186,11.411
2025-06-07 08:00,0.207,0.032,0.224,12.052
2025-06-07 09:00,0.293,0.068,0.290,12.804
2025-06-07 10:00,0.383,0.138,0.333,13.767
2025-06-07 11:00,0.536,0.358,0.320,15.084
2025-06-07 12:00,0.587,0.470,0.286,16.128
2025-06-07 13:00,0.546,0.403,0.295,16.548
2025-06-07 14:00,0.340,0.113,0.309,16.044
2025-06-07 15:00,0.268,0.066,0.267,15.477
2025-06-07 16:00,0.199,0.038,0.212,14.791
2025-06-07 17:00,0.135,0.020,0.156,13.989
2025-06-07 18:00,0.076,0.003,0.105,12.983
2025-06-07 19:00,0.019,0,0.041,11.445
2025-06-07 20:00,0,0,0.002,9.815
2025-06-07 21:00,0,0,0,9.343
2025-06-07 22:00,0,0,0,8.919
2025-06-07 23:00,0,0,0,8.422
2025-06-08 00:00,0,0,0,7.959
2025-06-08 01:00,0,0,0,7.450
2025-06-08 02:00,0,0,0,6.910
2025-06-08 03:00,0,0,0,6.388
2025-06-08 04:00,0.009,0,0.027,6.455
2025-06-08 05:00,0.054,0,0.081,7.609
2025-06-08 06:00,0.166,0.099,0.108,9.356
2025-06-08 07:00,0.323,0.272,0.120,11.386
2025-06-08 08:00,0.467,0.443,0.133,12.934
2025-06-08 09:00,0.576,0.585,0.148,14.216
2025-06-08 10:00,0.635,0.652,0.170,15.113
2025-06-08 11:00,0.657,0.671,0.190,15.748
2025-06-08 12:00,0.636,0.620,0.210,16.023
2025-06-08 13:00,0.584,0.528,0.223,16.028
2025-06-08 14:00,0.513,0.430,0.221,16.117
2025-06-08 15:00,0.389,0.261,0.223,16.079
2025-06-08 16:00,0.278,0.147,0.199,15.878
2025-06-08 17:00,0.149,0.037,0.156,15.297
2025-06-08 18:00,0.060,0.002,0.089,14.389
2025-06-08 19:00,0.013,0,0.033,13.057
2025-06-08 20:00,0,0,0.002,11.517
2025-06-08 21:00,0,0,0,10.879
2025-06-08 22:00,0,0,0,10.302
2025-06-08 23:00,0,0,0,9.785
2025-06-09 00:00,0,0,0,9.170
2025-06-09 01:00,0,0,0,8.712
2025-06-09 02:00,0,0,0,8.441
2025-06-09 03:00,0,0,0,8.210
2025-06-09 04:00,0.008,0,0.026,8.748
2025-06-09 05:00,0.060,0,0.088,10.633
2025-06-09 06:00,0.157,0.056,0.143,12.230
2025-06-09 07:00,0.302,0.209,0.162,14.016
2025-06-09 08:00,0.465,0.425,0.157,15.463
2025-06-09 09:00,0.554,0.520,0.190,16.538
2025-06-09 10:00,0.541,0.420,0.274,17.184
2025-06-09 11:00,0.454,0.223,0.350,17.537
2025-06-09 12:00,0.344,0.088,0.341,17.564
2025-06-09 13:00,0.274,0.045,0.298,17.431
2025-06-09 14:00,0.226,0.029,0.256,17.189
2025-06-09 15:00,0.179,0.019,0.209,16.848
2025-06-09 16:00,0.177,0.023,0.202,16.663
2025-06-09 17:00,0.064,0.003,0.093,15.834
2025-06-09 18:00,0.015,0,0.036,14.835
2025-06-09 19:00,0,0,0.012,13.982
2025-06-09 20:00,0,0,0,13.288
2025-06-09 21:00,0,0,0,12.828
2025-06-09 22:00,0,0,0,12.449
2025-06-09 23:00,0,0,0,12.205
2025-06-10 00:00,0,0,0,12.085
2025-06-10 01:00,0,0,0,12.199
2025-06-10 02:00,0,0,0,12.464
2025-06-10 03:00,0,0,0,12.662
2025-06-10 04:00,0.002,0,0.018,12.894
2025-06-10 05:00,0.029,0,0.053,13.385
2025-06-10 06:00,0.098,0.013,0.122,14.159
2025-06-10 07:00,0.242,0.118,0.183,14.958
2025-06-10 08:00,0.442,0.404,0.148,15.821
2025-06-10 09:00,0.584,0.623,0.131,16.806
2025-06-10 10:00,0.677,0.774,0.128,17.619
2025-06-10 11:00,0.729,0.866,0.125,18.301
2025-06-10 12:00,0.728,0.866,0.127,18.798
2025-06-10 13:00,0.695,0.815,0.124,19.110
2025-06-10 14:00,0.619,0.696,0.122,19.167
2025-06-10 15:00,0.508,0.537,0.116,18.987
2025-06-10 16:00,0.368,0.358,0.105,18.547
2025-06-10 17:00,0.205,0.165,0.096,17.809
2025-06-10 18:00,0.063,0.013,0.081,16.559
2025-06-10 19:00,0.021,0,0.044,14.056
2025-06-10 20:00,0,0,0.002,11.542
2025-06-10 21:00,0,0,0,10.563
2025-06-10 22:00,0,0,0,10.180
2025-06-10 23:00,0,0,0,9.811
2025-06-11 00:00,0,0,0,9.426
2025-06-11 01:00,0,0,0,9.048
2025-06-11 02:00,0,0,0,8.757
2025-06-11 03:00,0,0,0,8.636
2025-06-11 04:00,0.007,0,0.025,9.335
2025-06-11 05:00,0.054,0,0.082,11.150
2025-06-11 06:00,0.152,0.070,0.124,12.844
2025-06-11 07:00,0.279,0.194,0.151,15.158
2025-06-11 08:00,0.406,0.341,0.167,17.036
2025-06-11 09:00,0.531,0.523,0.162,18.700
2025-06-11 10:00,0.660,0.756,0.132,20.190
2025-06-11 11:00,0.713,0.857,0.125,21.366
2025-06-11 12:00,0.714,0.863,0.126,22.211
2025-06-11 13:00,0.677,0.804,0.125,22.788
2025-06-11 14:00,0.605,0.695,0.121,23.081
2025-06-11 15:00,0.494,0.531,0.117,23.049
2025-06-11 16:00,0.351,0.337,0.113,22.709
2025-06-11 17:00,0.193,0.142,0.109,21.951
2025-06-11 18:00,0.067,0.010,0.091,20.470
2025-06-11 19:00,0.020,0,0.043,18.232
2025-06-11 20:00,0,0,0.002,16.198
2025-06-11 21:00,0,0,0,14.629
2025-06-11 22:00,0,0,0,13.040
2025-06-11 23:00,0,0,0,11.802
2025-06-12 00:00,0,0,0,11.076
2025-06-12 01:00,0,0,0,10.751
2025-06-12 02:00,0,0,0,10.612
2025-06-12 03:00,0,0,0,10.458
2025-06-12 04:00,0.009,0,0.028,10.683
2025-06-12 05:00,0.060,0,0.090,11.746
2025-06-12 06:00,0.162,0.053,0.154,13.552
2025-06-12 07:00,0.131,0.014,0.158,14.903
2025-06-12 08:00,0.146,0.013,0.177,15.825
2025-06-12 09:00,0.250,0.039,0.274,17.356
2025-06-12 10:00,0.216,0.023,0.251,18.009
2025-06-12 11:00,0.156,0.010,0.193,18.352
2025-06-12 12:00,0.214,0.021,0.252,19.428
2025-06-12 13:00,0.299,0.060,0.318,20.654
2025-06-12 14:00,0.351,0.124,0.324,21.586
2025-06-12 15:00,0.295,0.098,0.278,21.667
2025-06-12 16:00,0.224,0.065,0.222,21.162
2025-06-12 17:00,0.182,0.071,0.165,20.487
2025-06-12 18:00,0.079,0.009,0.106,19.424
2025-06-12 19:00,0.024,0,0.048,17.856
2025-06-12 20:00,0,0,0.003,16.260
2025-06-12 21:00,0,0,0,15.534
2025-06-12 22:00,0,0,0,14.992
2025-06-12 23:00,0,0,0,14.481
2025-06-13 00:00,0,0,0,13.915
2025-06-13 01:00,0,0,0,13.649
2025-06-13 02:00,0,0,0,13.394
2025-06-13 03:00,0,0,0,13.128
2025-06-13 04:00,0.010,0,0.030,13.477
2025-06-13 05:00,0.052,0,0.081,14.405
2025-06-13 06:00,0.163,0.100,0.108,15.777
2025-06-13 07:00,0.311,0.263,0.125,17.382
2025-06-13 08:00,0.434,0.399,0.151,18.680
2025-06-13 09:00,0.545,0.549,0.159,19.728
2025-06-13 10:00,0.659,0.745,0.145,20.789
2025-06-13 11:00,0.611,0.598,0.218,21.384
2025-06-13 12:00,0.453,0.276,0.309,21.458
2025-06-13 13:00,0.517,0.408,0.268,21.974
2025-06-13 14:00,0.507,0.442,0.221,22.318
2025-06-13 15:00,0.376,0.253,0.228,22.279
2025-06-13 16:00,0.248,0.112,0.206,22.280
2025-06-13 17:00,0.160,0.053,0.159,22.325
2025-06-13 18:00,0.068,0.004,0.099,21.580
2025-06-13 19:00,0.020,0,0.044,19.148
2025-06-13 20:00,0,0,0.001,17.942
2025-06-13 21:00,0,0,0,17.845
2025-06-13 22:00,0,0,0,17.366
2025-06-13 23:00,0,0,0,16.500
2025-06-14 00:00,0,0,0,16.260
2025-06-14 01:00,0,0,0,15.764
2025-06-14 02:00,0,0,0,15.519
2025-06-14 03:00,0,0,0,15.635
2025-06-14 04:00,0.008,0,0.027,15.643
2025-06-14 05:00,0.053,0,0.083,16.326
2025-06-14 06:00,0.155,0.085,0.115,17.182
2025-06-14 07:00,0.309,0.267,0.120,18.027
2025-06-14 08:00,0.465,0.473,0.119,18.812
2025-06-14 09:00,0.595,0.664,0.119,19.487
2025-06-14 10:00,0.658,0.749,0.135,19.889
2025-06-14 11:00,0.691,0.794,0.145,20.228
2025-06-14 12:00,0.689,0.786,0.151,20.450
2025-06-14 13:00,0.654,0.730,0.151,20.531
2025-06-14 14:00,0.575,0.605,0.153,20.461
2025-06-14 15:00,0.462,0.439,0.154,20.224
2025-06-14 16:00,0.316,0.235,0.164,19.707
2025-06-14 17:00,0.140,0.035,0.151,18.819
2025-06-14 18:00,0.064,0.003,0.093,17.930
2025-06-14 19:00,0.021,0,0.044,16.548
2025-06-14 20:00,0,0,0.003,14.608
2025-06-14 21:00,0,0,0,13.794
2025-06-14 22:00,0,0,0,13.044
2025-06-14 23:00,0,0,0,12.205
2025-06-15 00:00,0,0,0,11.474
2025-06-15 01:00,0,0,0,10.935
2025-06-15 02:00,0,0,0,10.535
2025-06-15 03:00,0,0,0,10.213
2025-06-15 04:00,0.011,0,0.030,11.006
2025-06-15 05:00,0.051,0,0.080,12.656
2025-06-15 06:00,0.158,0.090,0.112,14.448
2025-06-15 07:00,0.300,0.242,0.130,16.267
2025-06-15 08:00,0.431,0.394,0.148,17.473
2025-06-15 09:00,0.533,0.524,0.163,18.400
2025-06-15 10:00,0.628,0.675,0.158,19.281
2025-06-15 11:00,0.676,0.758,0.154,19.937
2025-06-15 12:00,0.709,0.834,0.136,20.501
2025-06-15 13:00,0.680,0.795,0.129,20.777
2025-06-15 14:00,0.612,0.693,0.122,20.826
2025-06-15 15:00,0.501,0.529,0.120,20.562
2025-06-15 16:00,0.331,0.277,0.141,19.907
2025-06-15 17:00,0.169,0.073,0.147,19.027
2025-06-15 18:00,0.068,0.004,0.097,18.028
2025-06-15 19:00,0.019,0,0.042,16.575
2025-06-15 20:00,0,0,0.003,14.481
2025-06-15 21:00,0,0,0,13.556
2025-06-15 22:00,0,0,0,12.915
2025-06-15 23:00,0,0,0,12.245
2025-06-16 00:00,0,0,0,11.538
2025-06-16 01:00,0,0,0,10.920
2025-06-16 02:00,0,0,0,10.497
2025-06-16 03:00,0,0,0,10.232
2025-06-16 04:00,0.010,0,0.030,10.988
2025-06-16 05:00,0.051,0,0.080,13.288
2025-06-16 06:00,0.152,0.081,0.115,14.855
2025-06-16 07:00,0.296,0.242,0.126,17.040
2025-06-16 08:00,0.460,0.469,0.116,18.668
2025-06-16 09:00,0.597,0.678,0.109,19.965
2025-06-16 10:00,0.676,0.805,0.113,20.991
2025-06-16 11:00,0.716,0.874,0.117,21.784
2025-06-16 12:00,0.719,0.881,0.118,22.377
2025-06-16 13:00,0.682,0.822,0.117,22.764
2025-06-16 14:00,0.609,0.706,0.115,22.901
2025-06-16 15:00,0.499,0.543,0.110,22.795
2025-06-16 16:00,0.358,0.355,0.103,22.416
2025-06-16 17:00,0.200,0.164,0.095,21.732
2025-06-16 18:00,0.064,0.015,0.083,20.472
2025-06-16 19:00,0.021,0,0.044,18.195
2025-06-16 20:00,0,0,0.003,15.871
2025-06-16 21:00,0,0,0,14.654
2025-06-16 22:00,0,0,0,13.467
2025-06-16 23:00,0,0,0,12.289
2025-06-17 00:00,0,0,0,11.242
2025-06-17 01:00,0,0,0,10.491
2025-06-17 02:00,0,0,0,10.100
2025-06-17 03:00,0,0,0,9.965
2025-06-17 04:00,0.010,0,0.030,10.743
2025-06-17 05:00,0.054,0,0.083,12.211
2025-06-17 06:00,0.150,0.066,0.127,13.958
2025-06-17 07:00,0.277,0.190,0.153,15.983
2025-06-17 08:00,0.416,0.363,0.159,17.586
2025-06-17 09:00,0.558,0.582,0.144,19.057
2025-06-17 10:00,0.654,0.743,0.136,20.407
2025-06-17 11:00,0.686,0.794,0.143,21.434
2025-06-17 12:00,0.684,0.791,0.147,22.165
2025-06-17 13:00,0.657,0.755,0.141,22.555
2025-06-17 14:00,0.593,0.663,0.132,22.624
2025-06-17 15:00,0.487,0.510,0.125,22.360
2025-06-17 16:00,0.347,0.322,0.121,21.760
2025-06-17 17:00,0.192,0.130,0.118,20.795
2025-06-17 18:00,0.071,0.010,0.095,19.414
2025-06-17 19:00,0.021,0,0.045,17.368
2025-06-17 20:00,0,0,0.003,15.269
2025-06-17 21:00,0,0,0,14.539
2025-06-17 22:00,0,0,0,13.790
2025-06-17 23:00,0,0,0,13.173
2025-06-18 00:00,0,0,0,12.906
2025-06-18 01:00,0,0,0,12.452
2025-06-18 02:00,0,0,0,12.082
2025-06-18 03:00,0,0,0,11.857
2025-06-18 04:00,0.011,0,0.031,12.412
2025-06-18 05:00,0.045,0,0.073,14.369
2025-06-18 06:00,0.155,0.096,0.104,16.108
2025-06-18 07:00,0.294,0.243,0.124,18.103
2025-06-18 08:00,0.452,0.457,0.120,19.688
2025-06-18 09:00,0.580,0.649,0.117,20.921
2025-06-18 10:00,0.663,0.786,0.118,22.015
2025-06-18 11:00,0.705,0.860,0.119,22.943
2025-06-18 12:00,0.715,0.884,0.116,23.681
2025-06-18 13:00,0.682,0.834,0.113,24.198
2025-06-18 14:00,0.611,0.721,0.109,24.466
2025-06-18 15:00,0.502,0.562,0.103,24.534
2025-06-18 16:00,0.361,0.370,0.097,24.374
2025-06-18 17:00,0.201,0.175,0.089,23.973
2025-06-18 18:00,0.060,0.018,0.076,22.955
2025-06-18 19:00,0.021,0,0.044,20.130
2025-06-18 20:00,0,0,0.003,17.453
2025-06-18 21:00,0,0,0,16.107
2025-06-18 22:00,0,0,0,15.051
2025-06-18 23:00,0,0,0,14.098
2025-06-19 00:00,0,0,0,13.301
2025-06-19 01:00,0,0,0,12.626
2025-06-19 02:00,0,0,0,12.091
2025-06-19 03:00,0,0,0,11.676
2025-06-19 04:00,0.011,0,0.031,12.334
2025-06-19 05:00,0.044,0,0.072,14.058
2025-06-19 06:00,0.161,0.117,0.090,15.669
2025-06-19 07:00,0.321,0.303,0.098,18.020
2025-06-19 08:00,0.470,0.499,0.104,19.930
2025-06-19 09:00,0.589,0.674,0.109,21.631
2025-06-19 10:00,0.668,0.805,0.112,22.950
2025-06-19 11:00,0.709,0.878,0.115,24.013
2025-06-19 12:00,0.712,0.889,0.114,24.902
2025-06-19 13:00,0.678,0.834,0.113,25.428
2025-06-19 14:00,0.607,0.721,0.109,25.617
2025-06-19 15:00,0.496,0.553,0.106,25.612
2025-06-19 16:00,0.356,0.365,0.099,25.466
2025-06-19 17:00,0.200,0.172,0.091,25.207
2025-06-19 18:00,0.064,0.017,0.081,23.674
2025-06-19 19:00,0.020,0,0.044,20.724
2025-06-19 20:00,0,0,0.003,19.031
2025-06-19 21:00,0,0,0,18.401
2025-06-19 22:00,0,0,0,17.697
2025-06-19 23:00,0,0,0,17.187
2025-06-20 00:00,0,0,0,16.860
2025-06-20 01:00,0,0,0,16.220
2025-06-20 02:00,0,0,0,15.087
2025-06-20 03:00,0,0,0,14.153
2025-06-20 04:00,0.013,0,0.033,14.401
2025-06-20 05:00,0.060,0,0.090,15.407
2025-06-20 06:00,0.152,0.054,0.143,16.823
2025-06-20 07:00,0.252,0.121,0.197,18.818
2025-06-20 08:00,0.304,0.128,0.258,20.815
2025-06-20 09:00,0.284,0.074,0.288,21.769
2025-06-20 10:00,0.265,0.049,0.291,22.419
2025-06-20 11:00,0.262,0.043,0.294,23.023
2025-06-20 12:00,0.281,0.053,0.310,23.715
2025-06-20 13:00,0.314,0.081,0.325,24.435
2025-06-20 14:00,0.315,0.099,0.309,24.962
2025-06-20 15:00,0.296,0.111,0.273,25.227
2025-06-20 16:00,0.245,0.096,0.222,25.004
2025-06-20 17:00,0.167,0.057,0.165,24.179
2025-06-20 18:00,0.079,0.009,0.107,22.597
2025-06-20 19:00,0.025,0,0.049,20.238
2025-06-20 20:00,0,0,0.003,18.069
2025-06-20 21:00,0,0,0,17.164
2025-06-20 22:00,0,0,0,16.270
2025-06-20 23:00,0,0,0,15.376
2025-06-21 00:00,0,0,0,14.522
2025-06-21 01:00,0,0,0,13.697
2025-06-21 02:00,0,0,0,13.088
2025-06-21 03:00,0,0,0,12.678
2025-06-21 04:00,0.012,0,0.033,13.516
2025-06-21 05:00,0.053,0,0.083,15.100
2025-06-21 06:00,0.161,0.089,0.119,16.872
2025-06-21 07:00,0.274,0.173,0.172,19.162
2025-06-21 08:00,0.301,0.142,0.241,21.489
2025-06-21 09:00,0.408,0.255,0.273,23.394
2025-06-21 10:00,0.460,0.305,0.300,24.838
2025-06-21 11:00,0.404,0.192,0.337,25.755
2025-06-21 12:00,0.372,0.150,0.337,26.509
2025-06-21 13:00,0.447,0.281,0.314,27.485
2025-06-21 14:00,0.439,0.314,0.272,28.062
2025-06-21 15:00,0.322,0.165,0.257,27.786
2025-06-21 16:00,0.239,0.099,0.216,27.075
2025-06-21 17:00,0.153,0.046,0.162,25.997
2025-06-21 18:00,0.074,0.006,0.105,24.623
2025-06-21 19:00,0.022,0,0.047,22.745
2025-06-21 20:00,0,0,0.003,20.950
2025-06-21 21:00,0,0,0,20.076
2025-06-21 22:00,0,0,0,19.438
2025-06-21 23:00,0,0,0,18.955
2025-06-22 00:00,0,0,0,18.041
2025-06-22 01:00,0,0,0,16.523
2025-06-22 02:00,0,0,0,14.854
2025-06-22 03:00,0,0,0,13.995
2025-06-22 04:00,0.012,0,0.032,13.995
2025-06-22 05:00,0.045,0,0.073,15.049
2025-06-22 06:00,0.168,0.125,0.091,16.991
2025-06-22 07:00,0.324,0.292,0.114,18.569
2025-06-22 08:00,0.405,0.332,0.181,19.366
2025-06-22 09:00,0.405,0.243,0.272,19.709
2025-06-22 10:00,0.339,0.115,0.313,19.664
2025-06-22 11:00,0.341,0.105,0.325,19.667
2025-06-22 12:00,0.425,0.206,0.336,20.123
2025-06-22 13:00,0.513,0.388,0.278,20.720
2025-06-22 14:00,0.524,0.472,0.211,20.988
2025-06-22 15:00,0.427,0.350,0.196,20.687
2025-06-22 16:00,0.296,0.186,0.188,19.964
2025-06-22 17:00,0.166,0.058,0.158,18.988
2025-06-22 18:00,0.074,0.005,0.103,17.894
2025-06-22 19:00,0.020,0,0.043,16.703
2025-06-22 20:00,0,0,0.003,15.657
2025-06-22 21:00,0,0,0,14.929
2025-06-22 22:00,0,0,0,14.448
2025-06-22 23:00,0,0,0,14.318
2025-06-23 00:00,0,0,0,14.142
2025-06-23 01:00,0,0,0,13.472
2025-06-23 02:00,0,0,0,12.236
2025-06-23 03:00,0,0,0,11.013
2025-06-23 04:00,0.012,0,0.032,10.758
2025-06-23 05:00,0.040,0,0.066,11.443
2025-06-23 06:00,0.167,0.129,0.082,12.681
2025-06-23 07:00,0.335,0.317,0.094,14.127
2025-06-23 08:00,0.458,0.449,0.124,15.529
2025-06-23 09:00,0.526,0.502,0.167,16.447
2025-06-23 10:00,0.576,0.549,0.195,17.187
2025-06-23 11:00,0.621,0.617,0.198,17.857
2025-06-23 12:00,0.637,0.658,0.185,18.384
2025-06-23 13:00,0.677,0.774,0.134,18.877
2025-06-23 14:00,0.627,0.716,0.114,19.008
2025-06-23 15:00,0.506,0.536,0.114,18.809
2025-06-23 16:00,0.359,0.338,0.113,18.353
2025-06-23 17:00,0.198,0.140,0.112,17.650
2025-06-23 18:00,0.072,0.012,0.093,16.776
2025-06-23 19:00,0.022,0,0.046,15.417
2025-06-23 20:00,0,0,0.003,13.410
2025-06-23 21:00,0,0,0,12.932
2025-06-23 22:00,0,0,0,12.557
2025-06-23 23:00,0,0,0,12.302
2025-06-24 00:00,0,0,0,12.116
2025-06-24 01:00,0,0,0,12.012
2025-06-24 02:00,0,0,0,12.421
2025-06-24 03:00,0,0,0,12.989
2025-06-24 04:00,0,0,0.014,13.450
2025-06-24 05:00,0.042,0,0.069,14.180
2025-06-24 06:00,0.109,0.017,0.130,15.407
2025-06-24 07:00,0.279,0.183,0.165,17.311
2025-06-24 08:00,0.407,0.342,0.174,19.237
2025-06-24 09:00,0.490,0.434,0.199,20.694
2025-06-24 10:00,0.589,0.596,0.189,21.785
2025-06-24 11:00,0.660,0.733,0.168,22.548
2025-06-24 12:00,0.686,0.795,0.152,23.042
2025-06-24 13:00,0.657,0.755,0.145,23.310
2025-06-24 14:00,0.591,0.656,0.138,23.334
2025-06-24 15:00,0.489,0.511,0.129,23.001
2025-06-24 16:00,0.348,0.319,0.126,22.330
2025-06-24 17:00,0.194,0.129,0.122,21.403
2025-06-24 18:00,0.073,0.012,0.096,20.273
2025-06-24 19:00,0.023,0,0.047,18.842
2025-06-24 20:00,0,0,0.003,17.408
2025-06-24 21:00,0,0,0,16.521
2025-06-24 22:00,0,0,0,15.996
2025-06-24 23:00,0,0,0,15.689
2025-06-25 00:00,0,0,0,15.338
2025-06-25 01:00,0,0,0,14.996
2025-06-25 02:00,0,0,0,14.721
2025-06-25 03:00,0,0,0,14.407
2025-06-25 04:00,0.011,0,0.032,14.623
2025-06-25 05:00,0.055,0,0.085,15.692
2025-06-25 06:00,0.150,0.063,0.132,17.146
2025-06-25 07:00,0.258,0.151,0.174,18.445
2025-06-25 08:00,0.421,0.366,0.170,19.751
2025-06-25 09:00,0.489,0.429,0.203,20.742
2025-06-25 10:00,0.604,0.622,0.185,21.746
2025-06-25 11:00,0.653,0.712,0.177,22.635
2025-06-25 12:00,0.671,0.755,0.168,23.388
2025-06-25 13:00,0.618,0.657,0.182,23.800
2025-06-25 14:00,0.513,0.468,0.210,23.845
2025-06-25 15:00,0.365,0.230,0.240,23.647
2025-06-25 16:00,0.198,0.050,0.207,22.986
2025-06-25 17:00,0.096,0.009,0.126,22.017
2025-06-25 18:00,0.051,0.001,0.081,20.993
2025-06-25 19:00,0.017,0,0.040,19.650
2025-06-25 20:00,0,0,0.003,17.717
2025-06-25 21:00,0,0,0,16.603
2025-06-25 22:00,0,0,0,15.732
2025-06-25 23:00,0,0,0,15.027
2025-06-26 00:00,0,0,0,14.631
2025-06-26 01:00,0,0,0,14.521
2025-06-26 02:00,0,0,0,14.458
2025-06-26 03:00,0,0,0,14.476
2025-06-26 04:00,0.006,0,0.024,14.987
2025-06-26 05:00,0.032,0,0.057,15.578
2025-06-26 06:00,0.097,0.012,0.121,16.519
2025-06-26 07:00,0.312,0.260,0.131,18.443
2025-06-26 08:00,0.447,0.438,0.133,20.020
2025-06-26 09:00,0.561,0.599,0.140,21.173
2025-06-26 10:00,0.646,0.732,0.142,21.957
2025-06-26 11:00,0.685,0.788,0.151,22.122
2025-06-26 12:00,0.622,0.635,0.198,21.491
2025-06-26 13:00,0.625,0.661,0.174,20.803
2025-06-26 14:00,0.611,0.680,0.131,20.222
2025-06-26 15:00,0.519,0.560,0.112,19.692
2025-06-26 16:00,0.372,0.363,0.106,19.130
2025-06-26 17:00,0.213,0.170,0.101,18.453
2025-06-26 18:00,0.073,0.007,0.100,17.329
2025-06-26 19:00,0.012,0,0.033,15.825
2025-06-26 20:00,0,0,0.001,14.556
2025-06-26 21:00,0,0,0,14.071
2025-06-26 22:00,0,0,0,13.649
2025-06-26 23:00,0,0,0,13.255
2025-06-27 00:00,0,0,0,12.962
2025-06-27 01:00,0,0,0,12.720
2025-06-27 02:00,0,0,0,12.649
2025-06-27 03:00,0,0,0,12.096
2025-06-27 04:00,0.010,0,0.030,12.147
2025-06-27 05:00,0.047,0,0.075,13.006
2025-06-27 06:00,0.158,0.096,0.106,14.581
2025-06-27 07:00,0.285,0.210,0.144,16.418
2025-06-27 08:00,0.399,0.321,0.182,18.401
2025-06-27 09:00,0.381,0.230,0.252,19.819
2025-06-27 10:00,0.604,0.624,0.182,21.602
2025-06-27 11:00,0.644,0.695,0.181,22.823
2025-06-27 12:00,0.536,0.454,0.255,23.078
2025-06-27 13:00,0.547,0.495,0.231,23.342
2025-06-27 14:00,0.512,0.477,0.199,23.564
2025-06-27 15:00,0.434,0.395,0.169,23.637
2025-06-27 16:00,0.351,0.333,0.119,23.554
2025-06-27 17:00,0.204,0.167,0.099,22.989
2025-06-27 18:00,0.066,0.020,0.081,22.038
2025-06-27 19:00,0.021,0,0.045,20.755
2025-06-27 20:00,0,0,0.003,19.481
2025-06-27 21:00,0,0,0,18.707
2025-06-27 22:00,0,0,0,18.202
2025-06-27 23:00,0,0,0,17.830
2025-06-28 00:00,0,0,0,17.564
2025-06-28 01:00,0,0,0,17.341
2025-06-28 02:00,0,0,0,17.153
2025-06-28 03:00,0,0,0,16.947
2025-06-28 04:00,0.010,0,0.031,17.079
2025-06-28 05:00,0.039,0,0.066,18.005
2025-06-28 06:00,0.157,0.123,0.082,19.557
2025-06-28 07:00,0.317,0.309,0.093,21.162
2025-06-28 08:00,0.466,0.504,0.101,22.419
2025-06-28 09:00,0.581,0.671,0.108,23.414
2025-06-28 10:00,0.660,0.797,0.113,24.241
2025-06-28 11:00,0.700,0.866,0.117,24.852
2025-06-28 12:00,0.703,0.872,0.118,25.192
2025-06-28 13:00,0.671,0.817,0.117,25.259
2025-06-28 14:00,0.602,0.707,0.113,25.053
2025-06-28 15:00,0.498,0.554,0.105,24.665
2025-06-28 16:00,0.360,0.366,0.098,23.985
2025-06-28 17:00,0.202,0.174,0.090,23.031
2025-06-28 18:00,0.063,0.021,0.077,21.779
2025-06-28 19:00,0.020,0,0.044,20.123
2025-06-28 20:00,0,0,0.003,18.229
2025-06-28 21:00,0,0,0,17.192
2025-06-28 22:00,0,0,0,16.636
2025-06-28 23:00,0,0,0,16.201
2025-06-29 00:00,0,0,0,15.819
2025-06-29 01:00,0,0,0,15.432
2025-06-29 02:00,0,0,0,15.096
2025-06-29 03:00,0,0,0,14.846
2025-06-29 04:00,0.009,0,0.028,15.417
2025-06-29 05:00,0.054,0,0.084,16.698
2025-06-29 06:00,0.151,0.073,0.124,18.307
2025-06-29 07:00,0.273,0.191,0.154,19.867
2025-06-29 08:00,0.419,0.379,0.157,21.236
2025-06-29 09:00,0.542,0.561,0.155,22.387
2025-06-29 10:00,0.617,0.674,0.161,23.318
2025-06-29 11:00,0.665,0.760,0.158,24.147
2025-06-29 12:00,0.681,0.797,0.151,24.802
2025-06-29 13:00,0.633,0.707,0.163,25.171
2025-06-29 14:00,0.483,0.417,0.222,25.081
2025-06-29 15:00,0.353,0.222,0.236,24.885
2025-06-29 16:00,0.244,0.110,0.207,24.606
2025-06-29 17:00,0.146,0.042,0.156,24.244
2025-06-29 18:00,0.070,0.006,0.100,23.715
2025-06-29 19:00,0.020,0,0.044,22.351
2025-06-29 20:00,0,0,0.003,21.143
2025-06-29 21:00,0,0,0,20.277
2025-06-29 22:00,0,0,0,19.266
2025-06-29 23:00,0,0,0,18.211
2025-06-30 00:00,0,0,0,17.151
2025-06-30 01:00,0,0,0,16.363
2025-06-30 02:00,0,0,0,15.697
2025-06-30 03:00,0,0,0,15.204
2025-06-30 04:00,0.010,0,0.030,15.426
2025-06-30 05:00,0.040,0,0.068,17.114
2025-06-30 06:00,0.156,0.121,0.083,18.816
2025-06-30 07:00,0.319,0.313,0.092,20.737
2025-06-30 08:00,0.470,0.511,0.098,22.243
2025-06-30 09:00,0.589,0.689,0.103,23.602
2025-06-30 10:00,0.665,0.814,0.109,24.950
2025-06-30 11:00,0.702,0.880,0.113,26.152
2025-06-30 12:00,0.704,0.889,0.114,27.131
2025-06-30 13:00,0.668,0.830,0.114,27.849
2025-06-30 14:00,0.597,0.716,0.110,28.205
2025-06-30 15:00,0.491,0.556,0.105,28.116
2025-06-30 16:00,0.354,0.369,0.098,27.581
2025-06-30 17:00,0.200,0.174,0.090,26.600
2025-06-30 18:00,0.065,0.018,0.083,24.987
2025-06-30 19:00,0.019,0,0.043,22.592
2025-06-30 20:00,0,0,0.002,20.938
2025-06-30 21:00,0,0,0,20.041
2025-06-30 22:00,0,0,0,19.110
2025-06-30 23:00,0,0,0,18.595
2025-07-01 00:00,0,0,0,18.007
2025-07-01 01:00,0,0,0,17.475
2025-07-01 02:00,0,0,0,17.103
2025-07-01 03:00,0,0,0,16.556
2025-07-01 04:00,0.010,0,0.030,16.577
2025-07-01 05:00,0.054,0,0.085,17.378
2025-07-01 06:00,0.134,0.035,0.143,18.570
2025-07-01 07:00,0.205,0.070,0.193,19.781
2025-07-01 08:00,0.360,0.242,0.217,21.184
2025-07-01 09:00,0.495,0.438,0.208,22.474
2025-07-01 10:00,0.514,0.421,0.256,23.323
2025-07-01 11:00,0.476,0.321,0.303,23.826
2025-07-01 12:00,0.556,0.484,0.262,24.548
2025-07-01 13:00,0.605,0.628,0.197,25.246
2025-07-01 14:00,0.525,0.507,0.195,25.525
2025-07-01 15:00,0.433,0.386,0.182,25.489
2025-07-01 16:00,0.302,0.214,0.178,25.120
2025-07-01 17:00,0.155,0.050,0.158,24.300
2025-07-01 18:00,0.066,0.004,0.097,23.026
2025-07-01 19:00,0.013,0,0.035,21.168
2025-07-01 20:00,0,0,0.002,19.514
2025-07-01 21:00,0,0,0,18.558
2025-07-01 22:00,0,0,0,17.759
2025-07-01 23:00,0,0,0,17.131
2025-07-02 00:00,0,0,0,16.518
2025-07-02 01:00,0,0,0,15.948
2025-07-02 02:00,0,0,0,15.472
2025-07-02 03:00,0,0,0,15.023
2025-07-02 04:00,0,0,0.015,14.638
2025-07-02 05:00,0.034,0,0.059,14.552
2025-07-02 06:00,0.083,0.006,0.111,14.801
2025-07-02 07:00,0.141,0.017,0.166,15.295
2025-07-02 08:00,0.193,0.030,0.215,15.853
2025-07-02 09:00,0.229,0.038,0.249,16.438
2025-07-02 10:00,0.321,0.088,0.312,17.300
2025-07-02 11:00,0.425,0.205,0.332,18.409
2025-07-02 12:00,0.630,0.614,0.223,19.601
2025-07-02 13:00,0.695,0.805,0.139,19.983
2025-07-02 14:00,0.631,0.712,0.126,19.592
2025-07-02 15:00,0.519,0.548,0.120,18.971
2025-07-02 16:00,0.380,0.369,0.109,18.397
2025-07-02 17:00,0.217,0.179,0.096,17.687
2025-07-02 18:00,0.070,0.022,0.080,16.670
2025-07-02 19:00,0.022,0,0.045,14.855
2025-07-02 20:00,0,0,0.003,12.497
2025-07-02 21:00,0,0,0,11.652
2025-07-02 22:00,0,0,0,11.059
2025-07-02 23:00,0,0,0,10.528
2025-07-03 00:00,0,0,0,10.024
2025-07-03 01:00,0,0,0,9.556
2025-07-03 02:00,0,0,0,9.161
2025-07-03 03:00,0,0,0,8.813
2025-07-03 04:00,0.010,0,0.029,9.559
2025-07-03 05:00,0.038,0,0.064,11.772
2025-07-03 06:00,0.162,0.129,0.077,13.957
2025-07-03 07:00,0.333,0.327,0.086,16.330
2025-07-03 08:00,0.488,0.524,0.096,17.750
2025-07-03 09:00,0.594,0.667,0.111,18.828
2025-07-03 10:00,0.674,0.792,0.117,19.766
2025-07-03 11:00,0.719,0.868,0.120,20.548
2025-07-03 12:00,0.690,0.796,0.145,21.005
2025-07-03 13:00,0.551,0.500,0.222,20.985
2025-07-03 14:00,0.398,0.246,0.261,20.697
2025-07-03 15:00,0.386,0.286,0.205,20.762
2025-07-03 16:00,0.344,0.311,0.126,20.725
2025-07-03 17:00,0.199,0.154,0.102,20.117
2025-07-03 18:00,0.065,0.021,0.077,18.941
2025-07-03 19:00,0.020,0,0.042,16.678
2025-07-03 20:00,0,0,0.002,14.324
2025-07-03 21:00,0,0,0,13.438
2025-07-03 22:00,0,0,0,12.880
2025-07-03 23:00,0,0,0,12.202
2025-07-04 00:00,0,0,0,11.557
2025-07-04 01:00,0,0,0,11.156
2025-07-04 02:00,0,0,0,10.840
2025-07-04 03:00,0,0,0,10.647
2025-07-04 04:00,0.007,0,0.025,11.595
2025-07-04 05:00,0.035,0,0.061,12.823
2025-07-04 06:00,0.087,0.007,0.114,13.846
2025-07-04 07:00,0.168,0.030,0.184,15.557
2025-07-04 08:00,0.293,0.121,0.245,17.166
2025-07-04 09:00,0.553,0.545,0.173,18.936
2025-07-04 10:00,0.679,0.786,0.135,20.458
2025-07-04 11:00,0.721,0.862,0.135,21.491
2025-07-04 12:00,0.720,0.861,0.139,22.142
2025-07-04 13:00,0.675,0.775,0.149,22.342
2025-07-04 14:00,0.545,0.522,0.196,22.013
2025-07-04 15:00,0.352,0.195,0.253,21.162
2025-07-04 16:00,0.185,0.037,0.202,19.908
2025-07-04 17:00,0.075,0.005,0.105,18.489
2025-07-04 18:00,0.027,0,0.051,17.288
2025-07-04 19:00,0.011,0,0.032,16.373
2025-07-04 20:00,0,0,0.002,15.411
2025-07-04 21:00,0,0,0,14.941
2025-07-04 22:00,0,0,0,14.891
2025-07-04 23:00,0,0,0,14.909
2025-07-05 00:00,0,0,0,14.922
2025-07-05 01:00,0,0,0,14.930
2025-07-05 02:00,0,0,0,14.878
2025-07-05 03:00,0,0,0,14.711
2025-07-05 04:00,0.010,0,0.029,14.752
2025-07-05 05:00,0.050,0,0.079,15.665
2025-07-05 06:00,0.153,0.078,0.120,17.037
2025-07-05 07:00,0.264,0.163,0.169,18.395
2025-07-05 08:00,0.367,0.250,0.213,19.600
2025-07-05 09:00,0.398,0.236,0.271,20.336
2025-07-05 10:00,0.427,0.239,0.307,20.848
2025-07-05 11:00,0.466,0.286,0.315,21.356
2025-07-05 12:00,0.555,0.462,0.272,22.036
2025-07-05 13:00,0.560,0.509,0.235,22.582
2025-07-05 14:00,0.531,0.497,0.204,22.821
2025-07-05 15:00,0.369,0.242,0.230,22.337
2025-07-05 16:00,0.283,0.164,0.196,21.657
2025-07-05 17:00,0.163,0.055,0.158,20.743
2025-07-05 18:00,0.063,0.003,0.092,19.695
2025-07-05 19:00,0.011,0,0.031,18.453
2025-07-05 20:00,0,0,0.001,17.180
2025-07-05 21:00,0,0,0,16.092
2025-07-05 22:00,0,0,0,15.240
2025-07-05 23:00,0,0,0,14.696
2025-07-06 00:00,0,0,0,14.362
2025-07-06 01:00,0,0,0,13.961
2025-07-06 02:00,0,0,0,13.645
2025-07-06 03:00,0,0,0,13.438
2025-07-06 04:00,0.004,0,0.022,13.892
2025-07-06 05:00,0.056,0,0.086,15.000
2025-07-06 06:00,0.131,0.028,0.144,16.210
2025-07-06 07:00,0.182,0.040,0.193,17.157
2025-07-06 08:00,0.197,0.033,0.218,17.438
2025-07-06 09:00,0.232,0.041,0.252,17.504
2025-07-06 10:00,0.362,0.133,0.321,18.038
2025-07-06 11:00,0.562,0.457,0.275,19.128
2025-07-06 12:00,0.685,0.748,0.180,20.040
2025-07-06 13:00,0.641,0.676,0.182,20.148
2025-07-06 14:00,0.522,0.459,0.217,19.738
2025-07-06 15:00,0.394,0.265,0.233,19.089
2025-07-06 16:00,0.230,0.079,0.212,18.200
2025-07-06 17:00,0.156,0.043,0.160,17.580
2025-07-06 18:00,0.077,0.008,0.103,16.895
2025-07-06 19:00,0.020,0,0.043,15.616
2025-07-06 20:00,0,0,0.002,14.082
2025-07-06 21:00,0,0,0,13.729
2025-07-06 22:00,0,0,0,13.549
2025-07-06 23:00,0,0,0,13.404
2025-07-07 00:00,0,0,0,13.257
2025-07-07 01:00,0,0,0,13.050
2025-07-07 02:00,0,0,0,12.805
2025-07-07 03:00,0,0,0,12.532
2025-07-07 04:00,0,0,0.012,12.220
2025-07-07 05:00,0.040,0,0.067,12.143
2025-07-07 06:00,0.136,0.041,0.134,12.426
2025-07-07 07:00,0.304,0.246,0.127,13.594
2025-07-07 08:00,0.490,0.510,0.105,15.360
2025-07-07 09:00,0.599,0.661,0.117,16.873
2025-07-07 10:00,0.665,0.751,0.133,17.911
2025-07-07 11:00,0.702,0.805,0.143,18.681
2025-07-07 12:00,0.649,0.686,0.179,19.098
2025-07-07 13:00,0.644,0.698,0.160,19.384
2025-07-07 14:00,0.605,0.665,0.133,19.321
2025-07-07 15:00,0.504,0.521,0.126,18.856
2025-07-07 16:00,0.300,0.209,0.166,17.977
2025-07-07 17:00,0.177,0.090,0.136,17.120
2025-07-07 18:00,0.069,0.021,0.080,16.260
2025-07-07 19:00,0.019,0,0.042,14.815
2025-07-07 20:00,0,0,0.002,13.075
2025-07-07 21:00,0,0,0,12.537
2025-07-07 22:00,0,0,0,12.872
2025-07-07 23:00,0,0,0,12.643
2025-07-08 00:00,0,0,0,11.861
2025-07-08 01:00,0,0,0,11.082
2025-07-08 02:00,0,0,0,10.428
2025-07-08 03:00,0,0,0,9.880
2025-07-08 04:00,0.008,0,0.026,9.968
2025-07-08 05:00,0.032,0,0.057,11.155
2025-07-08 06:00,0.160,0.136,0.067,12.869
2025-07-08 07:00,0.341,0.345,0.075,14.639
2025-07-08 08:00,0.502,0.552,0.083,16.140
2025-07-08 09:00,0.626,0.731,0.089,17.350
2025-07-08 10:00,0.708,0.863,0.094,18.434
2025-07-08 11:00,0.750,0.936,0.098,19.376
2025-07-08 12:00,0.752,0.943,0.099,20.086
2025-07-08 13:00,0.716,0.886,0.098,20.578
2025-07-08 14:00,0.642,0.767,0.094,20.774
2025-07-08 15:00,0.527,0.596,0.090,20.772
2025-07-08 16:00,0.378,0.394,0.086,20.495
2025-07-08 17:00,0.204,0.174,0.088,19.876
2025-07-08 18:00,0.067,0.014,0.086,18.518
2025-07-08 19:00,0.015,0,0.036,16.294
2025-07-08 20:00,0,0,0.002,14.029
2025-07-08 21:00,0,0,0,12.822
2025-07-08 22:00,0,0,0,12.054
2025-07-08 23:00,0,0,0,11.542
2025-07-09 00:00,0,0,0,11.107
2025-07-09 01:00,0,0,0,10.728
2025-07-09 02:00,0,0,0,10.519
2025-07-09 03:00,0,0,0,10.390
2025-07-09 04:00,0.008,0,0.027,11.210
2025-07-09 05:00,0.042,0,0.069,13.500
2025-07-09 06:00,0.156,0.110,0.091,15.662
2025-07-09 07:00,0.310,0.276,0.112,18.244
2025-07-09 08:00,0.419,0.383,0.150,19.951
2025-07-09 09:00,0.528,0.526,0.164,21.266
2025-07-09 10:00,0.597,0.626,0.173,22.389
2025-07-09 11:00,0.680,0.791,0.148,23.442
2025-07-09 12:00,0.693,0.826,0.140,24.210
2025-07-09 13:00,0.662,0.780,0.136,24.678
2025-07-09 14:00,0.583,0.646,0.142,24.797
2025-07-09 15:00,0.416,0.356,0.186,24.565
2025-07-09 16:00,0.252,0.126,0.200,24.026
2025-07-09 17:00,0.117,0.021,0.141,22.978
2025-07-09 18:00,0.045,0.001,0.074,21.482
2025-07-09 19:00,0.006,0,0.025,19.612
2025-07-09 20:00,0,0,0.001,18.048
2025-07-09 21:00,0,0,0,17.119
2025-07-09 22:00,0,0,0,16.217
2025-07-09 23:00,0,0,0,15.382
2025-07-10 00:00,0,0,0,14.603
2025-07-10 01:00,0,0,0,13.931
2025-07-10 02:00,0,0,0,13.301
2025-07-10 03:00,0,0,0,12.774
2025-07-10 04:00,0.007,0,0.026,13.103
2025-07-10 05:00,0.038,0,0.064,15.178
2025-07-10 06:00,0.152,0.116,0.082,16.887
2025-07-10 07:00,0.317,0.307,0.092,19.424
2025-07-10 08:00,0.467,0.501,0.102,21.101
2025-07-10 09:00,0.585,0.673,0.108,22.617
2025-07-10 10:00,0.667,0.807,0.112,23.932
2025-07-10 11:00,0.708,0.882,0.114,25.019
2025-07-10 12:00,0.711,0.892,0.115,25.866
2025-07-10 13:00,0.673,0.827,0.117,26.412
2025-07-10 14:00,0.567,0.636,0.136,26.610
2025-07-10 15:00,0.449,0.454,0.141,26.596
2025-07-10 16:00,0.325,0.294,0.130,26.512
2025-07-10 17:00,0.173,0.104,0.127,26.332
2025-07-10 18:00,0.065,0.009,0.092,25.082
2025-07-10 19:00,0.014,0,0.036,22.277
2025-07-10 20:00,0,0,0.001,19.890
2025-07-10 21:00,0,0,0,18.587
2025-07-10 22:00,0,0,0,17.690
2025-07-10 23:00,0,0,0,16.911
2025-07-11 00:00,0,0,0,16.350
2025-07-11 01:00,0,0,0,15.963
2025-07-11 02:00,0,0,0,15.445
2025-07-11 03:00,0,0,0,14.742
2025-07-11 04:00,0.006,0,0.024,14.686
2025-07-11 05:00,0.038,0,0.065,16.455
2025-07-11 06:00,0.149,0.115,0.080,17.843
2025-07-11 07:00,0.317,0.313,0.087,20.213
2025-07-11 08:00,0.467,0.515,0.094,23.219
2025-07-11 09:00,0.586,0.698,0.098,25.595
2025-07-11 10:00,0.664,0.829,0.103,26.895
2025-07-11 11:00,0.704,0.902,0.106,27.778
2025-07-11 12:00,0.708,0.911,0.107,28.383
2025-07-11 13:00,0.674,0.855,0.105,28.722
2025-07-11 14:00,0.604,0.739,0.102,28.802
2025-07-11 15:00,0.496,0.575,0.097,28.789
2025-07-11 16:00,0.357,0.382,0.090,28.622
2025-07-11 17:00,0.198,0.184,0.081,28.447
2025-07-11 18:00,0.057,0.023,0.068,26.358
2025-07-11 19:00,0.015,0,0.037,22.730
2025-07-11 20:00,0,0,0.001,20.274
2025-07-11 21:00,0,0,0,19.147
2025-07-11 22:00,0,0,0,18.227
2025-07-11 23:00,0,0,0,17.391
2025-07-12 00:00,0,0,0,16.630
2025-07-12 01:00,0,0,0,15.939
2025-07-12 02:00,0,0,0,15.331
2025-07-12 03:00,0,0,0,14.740
2025-07-12 04:00,0.006,0,0.024,14.861
2025-07-12 05:00,0.034,0,0.060,16.821
2025-07-12 06:00,0.150,0.121,0.075,18.243
2025-07-12 07:00,0.318,0.320,0.084,20.729
2025-07-12 08:00,0.471,0.522,0.091,22.642
2025-07-12 09:00,0.591,0.699,0.098,24.053
2025-07-12 10:00,0.671,0.831,0.102,25.162
2025-07-12 11:00,0.713,0.907,0.105,25.902
2025-07-12 12:00,0.718,0.918,0.105,26.351
2025-07-12 13:00,0.684,0.862,0.103,26.579
2025-07-12 14:00,0.613,0.745,0.100,26.519
2025-07-12 15:00,0.502,0.574,0.097,26.218
2025-07-12 16:00,0.361,0.380,0.090,25.582
2025-07-12 17:00,0.201,0.182,0.081,24.489
2025-07-12 18:00,0.058,0.022,0.068,22.759
2025-07-12 19:00,0.015,0,0.036,20.231
2025-07-12 20:00,0,0,0.001,18.007
2025-07-12 21:00,0,0,0,16.882
2025-07-12 22:00,0,0,0,15.899
2025-07-12 23:00,0,0,0,15.016
2025-07-13 00:00,0,0,0,14.253
2025-07-13 01:00,0,0,0,13.620
2025-07-13 02:00,0,0,0,13.173
2025-07-13 03:00,0,0,0,12.813
2025-07-13 04:00,0.005,0,0.022,13.265
2025-07-13 05:00,0.034,0,0.060,15.089
2025-07-13 06:00,0.152,0.121,0.076,16.727
2025-07-13 07:00,0.322,0.317,0.087,18.425
2025-07-13 08:00,0.475,0.513,0.097,19.895
2025-07-13 09:00,0.591,0.680,0.106,21.416
2025-07-13 10:00,0.666,0.799,0.114,22.843
2025-07-13 11:00,0.699,0.853,0.122,24.032
2025-07-13 12:00,0.694,0.844,0.127,24.895
2025-07-13 13:00,0.657,0.783,0.128,25.402
2025-07-13 14:00,0.581,0.660,0.129,25.530
2025-07-13 15:00,0.450,0.451,0.141,25.390
2025-07-13 16:00,0.312,0.264,0.140,25.041
2025-07-13 17:00,0.175,0.109,0.123,24.419
2025-07-13 18:00,0.065,0.012,0.088,23.292
2025-07-13 19:00,0.013,0,0.035,21.315
2025-07-13 20:00,0,0,0.001,19.738
2025-07-13 21:00,0,0,0,19.018
2025-07-13 22:00,0,0,0,18.346
2025-07-13 23:00,0,0,0,17.676
2025-07-14 00:00,0,0,0,17.172
2025-07-14 01:00,0,0,0,16.420
2025-07-14 02:00,0,0,0,16.068
2025-07-14 03:00,0,0,0,16.119
2025-07-14 04:00,0,0,0.014,16.313
2025-07-14 05:00,0.038,0,0.065,17.074
2025-07-14 06:00,0.131,0.048,0.127,18.559
2025-07-14 07:00,0.292,0.245,0.124,20.031
2025-07-14 08:00,0.445,0.448,0.123,20.783
2025-07-14 09:00,0.574,0.636,0.123,21.504
2025-07-14 10:00,0.655,0.761,0.130,22.421
2025-07-14 11:00,0.655,0.734,0.163,23.120
2025-07-14 12:00,0.594,0.587,0.212,23.211
2025-07-14 13:00,0.553,0.518,0.216,22.937
2025-07-14 14:00,0.553,0.568,0.164,22.338
2025-07-14 15:00,0.488,0.508,0.126,21.452
2025-07-14 16:00,0.363,0.354,0.106,20.521
2025-07-14 17:00,0.202,0.165,0.095,19.500
2025-07-14 18:00,0.064,0.018,0.078,18.270
2025-07-14 19:00,0.015,0,0.037,16.564
2025-07-14 20:00,0,0,0.001,14.580
2025-07-14 21:00,0,0,0,13.768
2025-07-14 22:00,0,0,0,13.637
2025-07-14 23:00,0,0,0,13.334
2025-07-15 00:00,0,0,0,12.990
2025-07-15 01:00,0,0,0,12.633
2025-07-15 02:00,0,0,0,12.202
2025-07-15 03:00,0,0,0,12.282
2025-07-15 04:00,0,0,0.011,12.655
2025-07-15 05:00,0.017,0,0.039,13.297
2025-07-15 06:00,0.048,0.001,0.075,14.035
2025-07-15 07:00,0.100,0.006,0.131,14.735
2025-07-15 08:00,0.164,0.015,0.195,15.562
2025-07-15 09:00,0.256,0.043,0.277,16.485
2025-07-15 10:00,0.313,0.066,0.325,17.342
2025-07-15 11:00,0.274,0.041,0.302,17.774
2025-07-15 12:00,0.287,0.045,0.314,17.914
2025-07-15 13:00,0.279,0.045,0.305,17.825
2025-07-15 14:00,0.247,0.037,0.274,17.687
2025-07-15 15:00,0.229,0.038,0.251,17.634
2025-07-15 16:00,0.172,0.024,0.197,17.473
2025-07-15 17:00,0.122,0.015,0.148,17.194
2025-07-15 18:00,0.068,0.003,0.097,16.649
2025-07-15 19:00,0.013,0,0.034,15.696
2025-07-15 20:00,0,0,0,14.807
2025-07-15 21:00,0,0,0,14.301
2025-07-15 22:00,0,0,0,13.952
2025-07-15 23:00,0,0,0,13.594
2025-07-16 00:00,0,0,0,13.318
2025-07-16 01:00,0,0,0,13.059
2025-07-16 02:00,0,0,0,12.786
2025-07-16 03:00,0,0,0,12.542
2025-07-16 04:00,0.003,0,0.020,12.511
2025-07-16 05:00,0.043,0,0.070,13.257
2025-07-16 06:00,0.149,0.096,0.096,14.590
2025-07-16 07:00,0.298,0.252,0.118,16.197
2025-07-16 08:00,0.468,0.479,0.114,17.932
2025-07-16 09:00,0.581,0.634,0.127,19.314
2025-07-16 10:00,0.611,0.641,0.169,20.220
2025-07-16 11:00,0.608,0.609,0.200,20.843
2025-07-16 12:00,0.697,0.806,0.150,21.662
2025-07-16 13:00,0.624,0.668,0.171,22.053
2025-07-16 14:00,0.526,0.503,0.188,22.144
2025-07-16 15:00,0.411,0.336,0.192,22.121
2025-07-16 16:00,0.264,0.147,0.190,21.853
2025-07-16 17:00,0.136,0.035,0.148,21.415
2025-07-16 18:00,0.039,0.001,0.066,20.485
2025-07-16 19:00,0.003,0,0.020,19.274
2025-07-16 20:00,0,0,0,18.279
2025-07-16 21:00,0,0,0,17.267
2025-07-16 22:00,0,0,0,16.178
2025-07-16 23:00,0,0,0,15.644
2025-07-17 00:00,0,0,0,15.327
2025-07-17 01:00,0,0,0,15.100
2025-07-17 02:00,0,0,0,14.872
2025-07-17 03:00,0,0,0,14.585
2025-07-17 04:00,0.001,0,0.017,14.585
2025-07-17 05:00,0.045,0,0.074,15.804
2025-07-17 06:00,0.140,0.067,0.117,17.238
2025-07-17 07:00,0.300,0.254,0.123,19.093
2025-07-17 08:00,0.399,0.340,0.167,20.550
2025-07-17 09:00,0.481,0.422,0.203,21.824
2025-07-17 10:00,0.531,0.469,0.231,22.942
2025-07-17 11:00,0.564,0.506,0.248,23.834
2025-07-17 12:00,0.477,0.322,0.304,24.129
2025-07-17 13:00,0.386,0.187,0.313,24.143
2025-07-17 14:00,0.361,0.181,0.286,24.185
2025-07-17 15:00,0.372,0.257,0.225,24.408
2025-07-17 16:00,0.279,0.177,0.183,24.240
2025-07-17 17:00,0.154,0.059,0.147,23.650
2025-07-17 18:00,0.063,0.006,0.091,22.769
2025-07-17 19:00,0.011,0,0.031,20.976
2025-07-17 20:00,0,0,0,19.214
2025-07-17 21:00,0,0,0,18.439
2025-07-17 22:00,0,0,0,17.811
2025-07-17 23:00,0,0,0,17.182
2025-07-18 00:00,0,0,0,16.624
2025-07-18 01:00,0,0,0,16.207
2025-07-18 02:00,0,0,0,15.899
2025-07-18 03:00,0,0,0,15.620
2025-07-18 04:00,0.001,0,0.017,15.617
2025-07-18 05:00,0.044,0,0.072,16.970
2025-07-18 06:00,0.137,0.073,0.108,18.256
2025-07-18 07:00,0.287,0.241,0.121,19.877
2025-07-18 08:00,0.434,0.430,0.127,21.237
2025-07-18 09:00,0.564,0.621,0.127,22.438
2025-07-18 10:00,0.649,0.760,0.128,23.474
2025-07-18 11:00,0.701,0.857,0.124,24.376
2025-07-18 12:00,0.702,0.857,0.128,24.992
2025-07-18 13:00,0.631,0.718,0.149,25.235
2025-07-18 14:00,0.568,0.621,0.147,25.297
2025-07-18 15:00,0.402,0.344,0.181,24.989
2025-07-18 16:00,0.290,0.211,0.164,24.602
2025-07-18 17:00,0.158,0.071,0.140,23.951
2025-07-18 18:00,0.057,0.004,0.086,22.937
2025-07-18 19:00,0.003,0,0.021,21.046
2025-07-18 20:00,0,0,0,19.668
2025-07-18 21:00,0,0,0,18.952
2025-07-18 22:00,0,0,0,18.271
2025-07-18 23:00,0,0,0,17.596
2025-07-19 00:00,0,0,0,16.926
2025-07-19 01:00,0,0,0,16.484
2025-07-19 02:00,0,0,0,16.272
2025-07-19 03:00,0,0,0,16.182
2025-07-19 04:00,0,0,0.012,16.210
2025-07-19 05:00,0.018,0,0.041,16.843
2025-07-19 06:00,0.045,0.002,0.073,17.237
2025-07-19 07:00,0.080,0.004,0.111,17.549
2025-07-19 08:00,0.105,0.006,0.138,18.279
2025-07-19 09:00,0.135,0.009,0.170,18.936
2025-07-19 10:00,0.181,0.016,0.217,19.208
2025-07-19 11:00,0.291,0.057,0.311,19.930
2025-07-19 12:00,0.458,0.242,0.348,21.099
2025-07-19 13:00,0.548,0.454,0.269,22.066
2025-07-19 14:00,0.552,0.532,0.199,22.573
2025-07-19 15:00,0.466,0.434,0.172,22.772
2025-07-19 16:00,0.305,0.208,0.182,22.599
2025-07-19 17:00,0.156,0.049,0.158,22.064
2025-07-19 18:00,0.051,0.002,0.081,20.983
2025-07-19 19:00,0.002,0,0.019,19.254
2025-07-19 20:00,0,0,0,18.027
2025-07-19 21:00,0,0,0,17.486
2025-07-19 22:00,0,0,0,16.938
2025-07-19 23:00,0,0,0,16.326
2025-07-20 00:00,0,0,0,15.709
2025-07-20 01:00,0,0,0,15.130
2025-07-20 02:00,0,0,0,14.769
2025-07-20 03:00,0,0,0,14.828
2025-07-20 04:00,0,0,0.006,15.049
2025-07-20 05:00,0.007,0,0.026,15.315
2025-07-20 06:00,0.046,0.002,0.072,15.855
2025-07-20 07:00,0.165,0.026,0.187,17.063
2025-07-20 08:00,0.227,0.046,0.241,18.204
2025-07-20 09:00,0.232,0.037,0.257,18.923
2025-07-20 10:00,0.240,0.033,0.271,19.381
2025-07-20 11:00,0.236,0.030,0.271,19.677
2025-07-20 12:00,0.281,0.050,0.305,20.198
2025-07-20 13:00,0.401,0.168,0.345,21.066
2025-07-20 14:00,0.424,0.249,0.296,21.644
2025-07-20 15:00,0.395,0.269,0.238,21.889
2025-07-20 16:00,0.269,0.132,0.211,21.568
2025-07-20 17:00,0.129,0.024,0.150,20.607
2025-07-20 18:00,0.051,0.002,0.080,19.317
2025-07-20 19:00,0.006,0,0.025,17.499
2025-07-20 20:00,0,0,0,15.898
2025-07-20 21:00,0,0,0,15.063
2025-07-20 22:00,0,0,0,14.389
2025-07-20 23:00,0,0,0,13.838
2025-07-21 00:00,0,0,0,13.402
2025-07-21 01:00,0,0,0,13.061
2025-07-21 02:00,0,0,0,12.886
2025-07-21 03:00,0,0,0,12.833
2025-07-21 04:00,0,0,0.012,12.925
2025-07-21 05:00,0.038,0,0.064,14.076
2025-07-21 06:00,0.108,0.018,0.128,15.115
2025-07-21 07:00,0.198,0.062,0.188,16.432
2025-07-21 08:00,0.299,0.137,0.236,17.485
2025-07-21 09:00,0.418,0.269,0.260,18.603
2025-07-21 10:00,0.487,0.350,0.275,19.650
2025-07-21 11:00,0.527,0.401,0.284,20.538
2025-07-21 12:00,0.510,0.365,0.299,21.186
2025-07-21 13:00,0.442,0.263,0.306,21.454
2025-07-21 14:00,0.400,0.228,0.284,21.615
2025-07-21 15:00,0.322,0.162,0.248,21.525
2025-07-21 16:00,0.266,0.142,0.196,21.267
2025-07-21 17:00,0.155,0.059,0.145,20.673
2025-07-21 18:00,0.065,0.009,0.089,19.703
2025-07-21 19:00,0.010,0,0.030,17.491
2025-07-21 20:00,0,0,0,15.742
2025-07-21 21:00,0,0,0,15.175
2025-07-21 22:00,0,0,0,14.743
2025-07-21 23:00,0,0,0,14.386
2025-07-22 00:00,0,0,0,13.980
2025-07-22 01:00,0,0,0,13.442
2025-07-22 02:00,0,0,0,12.978
2025-07-22 03:00,0,0,0,12.827
2025-07-22 04:00,0,0,0.016,13.273
2025-07-22 05:00,0.044,0,0.071,15.267
2025-07-22 06:00,0.114,0.023,0.131,16.484
2025-07-22 07:00,0.185,0.049,0.187,17.586
2025-07-22 08:00,0.219,0.051,0.226,18.184
2025-07-22 09:00,0.281,0.081,0.272,18.761
2025-07-22 10:00,0.466,0.306,0.290,19.792
2025-07-22 11:00,0.627,0.623,0.216,20.905
2025-07-22 12:00,0.619,0.607,0.222,21.448
2025-07-22 13:00,0.510,0.393,0.272,21.464
2025-07-22 14:00,0.404,0.236,0.281,21.225
2025-07-22 15:00,0.321,0.156,0.252,20.951
2025-07-22 16:00,0.229,0.087,0.206,20.464
2025-07-22 17:00,0.136,0.034,0.148,19.737
2025-07-22 18:00,0.054,0.003,0.083,18.714
2025-07-22 19:00,0.004,0,0.022,17.204
2025-07-22 20:00,0,0,0,15.737
2025-07-22 21:00,0,0,0,15.066
2025-07-22 22:00,0,0,0,14.483
2025-07-22 23:00,0,0,0,13.938
2025-07-23 00:00,0,0,0,13.548
2025-07-23 01:00,0,0,0,13.314
2025-07-23 02:00,0,0,0,13.082
2025-07-23 03:00,0,0,0,12.807
2025-07-23 04:00,0,0,0.013,12.675
2025-07-23 05:00,0.039,0,0.066,14.108
2025-07-23 06:00,0.140,0.089,0.093,15.664
2025-07-23 07:00,0.299,0.266,0.107,17.180
2025-07-23 08:00,0.449,0.450,0.119,18.344
2025-07-23 09:00,0.569,0.613,0.128,19.156
2025-07-23 10:00,0.651,0.738,0.134,19.878
2025-07-23 11:00,0.696,0.811,0.137,20.550
2025-07-23 12:00,0.692,0.802,0.143,21.065
2025-07-23 13:00,0.648,0.724,0.150,21.349
2025-07-23 14:00,0.537,0.531,0.173,21.298
2025-07-23 15:00,0.399,0.315,0.194,20.984
2025-07-23 16:00,0.234,0.107,0.192,20.264
2025-07-23 17:00,0.115,0.024,0.132,19.313
2025-07-23 18:00,0.055,0.004,0.082,18.239
2025-07-23 19:00,0.004,0,0.021,16.839
2025-07-23 20:00,0,0,0,15.736
2025-07-23 21:00,0,0,0,15.238
2025-07-23 22:00,0,0,0,14.923
2025-07-23 23:00,0,0,0,14.741
2025-07-24 00:00,0,0,0,14.617
2025-07-24 01:00,0,0,0,14.445
2025-07-24 02:00,0,0,0,14.117
2025-07-24 03:00,0,0,0,13.672
2025-07-24 04:00,0,0,0.013,13.687
2025-07-24 05:00,0.040,0,0.068,14.796
2025-07-24 06:00,0.125,0.046,0.119,16.043
2025-07-24 07:00,0.247,0.158,0.152,17.612
2025-07-24 08:00,0.433,0.416,0.134,19.272
2025-07-24 09:00,0.564,0.611,0.130,20.512
2025-07-24 10:00,0.637,0.717,0.141,21.409
2025-07-24 11:00,0.675,0.772,0.151,22.085
2025-07-24 12:00,0.634,0.673,0.184,22.377
2025-07-24 13:00,0.552,0.513,0.217,22.340
2025-07-24 14:00,0.480,0.411,0.214,22.293
2025-07-24 15:00,0.405,0.334,0.187,22.342
2025-07-24 16:00,0.279,0.188,0.169,22.076
2025-07-24 17:00,0.152,0.066,0.136,21.482
2025-07-24 18:00,0.057,0.006,0.083,20.477
2025-07-24 19:00,0.006,0,0.024,18.490
2025-07-24 20:00,0,0,0,16.662
2025-07-24 21:00,0,0,0,15.683
2025-07-24 22:00,0,0,0,14.820
2025-07-24 23:00,0,0,0,13.979
2025-07-25 00:00,0,0,0,13.035
2025-07-25 01:00,0,0,0,12.256
2025-07-25 02:00,0,0,0,11.577
2025-07-25 03:00,0,0,0,11.041
2025-07-25 04:00,0,0,0.013,10.867
2025-07-25 05:00,0.031,0,0.056,12.750
2025-07-25 06:00,0.139,0.105,0.075,14.608
2025-07-25 07:00,0.312,0.303,0.085,16.773
2025-07-25 08:00,0.471,0.507,0.093,18.687
2025-07-25 09:00,0.592,0.682,0.100,20.418
2025-07-25 10:00,0.668,0.800,0.109,21.912
2025-07-25 11:00,0.695,0.842,0.120,23.081
2025-07-25 12:00,0.697,0.850,0.121,23.967
2025-07-25 13:00,0.664,0.799,0.119,24.523
2025-07-25 14:00,0.575,0.649,0.125,24.638
2025-07-25 15:00,0.469,0.500,0.117,24.445
2025-07-25 16:00,0.345,0.347,0.098,23.898
2025-07-25 17:00,0.186,0.156,0.087,22.969
2025-07-25 18:00,0.051,0.014,0.068,21.462
2025-07-25 19:00,0.006,0,0.024,18.865
2025-07-25 20:00,0,0,0,17.108
2025-07-25 21:00,0,0,0,16.368
2025-07-25 22:00,0,0,0,15.617
2025-07-25 23:00,0,0,0,14.990
2025-07-26 00:00,0,0,0,14.618
2025-07-26 01:00,0,0,0,14.494
2025-07-26 02:00,0,0,0,14.355
2025-07-26 03:00,0,0,0,14.188
2025-07-26 04:00,0,0,0.010,14.366
2025-07-26 05:00,0.035,0,0.061,15.833
2025-07-26 06:00,0.091,0.011,0.116,16.737
2025-07-26 07:00,0.138,0.021,0.161,17.611
2025-07-26 08:00,0.181,0.030,0.203,18.258
2025-07-26 09:00,0.234,0.049,0.248,18.853
2025-07-26 10:00,0.411,0.210,0.312,19.878
2025-07-26 11:00,0.490,0.327,0.307,20.699
2025-07-26 12:00,0.451,0.265,0.314,20.809
2025-07-26 13:00,0.516,0.408,0.265,21.152
2025-07-26 14:00,0.546,0.531,0.186,21.546
2025-07-26 15:00,0.446,0.402,0.172,21.463
2025-07-26 16:00,0.255,0.141,0.185,20.793
2025-07-26 17:00,0.174,0.094,0.132,20.033
2025-07-26 18:00,0.056,0.004,0.083,18.552
2025-07-26 19:00,0.002,0,0.019,16.638
2025-07-26 20:00,0,0,0,15.048
2025-07-26 21:00,0,0,0,14.300
2025-07-26 22:00,0,0,0,13.799
2025-07-26 23:00,0,0,0,13.289
2025-07-27 00:00,0,0,0,12.751
2025-07-27 01:00,0,0,0,12.566
2025-07-27 02:00,0,0,0,12.434
2025-07-27 03:00,0,0,0,12.001
2025-07-27 04:00,0,0,0.011,11.493
2025-07-27 05:00,0.037,0,0.063,13.092
2025-07-27 06:00,0.134,0.079,0.096,14.856
2025-07-27 07:00,0.280,0.227,0.122,17.113
2025-07-27 08:00,0.417,0.384,0.142,18.293
2025-07-27 09:00,0.526,0.523,0.156,19.128
2025-07-27 10:00,0.629,0.688,0.150,19.951
2025-07-27 11:00,0.675,0.763,0.151,20.564
2025-07-27 12:00,0.661,0.725,0.167,20.810
2025-07-27 13:00,0.572,0.547,0.206,20.581
2025-07-27 14:00,0.443,0.328,0.238,20.095
2025-07-27 15:00,0.339,0.201,0.228,19.665
2025-07-27 16:00,0.212,0.079,0.191,19.102
2025-07-27 17:00,0.118,0.027,0.132,18.480
2025-07-27 18:00,0.049,0.003,0.076,17.560
2025-07-27 19:00,0.002,0,0.018,15.770
2025-07-27 20:00,0,0,0,14.121
2025-07-27 21:00,0,0,0,13.229
2025-07-27 22:00,0,0,0,12.615
2025-07-27 23:00,0,0,0,12.192
2025-07-28 00:00,0,0,0,11.916
2025-07-28 01:00,0,0,0,11.741
2025-07-28 02:00,0,0,0,11.624
2025-07-28 03:00,0,0,0,11.413
2025-07-28 04:00,0,0,0.009,11.606
2025-07-28 05:00,0.036,0,0.062,13.191
2025-07-28 06:00,0.101,0.021,0.116,14.656
2025-07-28 07:00,0.207,0.093,0.167,16.535
2025-07-28 08:00,0.410,0.365,0.152,18.291
2025-07-28 09:00,0.502,0.476,0.171,19.570
2025-07-28 10:00,0.587,0.598,0.177,20.548
2025-07-28 11:00,0.624,0.652,0.185,21.322
2025-07-28 12:00,0.606,0.609,0.201,21.767
2025-07-28 13:00,0.564,0.540,0.207,21.993
2025-07-28 14:00,0.465,0.387,0.215,21.887
2025-07-28 15:00,0.416,0.365,0.169,21.796
2025-07-28 16:00,0.334,0.307,0.119,21.542
2025-07-28 17:00,0.172,0.118,0.107,20.704
2025-07-28 18:00,0.051,0.011,0.071,19.271
2025-07-28 19:00,0.003,0,0.021,16.668
2025-07-28 20:00,0,0,0,14.734
2025-07-28 21:00,0,0,0,13.995
2025-07-28 22:00,0,0,0,13.163
2025-07-28 23:00,0,0,0,12.323
2025-07-29 00:00,0,0,0,11.636
2025-07-29 01:00,0,0,0,11.230
2025-07-29 02:00,0,0,0,10.994
2025-07-29 03:00,0,0,0,10.979
2025-07-29 04:00,0,0,0.008,11.370
2025-07-29 05:00,0.033,0,0.058,12.817
2025-07-29 06:00,0.092,0.011,0.116,13.979
2025-07-29 07:00,0.154,0.027,0.171,15.643
2025-07-29 08:00,0.206,0.041,0.220,17.033
2025-07-29 09:00,0.245,0.050,0.259,18.025
2025-07-29 10:00,0.292,0.069,0.298,18.927
2025-07-29 11:00,0.338,0.100,0.327,19.856
2025-07-29 12:00,0.379,0.144,0.338,20.652
2025-07-29 13:00,0.411,0.201,0.325,21.268
2025-07-29 14:00,0.373,0.178,0.297,21.488
2025-07-29 15:00,0.264,0.086,0.251,21.201
2025-07-29 16:00,0.209,0.066,0.203,20.823
2025-07-29 17:00,0.138,0.039,0.145,20.243
2025-07-29 18:00,0.054,0.003,0.081,19.276
2025-07-29 19:00,0.002,0,0.019,17.562
2025-07-29 20:00,0,0,0,16.182
2025-07-29 21:00,0,0,0,15.817
2025-07-29 22:00,0,0,0,15.451
2025-07-29 23:00,0,0,0,15.061
2025-07-30 00:00,0,0,0,14.683
2025-07-30 01:00,0,0,0,14.290
2025-07-30 02:00,0,0,0,13.966
2025-07-30 03:00,0,0,0,13.643
2025-07-30 04:00,0,0,0.008,13.390
2025-07-30 05:00,0.030,0,0.055,14.379
2025-07-30 06:00,0.131,0.094,0.079,15.718
2025-07-30 07:00,0.296,0.276,0.094,17.352
2025-07-30 08:00,0.429,0.427,0.117,18.783
2025-07-30 09:00,0.560,0.613,0.120,20.078
2025-07-30 10:00,0.648,0.751,0.123,21.212
2025-07-30 11:00,0.686,0.811,0.130,22.122
2025-07-30 12:00,0.639,0.708,0.159,22.616
2025-07-30 13:00,0.639,0.731,0.138,23.124
2025-07-30 14:00,0.586,0.666,0.120,23.363
2025-07-30 15:00,0.482,0.521,0.109,23.252
2025-07-30 16:00,0.338,0.331,0.102,22.751
2025-07-30 17:00,0.167,0.114,0.105,21.780
2025-07-30 18:00,0.047,0.005,0.073,20.303
2025-07-30 19:00,0,0,0.015,18.250
2025-07-30 20:00,0,0,0,16.573
2025-07-30 21:00,0,0,0,15.923
2025-07-30 22:00,0,0,0,15.864
2025-07-30 23:00,0,0,0,15.617
2025-07-31 00:00,0,0,0,15.460
2025-07-31 01:00,0,0,0,15.391
2025-07-31 02:00,0,0,0,15.373
2025-07-31 03:00,0,0,0,15.318
2025-07-31 04:00,0,0,0.003,15.248
2025-07-31 05:00,0.011,0,0.031,15.661
2025-07-31 06:00,0.029,0.001,0.053,16.109
2025-07-31 07:00,0.057,0.003,0.085,16.617
2025-07-31 08:00,0.118,0.010,0.149,17.345
2025-07-31 09:00,0.220,0.037,0.242,18.092
2025-07-31 10:00,0.334,0.109,0.310,18.923
2025-07-31 11:00,0.450,0.250,0.325,19.763
2025-07-31 12:00,0.511,0.366,0.296,20.354
2025-07-31 13:00,0.588,0.562,0.217,21.061
2025-07-31 14:00,0.588,0.627,0.155,21.557
2025-07-31 15:00,0.462,0.439,0.158,21.422
2025-07-31 16:00,0.277,0.172,0.179,20.689
2025-07-31 17:00,0.125,0.032,0.137,19.507
2025-07-31 18:00,0.051,0.003,0.078,18.163
2025-07-31 19:00,0.001,0,0.017,16.371
2025-07-31 20:00,0,0,0,14.815
2025-07-31 21:00,0,0,0,14.026
2025-07-31 22:00,0,0,0,13.474
2025-07-31 23:00,0,0,0,12.922
2025-08-01 00:00,0,0,0,12.368
2025-08-01 01:00,0,0,0,11.808
2025-08-01 02:00,0,0,0,11.227
2025-08-01 03:00,0,0,0,10.897
2025-08-01 04:00,0,0,0.007,10.845
2025-08-01 05:00,0.034,0,0.059,11.871
2025-08-01 06:00,0.106,0.023,0.119,13.410
2025-08-01 07:00,0.202,0.078,0.176,15.018
2025-08-01 08:00,0.353,0.237,0.202,16.509
2025-08-01 09:00,0.522,0.482,0.187,17.794
2025-08-01 10:00,0.479,0.338,0.272,18.352
2025-08-01 11:00,0.406,0.190,0.321,18.452
2025-08-01 12:00,0.389,0.160,0.329,18.509
2025-08-01 13:00,0.341,0.116,0.311,18.338
2025-08-01 14:00,0.300,0.092,0.283,17.974
2025-08-01 15:00,0.226,0.054,0.230,17.510
2025-08-01 16:00,0.200,0.059,0.195,17.438
2025-08-01 17:00,0.124,0.030,0.135,16.969
2025-08-01 18:00,0.052,0.004,0.077,16.076
2025-08-01 19:00,0,0,0.016,14.149
2025-08-01 20:00,0,0,0,12.824
2025-08-01 21:00,0,0,0,12.400
2025-08-01 22:00,0,0,0,12.032
2025-08-01 23:00,0,0,0,11.878
2025-08-02 00:00,0,0,0,11.526
2025-08-02 01:00,0,0,0,11.178
2025-08-02 02:00,0,0,0,10.775
2025-08-02 03:00,0,0,0,10.368
2025-08-02 04:00,0,0,0.006,10.213
2025-08-02 05:00,0.026,0,0.049,11.685
2025-08-02 06:00,0.129,0.097,0.071,13.200
2025-08-02 07:00,0.303,0.292,0.082,15.121
2025-08-02 08:00,0.465,0.494,0.091,16.626
2025-08-02 09:00,0.589,0.667,0.100,17.893
2025-08-02 10:00,0.669,0.789,0.107,18.915
2025-08-02 11:00,0.720,0.877,0.107,19.814
2025-08-02 12:00,0.721,0.882,0.109,20.459
2025-08-02 13:00,0.665,0.781,0.119,20.861
2025-08-02 14:00,0.560,0.606,0.130,20.927
2025-08-02 15:00,0.505,0.563,0.093,21.004
2025-08-02 16:00,0.358,0.375,0.080,20.696
2025-08-02 17:00,0.186,0.169,0.071,19.996
2025-08-02 18:00,0.039,0.011,0.056,18.433
2025-08-02 19:00,0,0,0.014,15.419
2025-08-02 20:00,0,0,0,13.764
2025-08-02 21:00,0,0,0,12.975
2025-08-02 22:00,0,0,0,12.363
2025-08-02 23:00,0,0,0,11.907
2025-08-03 00:00,0,0,0,11.622
2025-08-03 01:00,0,0,0,11.549
2025-08-03 02:00,0,0,0,11.778
2025-08-03 03:00,0,0,0,12.052
2025-08-03 04:00,0,0,0.004,12.127
2025-08-03 05:00,0.026,0,0.050,12.845
2025-08-03 06:00,0.114,0.032,0.120,14.456
2025-08-03 07:00,0.238,0.133,0.166,17.258
2025-08-03 08:00,0.336,0.210,0.215,19.892
2025-08-03 09:00,0.335,0.153,0.273,21.250
2025-08-03 10:00,0.383,0.183,0.308,22.073
2025-08-03 11:00,0.432,0.235,0.324,22.816
2025-08-03 12:00,0.422,0.220,0.326,23.083
2025-08-03 13:00,0.412,0.212,0.320,22.919
2025-08-03 14:00,0.265,0.069,0.270,22.066
2025-08-03 15:00,0.224,0.055,0.233,21.509
2025-08-03 16:00,0.198,0.062,0.194,21.070
2025-08-03 17:00,0.142,0.047,0.142,20.384
2025-08-03 18:00,0.031,0.001,0.056,18.782
2025-08-03 19:00,0,0,0.006,16.887
2025-08-03 20:00,0,0,0,16.106
2025-08-03 21:00,0,0,0,15.728
2025-08-03 22:00,0,0,0,15.363
2025-08-03 23:00,0,0,0,14.887
2025-08-04 00:00,0,0,0,14.548
2025-08-04 01:00,0,0,0,14.677
2025-08-04 02:00,0,0,0,15.088
2025-08-04 03:00,0,0,0,15.342
2025-08-04 04:00,0,0,0.002,15.432
2025-08-04 05:00,0.008,0,0.028,15.646
2025-08-04 06:00,0.104,0.024,0.118,16.457
2025-08-04 07:00,0.229,0.123,0.166,18.269
2025-08-04 08:00,0.266,0.111,0.227,20.226
2025-08-04 09:00,0.231,0.053,0.243,20.906
2025-08-04 10:00,0.257,0.056,0.272,21.430
2025-08-04 11:00,0.283,0.066,0.295,21.970
2025-08-04 12:00,0.263,0.059,0.277,21.893
2025-08-04 13:00,0.477,0.343,0.278,22.223
2025-08-04 14:00,0.592,0.649,0.141,22.006
2025-08-04 15:00,0.508,0.553,0.108,21.123
2025-08-04 16:00,0.359,0.358,0.097,20.283
2025-08-04 17:00,0.187,0.155,0.086,19.287
2025-08-04 18:00,0.044,0.008,0.064,17.799
2025-08-04 19:00,0,0,0.013,15.598
2025-08-04 20:00,0,0,0,14.261
2025-08-04 21:00,0,0,0,13.682
2025-08-04 22:00,0,0,0,13.249
2025-08-04 23:00,0,0,0,12.827
2025-08-05 00:00,0,0,0,12.321
2025-08-05 01:00,0,0,0,11.759
2025-08-05 02:00,0,0,0,11.144
2025-08-05 03:00,0,0,0,10.743
2025-08-05 04:00,0,0,0.005,10.500
2025-08-05 05:00,0.024,0,0.048,11.254
2025-08-05 06:00,0.125,0.090,0.073,12.863
2025-08-05 07:00,0.297,0.279,0.087,14.694
2025-08-05 08:00,0.456,0.474,0.098,16.114
2025-08-05 09:00,0.576,0.634,0.110,17.216
2025-08-05 10:00,0.660,0.760,0.117,18.077
2025-08-05 11:00,0.705,0.835,0.119,18.914
2025-08-05 12:00,0.707,0.841,0.121,19.471
2025-08-05 13:00,0.673,0.788,0.118,19.743
2025-08-05 14:00,0.599,0.676,0.114,19.709
2025-08-05 15:00,0.480,0.505,0.110,19.390
2025-08-05 16:00,0.328,0.308,0.104,18.940
2025-08-05 17:00,0.166,0.121,0.093,18.215
2025-08-05 18:00,0.041,0.005,0.064,16.831
2025-08-05 19:00,0,0,0.011,14.258
2025-08-05 20:00,0,0,0,12.860
2025-08-05 21:00,0,0,0,12.117
2025-08-05 22:00,0,0,0,11.476
2025-08-05 23:00,0,0,0,10.891
2025-08-06 00:00,0,0,0,10.554
2025-08-06 01:00,0,0,0,10.330
2025-08-06 02:00,0,0,0,10.039
2025-08-06 03:00,0,0,0,9.699
2025-08-06 04:00,0,0,0.004,9.154
2025-08-06 05:00,0.027,0,0.051,10.498
2025-08-06 06:00,0.115,0.050,0.102,12.568
2025-08-06 07:00,0.259,0.192,0.128,14.974
2025-08-06 08:00,0.421,0.397,0.131,17.043
2025-08-06 09:00,0.578,0.633,0.119,18.544
2025-08-06 10:00,0.654,0.746,0.131,19.789
2025-08-06 11:00,0.643,0.690,0.174,20.653
2025-08-06 12:00,0.513,0.402,0.266,20.958
2025-08-06 13:00,0.344,0.144,0.293,20.818
2025-08-06 14:00,0.280,0.096,0.259,20.708
2025-08-06 15:00,0.358,0.247,0.208,21.133
2025-08-06 16:00,0.298,0.239,0.139,21.014
2025-08-06 17:00,0.155,0.093,0.111,20.157
2025-08-06 18:00,0.042,0.004,0.067,18.167
2025-08-06 19:00,0,0,0.010,15.731
2025-08-06 20:00,0,0,0,14.501
2025-08-06 21:00,0,0,0,14.052
2025-08-06 22:00,0,0,0,13.830
2025-08-06 23:00,0,0,0,13.478
2025-08-07 00:00,0,0,0,12.862
2025-08-07 01:00,0,0,0,13.054
2025-08-07 02:00,0,0,0,12.442
2025-08-07 03:00,0,0,0,12.501
2025-08-07 04:00,0,0,0.003,12.494
2025-08-07 05:00,0.024,0,0.047,13.328
2025-08-07 06:00,0.122,0.049,0.113,14.908
2025-08-07 07:00,0.188,0.066,0.173,16.486
2025-08-07 08:00,0.246,0.082,0.228,17.679
2025-08-07 09:00,0.298,0.101,0.273,18.817
2025-08-07 10:00,0.331,0.115,0.303,19.811
2025-08-07 11:00,0.412,0.196,0.330,20.777
2025-08-07 12:00,0.380,0.160,0.325,21.299
2025-08-07 13:00,0.423,0.230,0.315,22.014
2025-08-07 14:00,0.328,0.132,0.287,22.212
2025-08-07 15:00,0.244,0.075,0.238,22.016
2025-08-07 16:00,0.197,0.061,0.194,21.647
2025-08-07 17:00,0.092,0.013,0.118,20.733
2025-08-07 18:00,0.017,0,0.040,19.179
2025-08-07 19:00,0,0,0.005,17.527
2025-08-07 20:00,0,0,0,16.294
2025-08-07 21:00,0,0,0,15.482
2025-08-07 22:00,0,0,0,14.874
2025-08-07 23:00,0,0,0,14.387
2025-08-08 00:00,0,0,0,13.938
2025-08-08 01:00,0,0,0,13.634
2025-08-08 02:00,0,0,0,13.295
2025-08-08 03:00,0,0,0,12.584
2025-08-08 04:00,0,0,0.003,11.680
2025-08-08 05:00,0.022,0,0.045,12.617
2025-08-08 06:00,0.118,0.083,0.074,13.862
2025-08-08 07:00,0.304,0.300,0.076,15.650
2025-08-08 08:00,0.469,0.509,0.084,17.366
2025-08-08 09:00,0.600,0.697,0.090,18.829
2025-08-08 10:00,0.686,0.835,0.095,20.042
2025-08-08 11:00,0.728,0.908,0.099,21.069
2025-08-08 12:00,0.729,0.912,0.100,21.873
2025-08-08 13:00,0.689,0.848,0.100,22.357
2025-08-08 14:00,0.610,0.722,0.098,22.508
2025-08-08 15:00,0.490,0.546,0.094,22.342
2025-08-08 16:00,0.338,0.344,0.087,21.856
2025-08-08 17:00,0.169,0.144,0.077,20.886
2025-08-08 18:00,0.034,0.005,0.056,19.047
2025-08-08 19:00,0,0,0.009,16.241
2025-08-08 20:00,0,0,0,15.016
2025-08-08 21:00,0,0,0,14.107
2025-08-08 22:00,0,0,0,13.095
2025-08-08 23:00,0,0,0,12.351
2025-08-09 00:00,0,0,0,11.706
2025-08-09 01:00,0,0,0,11.312
2025-08-09 02:00,0,0,0,11.097
2025-08-09 03:00,0,0,0,10.940
2025-08-09 04:00,0,0,0.002,11.143
2025-08-09 05:00,0.017,0,0.038,12.304
2025-08-09 06:00,0.108,0.049,0.096,13.907
2025-08-09 07:00,0.291,0.269,0.092,16.482
2025-08-09 08:00,0.451,0.472,0.099,18.320
2025-08-09 09:00,0.568,0.629,0.113,19.652
2025-08-09 10:00,0.625,0.701,0.135,20.694
2025-08-09 11:00,0.659,0.749,0.145,21.511
2025-08-09 12:00,0.669,0.771,0.142,22.074
2025-08-09 13:00,0.647,0.745,0.133,22.408
2025-08-09 14:00,0.557,0.600,0.137,22.416
2025-08-09 15:00,0.443,0.440,0.132,22.119
2025-08-09 16:00,0.298,0.257,0.122,21.410
2025-08-09 17:00,0.151,0.099,0.101,20.348
2025-08-09 18:00,0.036,0.003,0.060,18.688
2025-08-09 19:00,0,0,0.008,16.155
2025-08-09 20:00,0,0,0,14.981
2025-08-09 21:00,0,0,0,14.332
2025-08-09 22:00,0,0,0,13.642
2025-08-09 23:00,0,0,0,12.882
2025-08-10 00:00,0,0,0,12.172
2025-08-10 01:00,0,0,0,11.611
2025-08-10 02:00,0,0,0,11.230
2025-08-10 03:00,0,0,0,10.956
2025-08-10 04:00,0,0,0.002,10.861
2025-08-10 05:00,0.020,0,0.042,12.295
2025-08-10 06:00,0.116,0.082,0.073,14.723
2025-08-10 07:00,0.287,0.274,0.085,17.365
2025-08-10 08:00,0.445,0.470,0.096,19.395
2025-08-10 09:00,0.572,0.650,0.103,20.736
2025-08-10 10:00,0.651,0.771,0.111,21.881
2025-08-10 11:00,0.702,0.863,0.110,22.933
2025-08-10 12:00,0.707,0.877,0.110,23.761
2025-08-10 13:00,0.669,0.818,0.108,24.327
2025-08-10 14:00,0.591,0.694,0.106,24.595
2025-08-10 15:00,0.472,0.519,0.102,24.607
2025-08-10 16:00,0.318,0.314,0.097,24.373
2025-08-10 17:00,0.158,0.128,0.083,23.772
2025-08-10 18:00,0.031,0.003,0.055,22.019
2025-08-10 19:00,0,0,0.007,19.725
2025-08-10 20:00,0,0,0,18.569
2025-08-10 21:00,0,0,0,17.675
2025-08-10 22:00,0,0,0,17.130
2025-08-10 23:00,0,0,0,16.662
2025-08-11 00:00,0,0,0,16.435
2025-08-11 01:00,0,0,0,16.210
2025-08-11 02:00,0,0,0,16.419
2025-08-11 03:00,0,0,0,16.238
2025-08-11 04:00,0,0,0.002,15.814
2025-08-11 05:00,0.020,0,0.043,16.284
2025-08-11 06:00,0.073,0.009,0.097,17.360
2025-08-11 07:00,0.129,0.023,0.149,18.152
2025-08-11 08:00,0.197,0.047,0.206,19.579
2025-08-11 09:00,0.362,0.205,0.257,21.891
2025-08-11 10:00,0.618,0.674,0.167,24.030
2025-08-11 11:00,0.689,0.823,0.144,25.491
2025-08-11 12:00,0.655,0.742,0.171,26.330
2025-08-11 13:00,0.544,0.516,0.221,26.697
2025-08-11 14:00,0.456,0.368,0.238,26.900
2025-08-11 15:00,0.216,0.056,0.227,25.816
2025-08-11 16:00,0.049,0.003,0.078,23.183
2025-08-11 17:00,0.032,0.002,0.057,21.796
2025-08-11 18:00,0.011,0,0.032,21.879
2025-08-11 19:00,0,0,0.001,21.032
2025-08-11 20:00,0,0,0,19.052
2025-08-11 21:00,0,0,0,18.274
2025-08-11 22:00,0,0,0,17.652
2025-08-11 23:00,0,0,0,17.029
2025-08-12 00:00,0,0,0,16.679
2025-08-12 01:00,0,0,0,16.330
2025-08-12 02:00,0,0,0,15.994
2025-08-12 03:00,0,0,0,15.197
2025-08-12 04:00,0,0,0.001,14.219
2025-08-12 05:00,0.020,0,0.042,15.141
2025-08-12 06:00,0.068,0.008,0.092,16.697
2025-08-12 07:00,0.100,0.012,0.125,17.543
2025-08-12 08:00,0.189,0.042,0.201,18.959
2025-08-12 09:00,0.315,0.134,0.267,21.563
2025-08-12 10:00,0.385,0.205,0.294,23.851
2025-08-12 11:00,0.426,0.252,0.305,25.261
2025-08-12 12:00,0.457,0.308,0.298,26.269
2025-08-12 13:00,0.454,0.328,0.276,26.910
2025-08-12 14:00,0.414,0.301,0.246,27.174
2025-08-12 15:00,0.350,0.253,0.206,27.191
2025-08-12 16:00,0.257,0.177,0.160,26.964
2025-08-12 17:00,0.136,0.069,0.117,25.847
2025-08-12 18:00,0.032,0.001,0.059,23.063
2025-08-12 19:00,0,0,0.005,20.828
2025-08-12 20:00,0,0,0,20.323
2025-08-12 21:00,0,0,0,19.586
2025-08-12 22:00,0,0,0,18.650
2025-08-12 23:00,0,0,0,17.820
2025-08-13 00:00,0,0,0,17.144
2025-08-13 01:00,0,0,0,16.544
2025-08-13 02:00,0,0,0,16.085
2025-08-13 03:00,0,0,0,15.633
2025-08-13 04:00,0,0,0.001,15.097
2025-08-13 05:00,0.018,0,0.041,16.002
2025-08-13 06:00,0.104,0.045,0.097,17.840
2025-08-13 07:00,0.204,0.112,0.149,19.418
2025-08-13 08:00,0.332,0.243,0.180,21.545
2025-08-13 09:00,0.475,0.436,0.185,23.139
2025-08-13 10:00,0.438,0.315,0.257,24.131
2025-08-13 11:00,0.421,0.262,0.287,24.888
2025-08-13 12:00,0.515,0.437,0.251,25.848
2025-08-13 13:00,0.575,0.602,0.184,26.740
2025-08-13 14:00,0.540,0.582,0.150,27.168
2025-08-13 15:00,0.417,0.400,0.150,26.910
2025-08-13 16:00,0.242,0.159,0.158,25.996
2025-08-13 17:00,0.113,0.041,0.117,24.516
2025-08-13 18:00,0.028,0,0.053,22.154
2025-08-13 19:00,0,0,0.004,19.713
2025-08-13 20:00,0,0,0,18.688
2025-08-13 21:00,0,0,0,17.942
2025-08-13 22:00,0,0,0,17.153
2025-08-13 23:00,0,0,0,16.268
2025-08-14 00:00,0,0,0,15.480
2025-08-14 01:00,0,0,0,14.923
2025-08-14 02:00,0,0,0,14.772
2025-08-14 03:00,0,0,0,14.912
2025-08-14 04:00,0,0,0.001,14.756
2025-08-14 05:00,0.016,0,0.038,15.736
2025-08-14 06:00,0.100,0.049,0.089,17.419
2025-08-14 07:00,0.248,0.203,0.112,19.393
2025-08-14 08:00,0.427,0.439,0.108,21.004
2025-08-14 09:00,0.550,0.611,0.117,22.309
2025-08-14 10:00,0.602,0.672,0.140,23.284
2025-08-14 11:00,0.662,0.778,0.136,24.129
2025-08-14 12:00,0.676,0.811,0.130,24.810
2025-08-14 13:00,0.643,0.761,0.126,25.180
2025-08-14 14:00,0.572,0.653,0.120,25.315
2025-08-14 15:00,0.437,0.449,0.124,25.129
2025-08-14 16:00,0.298,0.273,0.112,24.686
2025-08-14 17:00,0.135,0.085,0.099,23.719
2025-08-14 18:00,0.027,0,0.053,22.056
2025-08-14 19:00,0,0,0.004,19.575
2025-08-14 20:00,0,0,0,18.411
2025-08-14 21:00,0,0,0,17.661
2025-08-14 22:00,0,0,0,16.985
2025-08-14 23:00,0,0,0,16.479
2025-08-15 00:00,0,0,0,15.955
2025-08-15 01:00,0,0,0,15.307
2025-08-15 02:00,0,0,0,14.692
2025-08-15 03:00,0,0,0,14.233
2025-08-15 04:00,0,0,0,13.884
2025-08-15 05:00,0.015,0,0.036,14.896
2025-08-15 06:00,0.108,0.074,0.072,16.603
2025-08-15 07:00,0.276,0.260,0.087,18.557
2025-08-15 08:00,0.437,0.464,0.096,20.716
2025-08-15 09:00,0.558,0.634,0.106,22.734
2025-08-15 10:00,0.642,0.769,0.112,24.217
2025-08-15 11:00,0.686,0.845,0.115,25.220
2025-08-15 12:00,0.689,0.852,0.116,25.822
2025-08-15 13:00,0.652,0.792,0.115,26.097
2025-08-15 14:00,0.574,0.668,0.112,26.012
2025-08-15 15:00,0.450,0.483,0.110,25.617
2025-08-15 16:00,0.302,0.289,0.102,24.860
2025-08-15 17:00,0.143,0.106,0.087,23.666
2025-08-15 18:00,0.025,0,0.051,21.613
2025-08-15 19:00,0,0,0.003,19.214
2025-08-15 20:00,0,0,0,18.061
2025-08-15 21:00,0,0,0,17.160
2025-08-15 22:00,0,0,0,16.339
2025-08-15 23:00,0,0,0,15.498
2025-08-16 00:00,0,0,0,14.800
2025-08-16 01:00,0,0,0,14.277
2025-08-16 02:00,0,0,0,13.852
2025-08-16 03:00,0,0,0,13.454
2025-08-16 04:00,0,0,0,13.072
2025-08-16 05:00,0.014,0,0.035,13.855
2025-08-16 06:00,0.105,0.069,0.074,15.492
2025-08-16 07:00,0.273,0.251,0.089,17.137
2025-08-16 08:00,0.435,0.452,0.099,18.849
2025-08-16 09:00,0.548,0.603,0.114,20.285
2025-08-16 10:00,0.639,0.743,0.118,21.476
2025-08-16 11:00,0.674,0.797,0.126,22.343
2025-08-16 12:00,0.679,0.809,0.126,22.884
2025-08-16 13:00,0.652,0.773,0.119,23.139
2025-08-16 14:00,0.580,0.665,0.111,23.003
2025-08-16 15:00,0.476,0.521,0.098,22.611
2025-08-16 16:00,0.326,0.329,0.086,21.876
2025-08-16 17:00,0.156,0.133,0.073,20.750
2025-08-16 18:00,0.022,0,0.046,18.894
2025-08-16 19:00,0,0,0.003,16.266
2025-08-16 20:00,0,0,0,15.090
2025-08-16 21:00,0,0,0,14.073
2025-08-16 22:00,0,0,0,13.092
2025-08-16 23:00,0,0,0,12.222
2025-08-17 00:00,0,0,0,11.464
2025-08-17 01:00,0,0,0,10.843
2025-08-17 02:00,0,0,0,10.405
2025-08-17 03:00,0,0,0,10.092
2025-08-17 04:00,0,0,0,9.816
2025-08-17 05:00,0.012,0,0.032,10.818
2025-08-17 06:00,0.111,0.085,0.062,12.822
2025-08-17 07:00,0.293,0.288,0.074,15.067
2025-08-17 08:00,0.462,0.500,0.083,16.903
2025-08-17 09:00,0.591,0.682,0.091,18.691
2025-08-17 10:00,0.675,0.816,0.098,20.408
2025-08-17 11:00,0.715,0.888,0.102,21.887
2025-08-17 12:00,0.710,0.881,0.106,23.027
2025-08-17 13:00,0.669,0.816,0.106,23.832
2025-08-17 14:00,0.588,0.689,0.104,24.227
2025-08-17 15:00,0.458,0.497,0.104,24.179
2025-08-17 16:00,0.305,0.295,0.097,23.625
2025-08-17 17:00,0.141,0.105,0.084,22.465
2025-08-17 18:00,0.023,0,0.047,20.276
2025-08-17 19:00,0,0,0.002,17.922
2025-08-17 20:00,0,0,0,16.646
2025-08-17 21:00,0,0,0,15.381
2025-08-17 22:00,0,0,0,14.448
2025-08-17 23:00,0,0,0,13.778
2025-08-18 00:00,0,0,0,13.267
2025-08-18 01:00,0,0,0,12.935
2025-08-18 02:00,0,0,0,12.809
2025-08-18 03:00,0,0,0,12.770
2025-08-18 04:00,0,0,0,12.766
2025-08-18 05:00,0.011,0,0.031,13.706
2025-08-18 06:00,0.086,0.032,0.089,15.337
2025-08-18 07:00,0.202,0.120,0.136,16.861
2025-08-18 08:00,0.354,0.292,0.151,18.313
2025-08-18 09:00,0.543,0.583,0.124,19.825
2025-08-18 10:00,0.644,0.748,0.118,21.031
2025-08-18 11:00,0.703,0.856,0.114,22.047
2025-08-18 12:00,0.701,0.853,0.117,22.750
2025-08-18 13:00,0.660,0.788,0.117,23.131
2025-08-18 14:00,0.587,0.676,0.111,23.191
2025-08-18 15:00,0.458,0.486,0.110,22.944
2025-08-18 16:00,0.302,0.284,0.103,22.318
2025-08-18 17:00,0.139,0.098,0.088,21.181
2025-08-18 18:00,0.022,0,0.047,19.278
2025-08-18 19:00,0,0,0.002,17.097
2025-08-18 20:00,0,0,0,15.924
2025-08-18 21:00,0,0,0,15.034
2025-08-18 22:00,0,0,0,14.511
2025-08-18 23:00,0,0,0,14.211
2025-08-19 00:00,0,0,0,13.988
2025-08-19 01:00,0,0,0,13.846
2025-08-19 02:00,0,0,0,13.756
2025-08-19 03:00,0,0,0,13.680
2025-08-19 04:00,0,0,0,13.607
2025-08-19 05:00,0.002,0,0.018,13.763
2025-08-19 06:00,0.044,0.003,0.069,14.432
2025-08-19 07:00,0.106,0.013,0.131,15.344
2025-08-19 08:00,0.161,0.024,0.184,16.277
2025-08-19 09:00,0.191,0.027,0.216,17.031
2025-08-19 10:00,0.204,0.026,0.232,17.602
2025-08-19 11:00,0.235,0.034,0.262,18.203
2025-08-19 12:00,0.230,0.033,0.259,18.652
2025-08-19 13:00,0.264,0.053,0.279,19.145
2025-08-19 14:00,0.295,0.095,0.278,19.650
2025-08-19 15:00,0.292,0.130,0.240,19.988
2025-08-19 16:00,0.188,0.061,0.181,19.778
2025-08-19 17:00,0.083,0.014,0.106,18.926
2025-08-19 18:00,0.017,0,0.040,17.503
2025-08-19 19:00,0,0,0.001,15.778
2025-08-19 20:00,0,0,0,14.567
2025-08-19 21:00,0,0,0,13.859
2025-08-19 22:00,0,0,0,13.516
2025-08-19 23:00,0,0,0,13.163
2025-08-20 00:00,0,0,0,12.879
2025-08-20 01:00,0,0,0,12.919
2025-08-20 02:00,0,0,0,13.035
2025-08-20 03:00,0,0,0,13.066
2025-08-20 04:00,0,0,0,12.818
2025-08-20 05:00,0.005,0,0.023,12.498
2025-08-20 06:00,0.077,0.024,0.085,12.956
2025-08-20 07:00,0.245,0.195,0.108,14.398
2025-08-20 08:00,0.443,0.458,0.097,16.088
2025-08-20 09:00,0.582,0.654,0.099,17.269
2025-08-20 10:00,0.675,0.799,0.103,18.222
2025-08-20 11:00,0.723,0.880,0.105,19.073
2025-08-20 12:00,0.727,0.892,0.105,19.728
2025-08-20 13:00,0.689,0.832,0.103,20.103
2025-08-20 14:00,0.609,0.707,0.099,20.118
2025-08-20 15:00,0.486,0.531,0.093,19.833
2025-08-20 16:00,0.325,0.324,0.085,19.193
2025-08-20 17:00,0.148,0.120,0.074,18.092
2025-08-20 18:00,0.020,0,0.042,16.254
2025-08-20 19:00,0,0,0.001,14.130
2025-08-20 20:00,0,0,0,13.675
2025-08-20 21:00,0,0,0,13.429
2025-08-20 22:00,0,0,0,13.367
2025-08-20 23:00,0,0,0,13.198
2025-08-21 00:00,0,0,0,13.061
2025-08-21 01:00,0,0,0,12.916
2025-08-21 02:00,0,0,0,12.762
2025-08-21 03:00,0,0,0,12.587
2025-08-21 04:00,0,0,0,12.329
2025-08-21 05:00,0.001,0,0.017,12.236
2025-08-21 06:00,0.063,0.011,0.082,12.842
2025-08-21 07:00,0.184,0.088,0.145,14.194
2025-08-21 08:00,0.335,0.246,0.168,15.352
2025-08-21 09:00,0.537,0.547,0.138,16.437
2025-08-21 10:00,0.673,0.779,0.115,17.484
2025-08-21 11:00,0.727,0.875,0.113,18.378
2025-08-21 12:00,0.732,0.888,0.113,19.071
2025-08-21 13:00,0.690,0.819,0.113,19.493
2025-08-21 14:00,0.591,0.658,0.120,19.591
2025-08-21 15:00,0.429,0.405,0.140,19.337
2025-08-21 16:00,0.222,0.126,0.155,18.658
2025-08-21 17:00,0.079,0.017,0.097,17.668
2025-08-21 18:00,0.012,0,0.032,16.137
2025-08-21 19:00,0,0,0.001,14.284
2025-08-21 20:00,0,0,0,13.066
2025-08-21 21:00,0,0,0,12.091
2025-08-21 22:00,0,0,0,11.408
2025-08-21 23:00,0,0,0,11.098
2025-08-22 00:00,0,0,0,10.871
2025-08-22 01:00,0,0,0,10.419
2025-08-22 02:00,0,0,0,9.652
2025-08-22 03:00,0,0,0,8.949
2025-08-22 04:00,0,0,0,8.429
2025-08-22 05:00,0.007,0,0.025,8.707
2025-08-22 06:00,0.100,0.061,0.073,11.172
2025-08-22 07:00,0.265,0.229,0.097,13.655
2025-08-22 08:00,0.413,0.396,0.119,16.390
2025-08-22 09:00,0.500,0.483,0.156,17.971
2025-08-22 10:00,0.513,0.455,0.205,19.014
2025-08-22 11:00,0.575,0.556,0.199,19.987
2025-08-22 12:00,0.683,0.792,0.139,21.100
2025-08-22 13:00,0.654,0.760,0.128,21.812
2025-08-22 14:00,0.565,0.617,0.132,22.105
2025-08-22 15:00,0.357,0.279,0.177,21.784
2025-08-22 16:00,0.175,0.069,0.159,20.945
2025-08-22 17:00,0.065,0.011,0.087,19.707
2025-08-22 18:00,0.009,0,0.029,18.057
2025-08-22 19:00,0,0,0,16.207
2025-08-22 20:00,0,0,0,15.112
2025-08-22 21:00,0,0,0,14.323
2025-08-22 22:00,0,0,0,13.644
2025-08-22 23:00,0,0,0,13.255
2025-08-23 00:00,0,0,0,13.059
2025-08-23 01:00,0,0,0,12.898
2025-08-23 02:00,0,0,0,12.646
2025-08-23 03:00,0,0,0,12.395
2025-08-23 04:00,0,0,0,12.280
2025-08-23 05:00,0,0,0.014,12.627
2025-08-23 06:00,0.033,0.002,0.057,14.007
2025-08-23 07:00,0.084,0.009,0.109,15.143
2025-08-23 08:00,0.147,0.023,0.168,16.748
2025-08-23 09:00,0.245,0.066,0.243,18.196
2025-08-23 10:00,0.310,0.107,0.283,19.286
2025-08-23 11:00,0.378,0.173,0.306,20.290
2025-08-23 12:00,0.427,0.246,0.301,21.189
2025-08-23 13:00,0.461,0.330,0.266,21.958
2025-08-23 14:00,0.460,0.382,0.216,22.483
2025-08-23 15:00,0.359,0.272,0.189,22.525
2025-08-23 16:00,0.240,0.154,0.155,22.167
2025-08-23 17:00,0.095,0.030,0.105,21.377
2025-08-23 18:00,0.011,0,0.032,19.394
2025-08-23 19:00,0,0,0,17.156
2025-08-23 20:00,0,0,0,16.182
2025-08-23 21:00,0,0,0,15.445
2025-08-23 22:00,0,0,0,14.691
2025-08-23 23:00,0,0,0,13.916
2025-08-24 00:00,0,0,0,13.258
2025-08-24 01:00,0,0,0,12.680
2025-08-24 02:00,0,0,0,12.187
2025-08-24 03:00,0,0,0,11.760
2025-08-24 04:00,0,0,0,11.378
2025-08-24 05:00,0.004,0,0.022,11.829
2025-08-24 06:00,0.093,0.055,0.073,14.507
2025-08-24 07:00,0.260,0.230,0.094,16.807
2025-08-24 08:00,0.424,0.434,0.105,19.428
2025-08-24 09:00,0.549,0.605,0.116,21.326
2025-08-24 10:00,0.629,0.724,0.127,22.611
2025-08-24 11:00,0.660,0.767,0.140,23.495
2025-08-24 12:00,0.623,0.682,0.167,24.038
2025-08-24 13:00,0.523,0.487,0.208,24.304
2025-08-24 14:00,0.351,0.211,0.242,24.172
2025-08-24 15:00,0.191,0.056,0.195,23.628
2025-08-24 16:00,0.126,0.029,0.143,23.130
2025-08-24 17:00,0.064,0.012,0.087,21.939
2025-08-24 18:00,0.009,0,0.029,20.233
2025-08-24 19:00,0,0,0,18.681
2025-08-24 20:00,0,0,0,17.385
2025-08-24 21:00,0,0,0,16.271
2025-08-24 22:00,0,0,0,15.639
2025-08-24 23:00,0,0,0,15.083
2025-08-25 00:00,0,0,0,14.473
2025-08-25 01:00,0,0,0,13.492
2025-08-25 02:00,0,0,0,12.579
2025-08-25 03:00,0,0,0,11.897
2025-08-25 04:00,0,0,0,11.263
2025-08-25 05:00,0.003,0,0.019,11.364
2025-08-25 06:00,0.092,0.063,0.064,13.446
2025-08-25 07:00,0.270,0.256,0.078,15.344
2025-08-25 08:00,0.437,0.465,0.088,18.456
2025-08-25 09:00,0.571,0.660,0.094,21.387
2025-08-25 10:00,0.616,0.715,0.120,23.539
2025-08-25 11:00,0.602,0.663,0.156,24.889
2025-08-25 12:00,0.580,0.618,0.171,25.858
2025-08-25 13:00,0.582,0.649,0.146,26.637
2025-08-25 14:00,0.553,0.638,0.113,27.101
2025-08-25 15:00,0.454,0.508,0.095,27.001
2025-08-25 16:00,0.299,0.306,0.084,26.188
2025-08-25 17:00,0.130,0.107,0.070,24.392
2025-08-25 18:00,0.013,0,0.034,21.297
2025-08-25 19:00,0,0,0,18.942
2025-08-25 20:00,0,0,0,18.325
2025-08-25 21:00,0,0,0,17.571
2025-08-25 22:00,0,0,0,16.935
2025-08-25 23:00,0,0,0,16.543
2025-08-26 00:00,0,0,0,16.170
2025-08-26 01:00,0,0,0,15.946
2025-08-26 02:00,0,0,0,15.758
2025-08-26 03:00,0,0,0,15.500
2025-08-26 04:00,0,0,0,14.909
2025-08-26 05:00,0.001,0,0.017,14.934
2025-08-26 06:00,0.061,0.014,0.077,16.436
2025-08-26 07:00,0.118,0.031,0.128,17.775
2025-08-26 08:00,0.212,0.082,0.189,18.958
2025-08-26 09:00,0.368,0.245,0.221,20.127
2025-08-26 10:00,0.510,0.464,0.201,21.247
2025-08-26 11:00,0.667,0.772,0.140,22.399
2025-08-26 12:00,0.685,0.817,0.128,23.111
2025-08-26 13:00,0.648,0.758,0.127,23.290
2025-08-26 14:00,0.528,0.555,0.142,23.105
2025-08-26 15:00,0.437,0.445,0.121,22.814
2025-08-26 16:00,0.271,0.229,0.117,22.057
2025-08-26 17:00,0.093,0.036,0.095,20.639
2025-08-26 18:00,0.007,0,0.025,18.648
2025-08-26 19:00,0,0,0,16.880
2025-08-26 20:00,0,0,0,15.540
2025-08-26 21:00,0,0,0,14.644
2025-08-26 22:00,0,0,0,14.105
2025-08-26 23:00,0,0,0,13.492
2025-08-27 00:00,0,0,0,13.212
2025-08-27 01:00,0,0,0,12.881
2025-08-27 02:00,0,0,0,12.561
2025-08-27 03:00,0,0,0,12.266
2025-08-27 04:00,0,0,0,12.095
2025-08-27 05:00,0.001,0,0.017,12.345
2025-08-27 06:00,0.089,0.054,0.069,13.873
2025-08-27 07:00,0.256,0.225,0.094,16.025
2025-08-27 08:00,0.405,0.393,0.118,18.169
2025-08-27 09:00,0.493,0.480,0.154,19.541
2025-08-27 10:00,0.517,0.467,0.204,20.395
2025-08-27 11:00,0.464,0.330,0.268,20.993
2025-08-27 12:00,0.282,0.085,0.273,20.836
2025-08-27 13:00,0.187,0.030,0.212,20.376
2025-08-27 14:00,0.185,0.035,0.204,20.215
2025-08-27 15:00,0.264,0.126,0.209,20.502
2025-08-27 16:00,0.228,0.149,0.142,20.302
2025-08-27 17:00,0.123,0.082,0.084,19.360
2025-08-27 18:00,0.012,0,0.033,16.673
2025-08-27 19:00,0,0,0,14.031
2025-08-27 20:00,0,0,0,13.089
2025-08-27 21:00,0,0,0,12.386
2025-08-27 22:00,0,0,0,11.926
2025-08-27 23:00,0,0,0,11.589
2025-08-28 00:00,0,0,0,11.285
2025-08-28 01:00,0,0,0,11.008
2025-08-28 02:00,0,0,0,10.950
2025-08-28 03:00,0,0,0,11.363
2025-08-28 04:00,0,0,0,11.521
2025-08-28 05:00,0,0,0.016,11.772
2025-08-28 06:00,0.077,0.032,0.077,13.103
2025-08-28 07:00,0.229,0.169,0.116,14.878
2025-08-28 08:00,0.375,0.326,0.141,16.745
2025-08-28 09:00,0.490,0.460,0.164,18.162
2025-08-28 10:00,0.531,0.480,0.206,19.099
2025-08-28 11:00,0.446,0.286,0.282,19.262
2025-08-28 12:00,0.275,0.073,0.273,18.649
2025-08-28 13:00,0.190,0.028,0.215,18.062
2025-08-28 14:00,0.154,0.020,0.181,17.877
2025-08-28 15:00,0.155,0.027,0.175,17.975
2025-08-28 16:00,0.144,0.040,0.149,17.867
2025-08-28 17:00,0.099,0.041,0.097,17.161
2025-08-28 18:00,0.011,0,0.031,15.443
2025-08-28 19:00,0,0,0,13.621
2025-08-28 20:00,0,0,0,13.130
2025-08-28 21:00,0,0,0,12.741
2025-08-28 22:00,0,0,0,12.426
2025-08-28 23:00,0,0,0,12.189
2025-08-29 00:00,0,0,0,12.189
2025-08-29 01:00,0,0,0,12.512
2025-08-29 02:00,0,0,0,12.875
2025-08-29 03:00,0,0,0,13.119
2025-08-29 04:00,0,0,0,13.099
2025-08-29 05:00,0,0,0.006,12.931
2025-08-29 06:00,0.014,0.001,0.034,13.421
2025-08-29 07:00,0.054,0.005,0.078,13.970
2025-08-29 08:00,0.153,0.032,0.165,14.966
2025-08-29 09:00,0.344,0.196,0.232,16.450
2025-08-29 10:00,0.490,0.402,0.222,17.959
2025-08-29 11:00,0.562,0.521,0.211,19.126
2025-08-29 12:00,0.589,0.579,0.197,20.003
2025-08-29 13:00,0.563,0.552,0.186,20.514
2025-08-29 14:00,0.481,0.442,0.178,20.636
2025-08-29 15:00,0.384,0.334,0.153,20.474
2025-08-29 16:00,0.262,0.212,0.120,19.967
2025-08-29 17:00,0.110,0.066,0.085,18.873
2025-08-29 18:00,0.008,0,0.027,16.488
2025-08-29 19:00,0,0,0,14.351
2025-08-29 20:00,0,0,0,13.643
2025-08-29 21:00,0,0,0,13.252
2025-08-29 22:00,0,0,0,13.012
2025-08-29 23:00,0,0,0,12.636
2025-08-30 00:00,0,0,0,12.203
2025-08-30 01:00,0,0,0,11.743
2025-08-30 02:00,0,0,0,11.331
2025-08-30 03:00,0,0,0,10.987
2025-08-30 04:00,0,0,0,10.914
2025-08-30 05:00,0,0,0.010,11.321
2025-08-30 06:00,0.033,0.003,0.055,12.791
2025-08-30 07:00,0.089,0.013,0.110,13.795
2025-08-30 08:00,0.150,0.027,0.167,15.157
2025-08-30 09:00,0.207,0.045,0.216,16.564
2025-08-30 10:00,0.322,0.125,0.277,17.917
2025-08-30 11:00,0.462,0.299,0.290,19.089
2025-08-30 12:00,0.360,0.157,0.297,19.406
2025-08-30 13:00,0.336,0.144,0.281,19.963
2025-08-30 14:00,0.418,0.300,0.235,21.129
2025-08-30 15:00,0.306,0.182,0.207,21.354
2025-08-30 16:00,0.127,0.028,0.143,20.284
2025-08-30 17:00,0.025,0.002,0.048,18.926
2025-08-30 18:00,0.001,0,0.017,18.167
2025-08-30 19:00,0,0,0,17.430
2025-08-30 20:00,0,0,0,16.195
2025-08-30 21:00,0,0,0,14.526
2025-08-30 22:00,0,0,0,13.452
2025-08-30 23:00,0,0,0,13.052
2025-08-31 00:00,0,0,0,12.587
2025-08-31 01:00,0,0,0,12.227
2025-08-31 02:00,0,0,0,11.955
2025-08-31 03:00,0,0,0,11.780
2025-08-31 04:00,0,0,0,11.639
2025-08-31 05:00,0,0,0.012,11.651
2025-08-31 06:00,0.080,0.054,0.058,12.558
2025-08-31 07:00,0.254,0.235,0.079,14.307
2025-08-31 08:00,0.430,0.451,0.088,16.543
2025-08-31 09:00,0.560,0.628,0.098,18.504
2025-08-31 10:00,0.624,0.710,0.118,19.660
2025-08-31 11:00,0.642,0.722,0.138,20.351
2025-08-31 12:00,0.601,0.631,0.166,20.666
2025-08-31 13:00,0.501,0.455,0.195,20.603
2025-08-31 14:00,0.463,0.426,0.169,20.569
2025-08-31 15:00,0.376,0.337,0.139,20.271
2025-08-31 16:00,0.256,0.216,0.108,19.678
2025-08-31 17:00,0.097,0.055,0.080,18.609
2025-08-31 18:00,0.004,0,0.021,17.063
2025-08-31 19:00,0,0,0,15.110
2025-08-31 20:00,0,0,0,14.155
2025-08-31 21:00,0,0,0,13.478
2025-08-31 22:00,0,0,0,13.008
2025-08-31 23:00,0,0,0,12.718
2025-09-01 00:00,0,0,0,12.623
2025-09-01 01:00,0,0,0,12.663
2025-09-01 02:00,0,0,0,12.689
2025-09-01 03:00,0,0,0,12.715
2025-09-01 04:00,0,0,0,12.744
2025-09-01 05:00,0,0,0.009,12.822
2025-09-01 06:00,0.051,0.013,0.067,13.583
2025-09-01 07:00,0.165,0.081,0.130,14.991
2025-09-01 08:00,0.283,0.177,0.176,16.561
2025-09-01 09:00,0.355,0.222,0.222,17.624
2025-09-01 10:00,0.345,0.171,0.262,18.093
2025-09-01 11:00,0.354,0.166,0.279,18.511
2025-09-01 12:00,0.444,0.293,0.272,19.286
2025-09-01 13:00,0.454,0.337,0.243,19.816
2025-09-01 14:00,0.418,0.319,0.213,19.992
2025-09-01 15:00,0.298,0.186,0.189,19.566
2025-09-01 16:00,0.192,0.103,0.144,18.878
2025-09-01 17:00,0.084,0.034,0.086,17.866
2025-09-01 18:00,0.004,0,0.022,15.889
2025-09-01 19:00,0,0,0,14.134
2025-09-01 20:00,0,0,0,13.556
2025-09-01 21:00,0,0,0,12.942
2025-09-01 22:00,0,0,0,12.402
2025-09-01 23:00,0,0,0,11.974
2025-09-02 00:00,0,0,0,11.684
2025-09-02 01:00,0,0,0,11.427
2025-09-02 02:00,0,0,0,11.129
2025-09-02 03:00,0,0,0,10.809
2025-09-02 04:00,0,0,0,10.439
2025-09-02 05:00,0,0,0.010,10.243
2025-09-02 06:00,0.080,0.053,0.059,11.993
2025-09-02 07:00,0.258,0.237,0.081,13.928
2025-09-02 08:00,0.419,0.422,0.101,16.172
2025-09-02 09:00,0.516,0.529,0.131,17.681
2025-09-02 10:00,0.569,0.578,0.162,18.532
2025-09-02 11:00,0.570,0.546,0.196,19.080
2025-09-02 12:00,0.508,0.423,0.231,19.428
2025-09-02 13:00,0.467,0.363,0.235,19.820
2025-09-02 14:00,0.318,0.167,0.235,19.678
2025-09-02 15:00,0.216,0.080,0.195,19.283
2025-09-02 16:00,0.100,0.019,0.120,18.579
2025-09-02 17:00,0.022,0.002,0.044,17.521
2025-09-02 18:00,0,0,0.008,16.302
2025-09-02 19:00,0,0,0,15.592
2025-09-02 20:00,0,0,0,15.100
2025-09-02 21:00,0,0,0,14.345
2025-09-02 22:00,0,0,0,14.145
2025-09-02 23:00,0,0,0,13.829
2025-09-03 00:00,0,0,0,13.354
2025-09-03 01:00,0,0,0,12.991
2025-09-03 02:00,0,0,0,13.264
2025-09-03 03:00,0,0,0,13.381
2025-09-03 04:00,0,0,0,13.522
2025-09-03 05:00,0,0,0.002,13.806
2025-09-03 06:00,0.001,0,0.016,14.568
2025-09-03 07:00,0.027,0.002,0.050,15.674
2025-09-03 08:00,0.082,0.007,0.110,17.115
2025-09-03 09:00,0.164,0.024,0.189,18.643
2025-09-03 10:00,0.234,0.049,0.249,19.786
2025-09-03 11:00,0.186,0.026,0.215,19.961
2025-09-03 12:00,0.278,0.072,0.280,20.097
2025-09-03 13:00,0.333,0.137,0.283,19.764
2025-09-03 14:00,0.366,0.217,0.244,19.017
2025-09-03 15:00,0.357,0.269,0.179,18.567
2025-09-03 16:00,0.228,0.150,0.138,18.389
2025-09-03 17:00,0.087,0.037,0.086,17.849
2025-09-03 18:00,0.003,0,0.019,16.410
2025-09-03 19:00,0,0,0,15.193
2025-09-03 20:00,0,0,0,14.516
2025-09-03 21:00,0,0,0,13.819
2025-09-03 22:00,0,0,0,13.218
2025-09-03 23:00,0,0,0,12.719
2025-09-04 00:00,0,0,0,12.309
2025-09-04 01:00,0,0,0,11.971
2025-09-04 02:00,0,0,0,11.671
2025-09-04 03:00,0,0,0,11.563
2025-09-04 04:00,0,0,0,11.470
2025-09-04 05:00,0,0,0.006,11.507
2025-09-04 06:00,0.032,0.004,0.053,12.604
2025-09-04 07:00,0.094,0.018,0.111,13.694
2025-09-04 08:00,0.193,0.059,0.185,15.063
2025-09-04 09:00,0.267,0.092,0.239,16.206
2025-09-04 10:00,0.201,0.034,0.220,16.432
2025-09-04 11:00,0.159,0.017,0.188,16.235
2025-09-04 12:00,0.188,0.024,0.214,16.265
2025-09-04 13:00,0.261,0.064,0.262,16.574
2025-09-04 14:00,0.256,0.079,0.240,16.670
2025-09-04 15:00,0.249,0.105,0.206,16.839
2025-09-04 16:00,0.164,0.065,0.146,16.804
2025-09-04 17:00,0.086,0.036,0.085,16.171
2025-09-04 18:00,0.001,0,0.017,13.768
2025-09-04 19:00,0,0,0,12.578
2025-09-04 20:00,0,0,0,12.194
2025-09-04 21:00,0,0,0,11.757
2025-09-04 22:00,0,0,0,11.225
2025-09-04 23:00,0,0,0,10.811
2025-09-05 00:00,0,0,0,10.642
2025-09-05 01:00,0,0,0,10.603
2025-09-05 02:00,0,0,0,10.508
2025-09-05 03:00,0,0,0,10.251
2025-09-05 04:00,0,0,0,9.925
2025-09-05 05:00,0,0,0.006,9.703
2025-09-05 06:00,0.071,0.050,0.052,11.344
2025-09-05 07:00,0.242,0.222,0.077,12.976
2025-09-05 08:00,0.415,0.425,0.089,15.168
2025-09-05 09:00,0.566,0.638,0.091,17.017
2025-09-05 10:00,0.665,0.794,0.094,18.545
2025-09-05 11:00,0.704,0.856,0.100,19.523
2025-09-05 12:00,0.697,0.842,0.106,20.169
2025-09-05 13:00,0.651,0.767,0.108,20.528
2025-09-05 14:00,0.548,0.602,0.115,20.502
2025-09-05 15:00,0.349,0.297,0.144,20.050
2025-09-05 16:00,0.160,0.080,0.129,19.282
2025-09-05 17:00,0.052,0.014,0.067,17.945
2025-09-05 18:00,0,0,0.013,15.597
2025-09-05 19:00,0,0,0,14.407
2025-09-05 20:00,0,0,0,14.422
2025-09-05 21:00,0,0,0,14.289
2025-09-05 22:00,0,0,0,13.793
2025-09-05 23:00,0,0,0,13.373
2025-09-06 00:00,0,0,0,13.001
2025-09-06 01:00,0,0,0,12.471
2025-09-06 02:00,0,0,0,11.830
2025-09-06 03:00,0,0,0,11.260
2025-09-06 04:00,0,0,0,11.022
2025-09-06 05:00,0,0,0.003,11.090
2025-09-06 06:00,0.016,0.002,0.035,11.968
2025-09-06 07:00,0.174,0.099,0.121,13.596
2025-09-06 08:00,0.351,0.297,0.139,15.969
2025-09-06 09:00,0.407,0.321,0.190,17.813
2025-09-06 10:00,0.391,0.247,0.247,19.176
2025-09-06 11:00,0.362,0.189,0.271,20.153
2025-09-06 12:00,0.449,0.320,0.258,21.356
2025-09-06 13:00,0.512,0.460,0.210,22.313
2025-09-06 14:00,0.366,0.245,0.224,22.326
2025-09-06 15:00,0.176,0.052,0.177,21.461
2025-09-06 16:00,0.119,0.034,0.128,20.553
2025-09-06 17:00,0.076,0.032,0.078,19.518
2025-09-06 18:00,0,0,0.014,17.299
2025-09-06 19:00,0,0,0,15.889
2025-09-06 20:00,0,0,0,15.207
2025-09-06 21:00,0,0,0,14.664
2025-09-06 22:00,0,0,0,14.316
2025-09-06 23:00,0,0,0,14.180
2025-09-07 00:00,0,0,0,14.130
2025-09-07 01:00,0,0,0,14.123
2025-09-07 02:00,0,0,0,14.097
2025-09-07 03:00,0,0,0,13.974
2025-09-07 04:00,0,0,0,13.646
2025-09-07 05:00,0,0,0.004,13.532
2025-09-07 06:00,0.028,0.004,0.049,14.053
2025-09-07 07:00,0.090,0.016,0.109,15.311
2025-09-07 08:00,0.089,0.009,0.116,16.512
2025-09-07 09:00,0.139,0.016,0.167,17.675
2025-09-07 10:00,0.193,0.031,0.217,18.952
2025-09-07 11:00,0.300,0.094,0.286,20.806
2025-09-07 12:00,0.357,0.153,0.304,22.542
2025-09-07 13:00,0.220,0.044,0.240,22.754
2025-09-07 14:00,0.160,0.022,0.190,22.234
2025-09-07 15:00,0.074,0.006,0.104,20.694
2025-09-07 16:00,0.088,0.012,0.113,19.882
2025-09-07 17:00,0.049,0.009,0.070,19.451
2025-09-07 18:00,0,0,0.012,18.188
2025-09-07 19:00,0,0,0,16.686
2025-09-07 20:00,0,0,0,15.298
2025-09-07 21:00,0,0,0,13.967
2025-09-07 22:00,0,0,0,13.145
2025-09-07 23:00,0,0,0,12.751
2025-09-08 00:00,0,0,0,12.514
2025-09-08 01:00,0,0,0,12.010
2025-09-08 02:00,0,0,0,11.581
2025-09-08 03:00,0,0,0,11.184
2025-09-08 04:00,0,0,0,10.810
2025-09-08 05:00,0,0,0.004,10.403
2025-09-08 06:00,0.064,0.046,0.048,11.375
2025-09-08 07:00,0.246,0.232,0.070,12.853
2025-09-08 08:00,0.418,0.433,0.085,14.877
2025-09-08 09:00,0.547,0.600,0.099,16.570
2025-09-08 10:00,0.613,0.683,0.119,17.645
2025-09-08 11:00,0.632,0.696,0.138,18.377
2025-09-08 12:00,0.616,0.661,0.151,18.896
2025-09-08 13:00,0.545,0.541,0.166,19.072
2025-09-08 14:00,0.438,0.385,0.170,18.944
2025-09-08 15:00,0.321,0.250,0.153,18.517
2025-09-08 16:00,0.195,0.130,0.119,17.726
2025-09-08 17:00,0.069,0.033,0.069,16.330
2025-09-08 18:00,0,0,0.010,13.713
2025-09-08 19:00,0,0,0,12.451
2025-09-08 20:00,0,0,0,11.858
2025-09-08 21:00,0,0,0,11.240
2025-09-08 22:00,0,0,0,10.614
2025-09-08 23:00,0,0,0,10.091
2025-09-09 00:00,0,0,0,9.693
2025-09-09 01:00,0,0,0,9.331
2025-09-09 02:00,0,0,0,9.064
2025-09-09 03:00,0,0,0,8.964
2025-09-09 04:00,0,0,0,8.762
2025-09-09 05:00,0,0,0.003,8.710
2025-09-09 06:00,0.060,0.040,0.048,10.592
2025-09-09 07:00,0.227,0.202,0.078,12.618
2025-09-09 08:00,0.385,0.375,0.101,14.957
2025-09-09 09:00,0.479,0.473,0.132,16.788
2025-09-09 10:00,0.543,0.548,0.153,18.185
2025-09-09 11:00,0.622,0.681,0.142,19.324
2025-09-09 12:00,0.647,0.735,0.132,20.081
2025-09-09 13:00,0.599,0.661,0.133,20.447
2025-09-09 14:00,0.501,0.513,0.135,20.407
2025-09-09 15:00,0.367,0.334,0.130,19.976
2025-09-09 16:00,0.198,0.138,0.115,19.065
2025-09-09 17:00,0.059,0.024,0.066,17.484
2025-09-09 18:00,0,0,0.009,14.765
2025-09-09 19:00,0,0,0,13.514
2025-09-09 20:00,0,0,0,12.996
2025-09-09 21:00,0,0,0,12.675
2025-09-09 22:00,0,0,0,12.618
2025-09-09 23:00,0,0,0,12.643
2025-09-10 00:00,0,0,0,12.764
2025-09-10 01:00,0,0,0,12.823
2025-09-10 02:00,0,0,0,12.790
2025-09-10 03:00,0,0,0,12.579
2025-09-10 04:00,0,0,0,12.450
2025-09-10 05:00,0,0,0.001,12.468
2025-09-10 06:00,0.019,0.003,0.038,12.885
2025-09-10 07:00,0.108,0.034,0.111,13.824
2025-09-10 08:00,0.261,0.156,0.167,15.273
2025-09-10 09:00,0.409,0.325,0.186,16.740
2025-09-10 10:00,0.477,0.397,0.209,17.849
2025-09-10 11:00,0.510,0.431,0.223,18.549
2025-09-10 12:00,0.552,0.505,0.212,19.070
2025-09-10 13:00,0.428,0.299,0.243,18.942
2025-09-10 14:00,0.254,0.096,0.224,18.313
2025-09-10 15:00,0.186,0.059,0.179,17.824
2025-09-10 16:00,0.129,0.042,0.130,17.393
2025-09-10 17:00,0.038,0.007,0.057,16.530
2025-09-10 18:00,0,0,0.006,15.508
2025-09-10 19:00,0,0,0,14.650
2025-09-10 20:00,0,0,0,13.721
2025-09-10 21:00,0,0,0,12.893
2025-09-10 22:00,0,0,0,11.959
2025-09-10 23:00,0,0,0,11.109
2025-09-11 00:00,0,0,0,10.492
2025-09-11 01:00,0,0,0,10.062
2025-09-11 02:00,0,0,0,9.834
2025-09-11 03:00,0,0,0,9.986
2025-09-11 04:00,0,0,0,10.305
2025-09-11 05:00,0,0,0.001,10.594
2025-09-11 06:00,0.013,0.002,0.032,11.187
2025-09-11 07:00,0.096,0.027,0.103,12.309
2025-09-11 08:00,0.266,0.166,0.162,13.655
2025-09-11 09:00,0.439,0.379,0.167,15.012
2025-09-11 10:00,0.537,0.508,0.177,16.164
2025-09-11 11:00,0.512,0.432,0.219,16.778
2025-09-11 12:00,0.469,0.351,0.242,17.089
2025-09-11 13:00,0.418,0.286,0.238,17.139
2025-09-11 14:00,0.373,0.251,0.213,16.738
2025-09-11 15:00,0.260,0.144,0.180,15.930
2025-09-11 16:00,0.146,0.062,0.127,15.060
2025-09-11 17:00,0.056,0.019,0.066,14.018
2025-09-11 18:00,0,0,0.006,12.555
2025-09-11 19:00,0,0,0,11.637
2025-09-11 20:00,0,0,0,11.104
2025-09-11 21:00,0,0,0,10.622
2025-09-11 22:00,0,0,0,10.204
2025-09-11 23:00,0,0,0,9.955
2025-09-12 00:00,0,0,0,9.886
2025-09-12 01:00,0,0,0,9.811
2025-09-12 02:00,0,0,0,9.596
2025-09-12 03:00,0,0,0,9.250
2025-09-12 04:00,0,0,0,8.932
2025-09-12 05:00,0,0,0.001,8.725
2025-09-12 06:00,0.038,0.017,0.046,9.171
2025-09-12 07:00,0.178,0.126,0.096,10.594
2025-09-12 08:00,0.359,0.325,0.113,12.559
2025-09-12 09:00,0.490,0.485,0.128,14.436
2025-09-12 10:00,0.564,0.574,0.147,15.759
2025-09-12 11:00,0.575,0.569,0.172,16.555
2025-09-12 12:00,0.547,0.512,0.189,17.006
2025-09-12 13:00,0.501,0.449,0.188,17.122
2025-09-12 14:00,0.442,0.387,0.168,16.989
2025-09-12 15:00,0.346,0.290,0.139,16.580
2025-09-12 16:00,0.213,0.161,0.106,15.919
2025-09-12 17:00,0.065,0.035,0.062,14.681
2025-09-12 18:00,0,0,0.006,12.361
2025-09-12 19:00,0,0,0,11.854
2025-09-12 20:00,0,0,0,11.741
2025-09-12 21:00,0,0,0,11.453
2025-09-12 22:00,0,0,0,10.889
2025-09-12 23:00,0,0,0,10.729
2025-09-13 00:00,0,0,0,10.761
2025-09-13 01:00,0,0,0,10.634
2025-09-13 02:00,0,0,0,10.496
2025-09-13 03:00,0,0,0,10.434
2025-09-13 04:00,0,0,0,10.339
2025-09-13 05:00,0,0,0.001,10.056
2025-09-13 06:00,0.025,0.007,0.041,10.369
2025-09-13 07:00,0.138,0.071,0.107,11.422
2025-09-13 08:00,0.324,0.261,0.135,12.974
2025-09-13 09:00,0.489,0.476,0.136,14.626
2025-09-13 10:00,0.586,0.612,0.143,16.073
2025-09-13 11:00,0.633,0.678,0.151,17.010
2025-09-13 12:00,0.547,0.498,0.204,17.312
2025-09-13 13:00,0.343,0.178,0.248,16.805
2025-09-13 14:00,0.220,0.067,0.208,15.939
2025-09-13 15:00,0.157,0.041,0.161,15.248
2025-09-13 16:00,0.121,0.040,0.121,14.824
2025-09-13 17:00,0.037,0.009,0.054,13.933
2025-09-13 18:00,0,0,0.004,12.352
2025-09-13 19:00,0,0,0,11.720
2025-09-13 20:00,0,0,0,11.329
2025-09-13 21:00,0,0,0,10.873
2025-09-13 22:00,0,0,0,10.279
2025-09-13 23:00,0,0,0,9.703
2025-09-14 00:00,0,0,0,9.134
2025-09-14 01:00,0,0,0,8.606
2025-09-14 02:00,0,0,0,8.321
2025-09-14 03:00,0,0,0,8.073
2025-09-14 04:00,0,0,0,7.906
2025-09-14 05:00,0,0,0.001,7.980
2025-09-14 06:00,0.019,0.004,0.037,9.167
2025-09-14 07:00,0.088,0.019,0.102,10.618
2025-09-14 08:00,0.139,0.027,0.151,11.727
2025-09-14 09:00,0.186,0.035,0.198,12.995
2025-09-14 10:00,0.138,0.013,0.166,13.574
2025-09-14 11:00,0.130,0.011,0.159,13.688
2025-09-14 12:00,0.240,0.043,0.255,14.400
2025-09-14 13:00,0.141,0.013,0.170,14.585
2025-09-14 14:00,0.066,0.003,0.094,14.555
2025-09-14 15:00,0.051,0.003,0.077,14.883
2025-09-14 16:00,0.068,0.008,0.092,16.170
2025-09-14 17:00,0.031,0.005,0.052,17.384
2025-09-14 18:00,0,0,0.004,17.137
2025-09-14 19:00,0,0,0,15.705
2025-09-14 20:00,0,0,0,14.202
2025-09-14 21:00,0,0,0,13.446
2025-09-14 22:00,0,0,0,13.312
2025-09-14 23:00,0,0,0,13.224
2025-09-15 00:00,0,0,0,12.921
2025-09-15 01:00,0,0,0,12.750
2025-09-15 02:00,0,0,0,12.753
2025-09-15 03:00,0,0,0,12.760
2025-09-15 04:00,0,0,0,12.779
2025-09-15 05:00,0,0,0,12.803
2025-09-15 06:00,0.021,0.007,0.036,12.965
2025-09-15 07:00,0.148,0.093,0.098,13.695
2025-09-15 08:00,0.332,0.291,0.118,14.812
2025-09-15 09:00,0.508,0.528,0.115,15.858
2025-09-15 10:00,0.607,0.667,0.121,16.595
2025-09-15 11:00,0.643,0.713,0.132,17.096
2025-09-15 12:00,0.626,0.676,0.144,17.340
2025-09-15 13:00,0.560,0.567,0.155,17.425
2025-09-15 14:00,0.458,0.419,0.159,17.331
2025-09-15 15:00,0.260,0.163,0.162,16.750
2025-09-15 16:00,0.140,0.067,0.115,15.929
2025-09-15 17:00,0.049,0.021,0.056,14.977
2025-09-15 18:00,0,0,0.003,13.925
2025-09-15 19:00,0,0,0,13.260
2025-09-15 20:00,0,0,0,12.786
2025-09-15 21:00,0,0,0,12.415
2025-09-15 22:00,0,0,0,12.098
2025-09-15 23:00,0,0,0,11.969
2025-09-16 00:00,0,0,0,11.999
2025-09-16 01:00,0,0,0,12.019
2025-09-16 02:00,0,0,0,11.958
2025-09-16 03:00,0,0,0,11.853
2025-09-16 04:00,0,0,0,11.724
2025-09-16 05:00,0,0,0,11.602
2025-09-16 06:00,0.017,0.006,0.034,11.819
2025-09-16 07:00,0.114,0.052,0.099,12.809
2025-09-16 08:00,0.291,0.222,0.136,14.155
2025-09-16 09:00,0.499,0.505,0.124,15.464
2025-09-16 10:00,0.580,0.612,0.135,16.456
2025-09-16 11:00,0.647,0.718,0.135,17.307
2025-09-16 12:00,0.606,0.634,0.158,17.784
2025-09-16 13:00,0.505,0.459,0.186,17.853
2025-09-16 14:00,0.376,0.277,0.193,17.530
2025-09-16 15:00,0.246,0.137,0.171,16.890
2025-09-16 16:00,0.084,0.021,0.098,15.799
2025-09-16 17:00,0.032,0.009,0.049,14.497
2025-09-16 18:00,0,0,0.003,12.358
2025-09-16 19:00,0,0,0,11.552
2025-09-16 20:00,0,0,0,10.943
2025-09-16 21:00,0,0,0,11.387
2025-09-16 22:00,0,0,0,11.379
2025-09-16 23:00,0,0,0,11.279
2025-09-17 00:00,0,0,0,11.340
2025-09-17 01:00,0,0,0,11.326
2025-09-17 02:00,0,0,0,11.226
2025-09-17 03:00,0,0,0,11.363
2025-09-17 04:00,0,0,0,11.612
2025-09-17 05:00,0,0,0,12.479
2025-09-17 06:00,0.001,0.001,0.016,13.208
2025-09-17 07:00,0.046,0.006,0.067,14.133
2025-09-17 08:00,0.117,0.024,0.132,15.442
2025-09-17 09:00,0.256,0.110,0.210,17.198
2025-09-17 10:00,0.366,0.222,0.239,18.935
2025-09-17 11:00,0.419,0.285,0.248,20.247
2025-09-17 12:00,0.472,0.378,0.232,21.170
2025-09-17 13:00,0.506,0.466,0.194,21.745
2025-09-17 14:00,0.414,0.346,0.185,21.745
2025-09-17 15:00,0.258,0.158,0.171,21.230
2025-09-17 16:00,0.114,0.041,0.114,20.260
2025-09-17 17:00,0.030,0.008,0.048,19.098
2025-09-17 18:00,0,0,0.002,17.960
2025-09-17 19:00,0,0,0,17.327
2025-09-17 20:00,0,0,0,16.854
2025-09-17 21:00,0,0,0,16.527
2025-09-17 22:00,0,0,0,16.224
2025-09-17 23:00,0,0,0,15.710
2025-09-18 00:00,0,0,0,15.158
2025-09-18 01:00,0,0,0,14.659
2025-09-18 02:00,0,0,0,14.098
2025-09-18 03:00,0,0,0,13.805
2025-09-18 04:00,0,0,0,13.851
2025-09-18 05:00,0,0,0,14.214
2025-09-18 06:00,0.015,0.006,0.031,15.177
2025-09-18 07:00,0.103,0.046,0.095,16.387
2025-09-18 08:00,0.226,0.138,0.148,17.820
2025-09-18 09:00,0.361,0.281,0.175,19.413
2025-09-18 10:00,0.459,0.405,0.186,20.908
2025-09-18 11:00,0.527,0.509,0.182,21.992
2025-09-18 12:00,0.582,0.618,0.158,22.611
2025-09-18 13:00,0.549,0.578,0.150,22.755
2025-09-18 14:00,0.469,0.471,0.140,22.444
2025-09-18 15:00,0.349,0.321,0.124,21.797
2025-09-18 16:00,0.189,0.144,0.100,20.827
2025-09-18 17:00,0.047,0.026,0.051,19.404
2025-09-18 18:00,0,0,0.002,17.927
2025-09-18 19:00,0,0,0,17.168
2025-09-18 20:00,0,0,0,16.579
2025-09-18 21:00,0,0,0,16.034
2025-09-18 22:00,0,0,0,15.670
2025-09-18 23:00,0,0,0,15.388
2025-09-19 00:00,0,0,0,15.216
2025-09-19 01:00,0,0,0,15.035
2025-09-19 02:00,0,0,0,14.850
2025-09-19 03:00,0,0,0,14.591
2025-09-19 04:00,0,0,0,14.312
2025-09-19 05:00,0,0,0,14.014
2025-09-19 06:00,0.012,0.005,0.028,14.153
2025-09-19 07:00,0.100,0.040,0.096,15.087
2025-09-19 08:00,0.218,0.118,0.156,16.588
2025-09-19 09:00,0.295,0.168,0.202,18.107
2025-09-19 10:00,0.329,0.177,0.238,19.362
2025-09-19 11:00,0.350,0.187,0.257,20.375
2025-09-19 12:00,0.372,0.218,0.256,21.153
2025-09-19 13:00,0.411,0.296,0.231,21.814
2025-09-19 14:00,0.348,0.236,0.208,21.987
2025-09-19 15:00,0.166,0.056,0.162,21.258
2025-09-19 16:00,0.075,0.016,0.094,20.052
2025-09-19 17:00,0.017,0.004,0.036,18.305
2025-09-19 18:00,0,0,0.001,16.254
2025-09-19 19:00,0,0,0,15.448
2025-09-19 20:00,0,0,0,14.884
2025-09-19 21:00,0,0,0,14.377
2025-09-19 22:00,0,0,0,13.921
2025-09-19 23:00,0,0,0,13.560
2025-09-20 00:00,0,0,0,13.834
2025-09-20 01:00,0,0,0,13.850
2025-09-20 02:00,0,0,0,13.542
2025-09-20 03:00,0,0,0,13.188
2025-09-20 04:00,0,0,0,12.873
2025-09-20 05:00,0,0,0,12.833
2025-09-20 06:00,0.001,0.001,0.016,13.247
2025-09-20 07:00,0.033,0.003,0.055,13.990
2025-09-20 08:00,0.090,0.012,0.113,15.003
2025-09-20 09:00,0.191,0.043,0.200,16.312
2025-09-20 10:00,0.097,0.008,0.127,16.183
2025-09-20 11:00,0.117,0.009,0.148,16.145
2025-09-20 12:00,0.106,0.007,0.136,16.401
2025-09-20 13:00,0.128,0.013,0.157,16.864
2025-09-20 14:00,0.255,0.091,0.231,18.270
2025-09-20 15:00,0.169,0.051,0.167,18.920
2025-09-20 16:00,0.113,0.039,0.115,18.818
2025-09-20 17:00,0.035,0.012,0.049,17.186
2025-09-20 18:00,0,0,0.001,14.552
2025-09-20 19:00,0,0,0,12.750
2025-09-20 20:00,0,0,0,11.654
2025-09-20 21:00,0,0,0,10.589
2025-09-20 22:00,0,0,0,9.629
2025-09-20 23:00,0,0,0,8.912
2025-09-21 00:00,0,0,0,8.399
2025-09-21 01:00,0,0,0,7.903
2025-09-21 02:00,0,0,0,7.692
2025-09-21 03:00,0,0,0,7.458
2025-09-21 04:00,0,0,0,6.989
2025-09-21 05:00,0,0,0,6.358
2025-09-21 06:00,0.022,0.016,0.028,6.931
2025-09-21 07:00,0.165,0.128,0.077,8.656
2025-09-21 08:00,0.302,0.251,0.113,10.287
2025-09-21 09:00,0.442,0.411,0.130,11.618
2025-09-21 10:00,0.589,0.627,0.118,12.845
2025-09-21 11:00,0.683,0.789,0.102,13.882
2025-09-21 12:00,0.708,0.841,0.094,14.591
2025-09-21 13:00,0.676,0.798,0.087,14.958
2025-09-21 14:00,0.581,0.659,0.083,14.925
2025-09-21 15:00,0.427,0.448,0.081,14.515
2025-09-21 16:00,0.240,0.225,0.071,13.733
2025-09-21 17:00,0.052,0.039,0.042,11.735
2025-09-21 18:00,0,0,0.001,9.172
2025-09-21 19:00,0,0,0,8.503
2025-09-21 20:00,0,0,0,7.762
2025-09-21 21:00,0,0,0,7.066
2025-09-21 22:00,0,0,0,6.455
2025-09-21 23:00,0,0,0,5.886
2025-09-22 00:00,0,0,0,5.387
2025-09-22 01:00,0,0,0,4.904
2025-09-22 02:00,0,0,0,4.461
2025-09-22 03:00,0,0,0,4.024
2025-09-22 04:00,0,0,0,3.587
2025-09-22 05:00,0,0,0,3.164
2025-09-22 06:00,0.028,0.028,0.022,3.870
2025-09-22 07:00,0.203,0.187,0.057,6.355
2025-09-22 08:00,0.419,0.441,0.063,8.745
2025-09-22 09:00,0.572,0.649,0.069,11.767
2025-09-22 10:00,0.672,0.796,0.074,13.279
2025-09-22 11:00,0.721,0.875,0.078,14.276
2025-09-22 12:00,0.722,0.880,0.079,14.908
2025-09-22 13:00,0.677,0.811,0.078,15.214
2025-09-22 14:00,0.584,0.674,0.075,15.203
2025-09-22 15:00,0.439,0.476,0.070,14.854
2025-09-22 16:00,0.251,0.249,0.061,14.036
2025-09-22 17:00,0.057,0.049,0.037,11.493
2025-09-22 18:00,0,0,0,8.687
2025-09-22 19:00,0,0,0,7.930
2025-09-22 20:00,0,0,0,7.337
2025-09-22 21:00,0,0,0,6.781
2025-09-22 22:00,0,0,0,6.218
2025-09-22 23:00,0,0,0,5.624
2025-09-23 00:00,0,0,0,5.108
2025-09-23 01:00,0,0,0,4.786
2025-09-23 02:00,0,0,0,4.593
2025-09-23 03:00,0,0,0,4.410
2025-09-23 04:00,0,0,0,4.124
2025-09-23 05:00,0,0,0,4.082
2025-09-23 06:00,0.016,0.014,0.022,4.877
2025-09-23 07:00,0.145,0.107,0.075,6.936
2025-09-23 08:00,0.349,0.328,0.090,8.918
2025-09-23 09:00,0.543,0.597,0.082,12.499
2025-09-23 10:00,0.644,0.749,0.085,14.568
2025-09-23 11:00,0.694,0.828,0.089,15.642
2025-09-23 12:00,0.696,0.834,0.091,16.326
2025-09-23 13:00,0.649,0.762,0.090,16.677
2025-09-23 14:00,0.552,0.619,0.088,16.671
2025-09-23 15:00,0.408,0.426,0.083,16.295
2025-09-23 16:00,0.217,0.198,0.074,15.436
2025-09-23 17:00,0.039,0.027,0.038,13.059
2025-09-23 18:00,0,0,0,10.612
2025-09-23 19:00,0,0,0,9.756
2025-09-23 20:00,0,0,0,9.019
2025-09-23 21:00,0,0,0,8.212
2025-09-23 22:00,0,0,0,7.538
2025-09-23 23:00,0,0,0,7.171
2025-09-24 00:00,0,0,0,7.017
2025-09-24 01:00,0,0,0,6.916
2025-09-24 02:00,0,0,0,6.840
2025-09-24 03:00,0,0,0,6.719
2025-09-24 04:00,0,0,0,6.735
2025-09-24 05:00,0,0,0,6.937
2025-09-24 06:00,0.007,0.006,0.019,7.332
2025-09-24 07:00,0.093,0.047,0.078,8.629
2025-09-24 08:00,0.316,0.278,0.103,10.584
2025-09-24 09:00,0.504,0.530,0.097,13.070
2025-09-24 10:00,0.619,0.700,0.097,14.810
2025-09-24 11:00,0.666,0.774,0.102,15.911
2025-09-24 12:00,0.671,0.784,0.102,16.660
2025-09-24 13:00,0.639,0.744,0.095,17.103
2025-09-24 14:00,0.552,0.622,0.088,17.141
2025-09-24 15:00,0.416,0.441,0.080,16.717
2025-09-24 16:00,0.219,0.202,0.073,15.737
2025-09-24 17:00,0.028,0.018,0.035,13.631
2025-09-24 18:00,0,-0,0,11.429
2025-09-24 19:00,0,0,0,10.081
2025-09-24 20:00,0,0,0,8.945
2025-09-24 21:00,0,0,0,8.034
2025-09-24 22:00,0,0,0,7.284
2025-09-24 23:00,0,0,0,6.730
2025-09-25 00:00,0,0,0,6.394
2025-09-25 01:00,0,0,0,6.166
2025-09-25 02:00,0,0,0,6.048
2025-09-25 03:00,0,0,0,6.415
2025-09-25 04:00,0,0,0,6.485
2025-09-25 05:00,0,0,0,6.381
2025-09-25 06:00,0.016,0.018,0.019,6.937
2025-09-25 07:00,0.169,0.148,0.062,9.078
2025-09-25 08:00,0.385,0.398,0.069,11.398
2025-09-25 09:00,0.547,0.617,0.073,14.270
2025-09-25 10:00,0.647,0.768,0.078,16.061
2025-09-25 11:00,0.697,0.849,0.082,17.123
2025-09-25 12:00,0.697,0.852,0.083,17.808
2025-09-25 13:00,0.653,0.784,0.082,18.125
2025-09-25 14:00,0.561,0.648,0.078,18.008
2025-09-25 15:00,0.419,0.455,0.072,17.417
2025-09-25 16:00,0.234,0.231,0.062,16.192
2025-09-25 17:00,0.048,0.047,0.029,13.498
2025-09-25 18:00,0,0,0,10.956
2025-09-25 19:00,0,0,0,10.008
2025-09-25 20:00,0,0,0,9.053
2025-09-25 21:00,0,0,0,8.323
2025-09-25 22:00,0,0,0,7.562
2025-09-25 23:00,0,0,0,6.788
2025-09-26 00:00,0,0,0,6.168
2025-09-26 01:00,0,0,0,5.776
2025-09-26 02:00,0,0,0,5.643
2025-09-26 03:00,0,0,0,5.629
2025-09-26 04:00,0,0,0,5.782
2025-09-26 05:00,0,0,0,6.036
2025-09-26 06:00,0.004,0.004,0.016,6.733
2025-09-26 07:00,0.067,0.023,0.073,8.427
2025-09-26 08:00,0.260,0.187,0.128,10.307
2025-09-26 09:00,0.506,0.522,0.108,13.216
2025-09-26 10:00,0.614,0.682,0.109,15.271
2025-09-26 11:00,0.655,0.739,0.120,16.248
2025-09-26 12:00,0.570,0.565,0.169,16.679
2025-09-26 13:00,0.298,0.144,0.225,16.449
2025-09-26 14:00,0.149,0.032,0.161,16.002
2025-09-26 15:00,0.094,0.016,0.114,15.547
2025-09-26 16:00,0.042,0.007,0.063,14.879
2025-09-26 17:00,0.005,0.002,0.021,13.392
2025-09-26 18:00,0,0,0,11.639
2025-09-26 19:00,0,0,0,10.642
2025-09-26 20:00,0,0,0,10.076
2025-09-26 21:00,0,0,0,9.526
2025-09-26 22:00,0,0,0,9.106
2025-09-26 23:00,0,0,0,8.964
2025-09-27 00:00,0,0,0,8.952
2025-09-27 01:00,0,0,0,8.705
2025-09-27 02:00,0,0,0,8.408
2025-09-27 03:00,0,0,0,8.139
2025-09-27 04:00,0,0,0,7.874
2025-09-27 05:00,0,0,0,7.877
2025-09-27 06:00,0,0.002,0.013,8.044
2025-09-27 07:00,0.060,0.018,0.070,9.208
2025-09-27 08:00,0.189,0.093,0.141,11.085
2025-09-27 09:00,0.262,0.134,0.188,13.178
2025-09-27 10:00,0.294,0.138,0.224,14.426
2025-09-27 11:00,0.269,0.097,0.235,15.084
2025-09-27 12:00,0.241,0.074,0.226,15.504
2025-09-27 13:00,0.301,0.143,0.231,16.162
2025-09-27 14:00,0.311,0.190,0.196,16.630
2025-09-27 15:00,0.233,0.139,0.153,16.541
2025-09-27 16:00,0.100,0.043,0.094,15.736
2025-09-27 17:00,0.017,0.009,0.029,13.853
2025-09-27 18:00,0,0,0,12.282
2025-09-27 19:00,0,0,0,11.693
2025-09-27 20:00,0,0,0,10.997
2025-09-27 21:00,0,0,0,10.522
2025-09-27 22:00,0,0,0,10.340
2025-09-27 23:00,0,0,0,10.281
2025-09-28 00:00,0,0,0,10.385
2025-09-28 01:00,0,0,0,10.413
2025-09-28 02:00,0,0,0,10.356
2025-09-28 03:00,0,0,0,10.179
2025-09-28 04:00,0,0,0,10.078
2025-09-28 05:00,0,0,0,9.986
2025-09-28 06:00,0,0.001,0.007,9.913
2025-09-28 07:00,0.047,0.014,0.060,11.068
2025-09-28 08:00,0.159,0.076,0.125,12.108
2025-09-28 09:00,0.343,0.268,0.152,13.545
2025-09-28 10:00,0.551,0.576,0.123,15.057
2025-09-28 11:00,0.658,0.761,0.102,16.279
2025-09-28 12:00,0.662,0.774,0.101,17.066
2025-09-28 13:00,0.627,0.727,0.095,17.471
2025-09-28 14:00,0.542,0.609,0.087,17.466
2025-09-28 15:00,0.398,0.418,0.080,17.054
2025-09-28 16:00,0.212,0.200,0.066,16.045
2025-09-28 17:00,0.032,0.031,0.026,13.021
2025-09-28 18:00,0,0,0,10.768
2025-09-28 19:00,0,0,0,9.989
2025-09-28 20:00,0,0,0,9.255
2025-09-28 21:00,0,0,0,8.559
2025-09-28 22:00,0,0,0,7.941
2025-09-28 23:00,0,0,0,7.431
2025-09-29 00:00,0,0,0,7.037
2025-09-29 01:00,0,0,0,6.696
2025-09-29 02:00,0,0,0,6.376
2025-09-29 03:00,0,0,0,6.274
2025-09-29 04:00,0,0,0,6.308
2025-09-29 05:00,0,0,0,6.450
2025-09-29 06:00,0.003,0.005,0.014,6.570
2025-09-29 07:00,0.068,0.027,0.070,7.650
2025-09-29 08:00,0.164,0.076,0.128,8.705
2025-09-29 09:00,0.454,0.426,0.129,11.557
2025-09-29 10:00,0.532,0.529,0.143,14.494
2025-09-29 11:00,0.527,0.493,0.175,15.791
2025-09-29 12:00,0.449,0.351,0.212,16.369
2025-09-29 13:00,0.293,0.144,0.221,16.461
2025-09-29 14:00,0.174,0.049,0.173,16.255
2025-09-29 15:00,0.086,0.015,0.106,15.780
2025-09-29 16:00,0.038,0.007,0.058,15.088
2025-09-29 17:00,0.004,0.003,0.019,14.354
2025-09-29 18:00,0,0,0,13.420
2025-09-29 19:00,0,0,0,12.867
2025-09-29 20:00,0,0,0,12.159
2025-09-29 21:00,0,0,0,11.181
2025-09-29 22:00,0,0,0,10.320
2025-09-29 23:00,0,0,0,9.332
2025-09-30 00:00,0,0,0,8.983
2025-09-30 01:00,0,0,0,8.603
2025-09-30 02:00,0,0,0,8.198
2025-09-30 03:00,0,0,0,7.583
2025-09-30 04:00,0,0,0,7.129
2025-09-30 05:00,0,0,0,6.600
2025-09-30 06:00,0.004,0.009,0.012,6.533
2025-09-30 07:00,0.133,0.108,0.062,9.091
2025-09-30 08:00,0.318,0.299,0.087,11.379
2025-09-30 09:00,0.437,0.431,0.109,13.991
2025-09-30 10:00,0.536,0.561,0.119,15.529
2025-09-30 11:00,0.609,0.675,0.115,16.631
2025-09-30 12:00,0.621,0.701,0.112,17.400
2025-09-30 13:00,0.591,0.665,0.104,17.893
2025-09-30 14:00,0.495,0.532,0.100,17.999
2025-09-30 15:00,0.345,0.337,0.094,17.688
2025-09-30 16:00,0.169,0.143,0.074,16.707
2025-09-30 17:00,0.015,0.015,0.022,14.307
2025-09-30 18:00,0,0,0,13.194
2025-09-30 19:00,0,0,0,12.678
2025-09-30 20:00,0,0,0,12.044
2025-09-30 21:00,0,0,0,11.441
2025-09-30 22:00,0,0,0,10.947
2025-09-30 23:00,0,0,0,10.647
2025-10-01 00:00,0,0,0,10.406
2025-10-01 01:00,0,0,0,10.091
2025-10-01 02:00,0,0,0,9.622
2025-10-01 03:00,0,0,0,9.384
2025-10-01 04:00,0,0,0,9.516
2025-10-01 05:00,0,0,0,9.790
2025-10-01 06:00,0,0,0.003,10.094
2025-10-01 07:00,0.005,0.001,0.022,10.895
2025-10-01 08:00,0.042,0.005,0.064,11.685
2025-10-01 09:00,0.129,0.027,0.141,12.868
2025-10-01 10:00,0.309,0.171,0.209,14.621
2025-10-01 11:00,0.527,0.498,0.173,16.480
2025-10-01 12:00,0.557,0.560,0.158,17.734
2025-10-01 13:00,0.510,0.499,0.154,18.292
2025-10-01 14:00,0.421,0.388,0.143,18.364
2025-10-01 15:00,0.292,0.245,0.121,17.986
2025-10-01 16:00,0.156,0.121,0.081,16.943
2025-10-01 17:00,0.015,0.014,0.022,13.940
2025-10-01 18:00,0,0,0,12.039
2025-10-01 19:00,0,0,0,11.398
2025-10-01 20:00,0,0,0,10.976
2025-10-01 21:00,0,0,0,10.641
2025-10-01 22:00,0,0,0,10.380
2025-10-01 23:00,0,0,0,10.220
2025-10-02 00:00,0,0,0,9.890
2025-10-02 01:00,0,0,0,9.657
2025-10-02 02:00,0,0,0,9.442
2025-10-02 03:00,0,0,0,9.491
2025-10-02 04:00,0,0,0,9.618
2025-10-02 05:00,0,0,0,9.785
2025-10-02 06:00,0,0,0.004,9.942
2025-10-02 07:00,0.016,0.003,0.034,10.717
2025-10-02 08:00,0.074,0.015,0.090,11.613
2025-10-02 09:00,0.250,0.139,0.168,13.195
2025-10-02 10:00,0.541,0.557,0.130,15.479
2025-10-02 11:00,0.642,0.735,0.109,17.192
2025-10-02 12:00,0.625,0.706,0.117,18.082
2025-10-02 13:00,0.582,0.644,0.115,18.631
2025-10-02 14:00,0.466,0.476,0.118,18.822
2025-10-02 15:00,0.291,0.249,0.117,18.498
2025-10-02 16:00,0.102,0.058,0.082,17.403
2025-10-02 17:00,0.001,0.003,0.014,15.955
2025-10-02 18:00,0,0,0,14.947
2025-10-02 19:00,0,0,0,14.108
2025-10-02 20:00,0,0,0,13.455
2025-10-02 21:00,0,0,0,13.123
2025-10-02 22:00,0,0,0,13.133
2025-10-02 23:00,0,0,0,13.558
2025-10-03 00:00,0,0,0,13.611
2025-10-03 01:00,0,0,0,13.608
2025-10-03 02:00,0,0,0,13.588
2025-10-03 03:00,0,0,0,13.803
2025-10-03 04:00,0,0,0,13.945
2025-10-03 05:00,0,0,0,14.355
2025-10-03 06:00,0,0,0.002,14.628
2025-10-03 07:00,0.005,0.001,0.022,14.728
2025-10-03 08:00,0.027,0.002,0.050,15.067
2025-10-03 09:00,0.039,0.002,0.064,15.439
2025-10-03 10:00,0.074,0.004,0.103,15.703
2025-10-03 11:00,0.113,0.009,0.143,16.041
2025-10-03 12:00,0.162,0.020,0.189,16.768
2025-10-03 13:00,0.098,0.008,0.128,17.106
2025-10-03 14:00,0.076,0.006,0.105,17.263
2025-10-03 15:00,0.040,0.003,0.065,17.236
2025-10-03 16:00,0.013,0.001,0.032,17.080
2025-10-03 17:00,0,0,0.007,16.933
2025-10-03 18:00,0,0,0,17.094
2025-10-03 19:00,0,0,0,17.107
2025-10-03 20:00,0,0,0,16.920
2025-10-03 21:00,0,0,0,16.019
2025-10-03 22:00,0,0,0,13.828
2025-10-03 23:00,0,0,0,12.221
2025-10-04 00:00,0,0,0,11.544
2025-10-04 01:00,0,0,0,11.065
2025-10-04 02:00,0,0,0,10.715
2025-10-04 03:00,0,0,0,10.576
2025-10-04 04:00,0,0,0,10.328
2025-10-04 05:00,0,0,0,9.825
2025-10-04 06:00,0,0.001,0.005,9.486
2025-10-04 07:00,0.038,0.011,0.053,9.736
2025-10-04 08:00,0.186,0.100,0.130,10.435
2025-10-04 09:00,0.233,0.108,0.177,11.023
2025-10-04 10:00,0.194,0.053,0.188,11.194
2025-10-04 11:00,0.229,0.065,0.216,11.705
2025-10-04 12:00,0.223,0.060,0.214,12.130
2025-10-04 13:00,0.197,0.050,0.195,12.499
2025-10-04 14:00,0.178,0.051,0.173,12.753
2025-10-04 15:00,0.113,0.028,0.121,12.616
2025-10-04 16:00,0.045,0.011,0.062,12.255
2025-10-04 17:00,0,0.002,0.013,11.731
2025-10-04 18:00,0,0,0,11.330
2025-10-04 19:00,0,0,0,11.002
2025-10-04 20:00,0,0,0,10.663
2025-10-04 21:00,0,0,0,10.423
2025-10-04 22:00,0,0,0,10.133
2025-10-04 23:00,0,0,0,9.956
2025-10-05 00:00,0,0,0,9.876
2025-10-05 01:00,0,0,0,9.862
2025-10-05 02:00,0,0,0,9.826
2025-10-05 03:00,0,0,0,9.869
2025-10-05 04:00,0,0,0,10.018
2025-10-05 05:00,0,0,0,9.941
2025-10-05 06:00,0,0.001,0.005,9.910
2025-10-05 07:00,0.081,0.052,0.060,10.405
2025-10-05 08:00,0.313,0.294,0.085,11.678
2025-10-05 09:00,0.477,0.495,0.095,12.887
2025-10-05 10:00,0.578,0.627,0.105,13.778
2025-10-05 11:00,0.617,0.674,0.118,14.362
2025-10-05 12:00,0.557,0.559,0.147,14.720
2025-10-05 13:00,0.412,0.328,0.182,14.780
2025-10-05 14:00,0.216,0.097,0.173,14.390
2025-10-05 15:00,0.073,0.014,0.091,13.536
2025-10-05 16:00,0.025,0.005,0.043,12.686
2025-10-05 17:00,0,0.002,0.012,11.778
2025-10-05 18:00,0,0,0,10.265
2025-10-05 19:00,0,0,0,9.864
2025-10-05 20:00,0,0,0,9.718
2025-10-05 21:00,0,0,0,9.733
2025-10-05 22:00,0,0,0,10.030
2025-10-05 23:00,0,0,0,10.115
2025-10-06 00:00,0,0,0,10.433
2025-10-06 01:00,0,0,0,10.313
2025-10-06 02:00,0,0,0,9.868
2025-10-06 03:00,0,0,0,9.731
2025-10-06 04:00,0,0,0,9.683
2025-10-06 05:00,0,0,0,9.706
2025-10-06 06:00,0,0.002,0.005,9.730
2025-10-06 07:00,0.097,0.076,0.054,10.912
2025-10-06 08:00,0.290,0.271,0.083,12.766
2025-10-06 09:00,0.455,0.474,0.092,14.888
2025-10-06 10:00,0.576,0.649,0.093,16.749
2025-10-06 11:00,0.633,0.740,0.095,18.245
2025-10-06 12:00,0.636,0.750,0.096,19.308
2025-10-06 13:00,0.591,0.685,0.093,19.937
2025-10-06 14:00,0.498,0.553,0.089,20.052
2025-10-06 15:00,0.326,0.319,0.092,19.547
2025-10-06 16:00,0.067,0.034,0.066,17.884
2025-10-06 17:00,0,0.001,0.008,15.591
2025-10-06 18:00,0,0,0,14.480
2025-10-06 19:00,0,0,0,13.702
2025-10-06 20:00,0,0,0,13.118
2025-10-06 21:00,0,0,0,12.553
2025-10-06 22:00,0,0,0,11.952
2025-10-06 23:00,0,0,0,11.325
2025-10-07 00:00,0,0,0,10.738
2025-10-07 01:00,0,0,0,10.477
2025-10-07 02:00,0,0,0,10.164
2025-10-07 03:00,0,0,0,9.852
2025-10-07 04:00,0,0,0,9.816
2025-10-07 05:00,0,0,0,10.046
2025-10-07 06:00,0,0.001,0.004,10.206
2025-10-07 07:00,0.049,0.023,0.053,11.301
2025-10-07 08:00,0.165,0.094,0.115,12.674
2025-10-07 09:00,0.269,0.176,0.156,14.213
2025-10-07 10:00,0.453,0.409,0.158,15.636
2025-10-07 11:00,0.476,0.423,0.177,16.574
2025-10-07 12:00,0.351,0.225,0.211,16.883
2025-10-07 13:00,0.280,0.150,0.200,16.911
2025-10-07 14:00,0.298,0.201,0.170,16.988
2025-10-07 15:00,0.182,0.103,0.129,16.627
2025-10-07 16:00,0.055,0.021,0.064,15.671
2025-10-07 17:00,0,0.001,0.008,13.966
2025-10-07 18:00,0,0,0,13.285
2025-10-07 19:00,0,0,0,13.044
2025-10-07 20:00,0,0,0,12.670
2025-10-07 21:00,0,0,0,12.407
2025-10-07 22:00,0,0,0,12.287
2025-10-07 23:00,0,0,0,12.127
2025-10-08 00:00,0,0,0,11.882
2025-10-08 01:00,0,0,0,11.750
2025-10-08 02:00,0,0,0,11.757
2025-10-08 03:00,0,0,0,11.743
2025-10-08 04:00,0,0,0,11.626
2025-10-08 05:00,0,0,0,11.404
2025-10-08 06:00,0,0,0.002,11.109
2025-10-08 07:00,0.041,0.019,0.048,11.648
2025-10-08 08:00,0.167,0.102,0.109,12.515
2025-10-08 09:00,0.296,0.216,0.146,13.445
2025-10-08 10:00,0.371,0.286,0.171,14.277
2025-10-08 11:00,0.469,0.419,0.168,15.110
2025-10-08 12:00,0.489,0.452,0.164,15.583
2025-10-08 13:00,0.449,0.409,0.153,15.693
2025-10-08 14:00,0.474,0.490,0.104,15.738
2025-10-08 15:00,0.355,0.357,0.082,15.332
2025-10-08 16:00,0.165,0.150,0.060,14.169
2025-10-08 17:00,0.003,0.008,0.011,11.100
2025-10-08 18:00,0,0,0,9.701
2025-10-08 19:00,0,0,0,9.025
2025-10-08 20:00,0,0,0,8.437
2025-10-08 21:00,0,0,0,7.966
2025-10-08 22:00,0,0,0,7.716
2025-10-08 23:00,0,0,0,7.565
2025-10-09 00:00,0,0,0,7.471
2025-10-09 01:00,0,0,0,7.608
2025-10-09 02:00,0,0,0,7.816
2025-10-09 03:00,0,0,0,8.183
2025-10-09 04:00,0,0,0,8.537
2025-10-09 05:00,0,0,0,8.847
2025-10-09 06:00,0,0,0.002,8.939
2025-10-09 07:00,0.029,0.009,0.044,9.908
2025-10-09 08:00,0.113,0.040,0.109,11.255
2025-10-09 09:00,0.181,0.066,0.160,12.759
2025-10-09 10:00,0.197,0.060,0.186,13.580
2025-10-09 11:00,0.217,0.065,0.204,14.232
2025-10-09 12:00,0.245,0.087,0.217,14.844
2025-10-09 13:00,0.232,0.087,0.203,15.316
2025-10-09 14:00,0.193,0.072,0.172,15.531
2025-10-09 15:00,0.102,0.027,0.111,15.364
2025-10-09 16:00,0.032,0.008,0.050,14.781
2025-10-09 17:00,0,0.001,0.006,13.572
2025-10-09 18:00,0,0,0,12.723
2025-10-09 19:00,0,0,0,11.921
2025-10-09 20:00,0,0,0,11.059
2025-10-09 21:00,0,0,0,10.257
2025-10-09 22:00,0,0,0,9.728
2025-10-09 23:00,0,0,0,9.336
2025-10-10 00:00,0,0,0,8.978
2025-10-10 01:00,0,0,0,8.692
2025-10-10 02:00,0,0,0,8.569
2025-10-10 03:00,0,0,0,8.631
2025-10-10 04:00,0,0,0,8.798
2025-10-10 05:00,0,0,0,9.048
2025-10-10 06:00,0,0,0.002,9.250
2025-10-10 07:00,0.028,0.010,0.041,10.951
2025-10-10 08:00,0.094,0.031,0.097,12.437
2025-10-10 09:00,0.188,0.082,0.154,13.716
2025-10-10 10:00,0.298,0.175,0.193,14.778
2025-10-10 11:00,0.286,0.145,0.208,15.232
2025-10-10 12:00,0.326,0.193,0.210,15.655
2025-10-10 13:00,0.398,0.315,0.180,16.053
2025-10-10 14:00,0.369,0.314,0.144,16.123
2025-10-10 15:00,0.232,0.173,0.117,15.723
2025-10-10 16:00,0.076,0.044,0.065,14.410
2025-10-10 17:00,0,0.001,0.007,11.919
2025-10-10 18:00,0,0,0,10.904
2025-10-10 19:00,0,0,0,9.850
2025-10-10 20:00,0,0,0,8.585
2025-10-10 21:00,0,0,0,7.555
2025-10-10 22:00,0,0,0,6.886
2025-10-10 23:00,0,0,0,6.486
2025-10-11 00:00,0,0,0,6.563
2025-10-11 01:00,0,0,0,6.416
2025-10-11 02:00,0,0,0,6.294
2025-10-11 03:00,0,0,0,6.564
2025-10-11 04:00,0,0,0,6.824
2025-10-11 05:00,0,0,0,7.137
2025-10-11 06:00,0,0,0.001,7.415
2025-10-11 07:00,0.025,0.009,0.039,8.885
2025-10-11 08:00,0.088,0.026,0.095,10.266
2025-10-11 09:00,0.166,0.058,0.151,11.047
2025-10-11 10:00,0.213,0.077,0.186,11.851
2025-10-11 11:00,0.251,0.098,0.210,12.658
2025-10-11 12:00,0.227,0.076,0.205,13.205
2025-10-11 13:00,0.193,0.058,0.184,13.518
2025-10-11 14:00,0.169,0.057,0.157,13.664
2025-10-11 15:00,0.150,0.071,0.122,13.595
2025-10-11 16:00,0.090,0.058,0.067,12.734
2025-10-11 17:00,0,0.003,0.007,10.809
2025-10-11 18:00,0,0,0,9.766
2025-10-11 19:00,0,0,0,8.938
2025-10-11 20:00,0,0,0,7.979
2025-10-11 21:00,0,0,0,7.170
2025-10-11 22:00,0,0,0,6.653
2025-10-11 23:00,0,0,0,6.429
2025-10-12 00:00,0,0,0,6.402
2025-10-12 01:00,0,0,0,6.467
2025-10-12 02:00,0,0,0,6.480
2025-10-12 03:00,0,0,0,6.571
2025-10-12 04:00,0,0,0,6.445
2025-10-12 05:00,0,0,0,6.202
2025-10-12 06:00,0,0,0.001,6.021
2025-10-12 07:00,0.009,0.003,0.025,5.845
2025-10-12 08:00,0.054,0.010,0.071,6.100
2025-10-12 09:00,0.115,0.026,0.122,6.805
2025-10-12 10:00,0.168,0.048,0.160,8.055
2025-10-12 11:00,0.381,0.263,0.197,10.274
2025-10-12 12:00,0.532,0.513,0.149,12.111
2025-10-12 13:00,0.582,0.629,0.107,13.295
2025-10-12 14:00,0.495,0.522,0.094,13.722
2025-10-12 15:00,0.337,0.328,0.084,13.429
2025-10-12 16:00,0.140,0.122,0.058,11.992
2025-10-12 17:00,0,0.004,0.006,9.429
2025-10-12 18:00,0,0,0,8.336
2025-10-12 19:00,0,0,0,7.543
2025-10-12 20:00,0,0,0,6.952
2025-10-12 21:00,0,0,0,6.691
2025-10-12 22:00,0,0,0,6.713
2025-10-12 23:00,0,0,0,6.869
2025-10-13 00:00,0,0,0,7.241
2025-10-13 01:00,0,0,0,7.690
2025-10-13 02:00,0,0,0,7.918
2025-10-13 03:00,0,0,0,8.024
2025-10-13 04:00,0,0,0,8.205
2025-10-13 05:00,0,0,0,8.367
2025-10-13 06:00,0,0,0.001,8.509
2025-10-13 07:00,0.017,0.006,0.032,9.448
2025-10-13 08:00,0.086,0.027,0.091,10.417
2025-10-13 09:00,0.177,0.073,0.148,11.899
2025-10-13 10:00,0.295,0.172,0.189,13.715
2025-10-13 11:00,0.309,0.173,0.208,14.875
2025-10-13 12:00,0.278,0.135,0.209,15.453
2025-10-13 13:00,0.238,0.106,0.190,15.670
2025-10-13 14:00,0.265,0.165,0.164,15.775
2025-10-13 15:00,0.177,0.105,0.120,15.415
2025-10-13 16:00,0.047,0.022,0.053,14.318
2025-10-13 17:00,0,0.001,0.004,12.208
2025-10-13 18:00,0,0,0,11.414
2025-10-13 19:00,0,0,0,10.857
2025-10-13 20:00,0,0,0,9.840
2025-10-13 21:00,0,0,0,9.046
2025-10-13 22:00,0,0,0,8.436
2025-10-13 23:00,0,0,0,7.942
2025-10-14 00:00,0,0,0,7.658
2025-10-14 01:00,0,0,0,7.469
2025-10-14 02:00,0,0,0,7.273
2025-10-14 03:00,0,0,0,7.092
2025-10-14 04:00,0,0,0,7.021
2025-10-14 05:00,0,0,0,7.189
2025-10-14 06:00,0,0,0,7.550
2025-10-14 07:00,0.021,0.009,0.034,8.691
2025-10-14 08:00,0.086,0.029,0.090,10.109
2025-10-14 09:00,0.138,0.043,0.134,11.466
2025-10-14 10:00,0.194,0.068,0.173,12.158
2025-10-14 11:00,0.247,0.104,0.199,12.685
2025-10-14 12:00,0.306,0.169,0.206,13.299
2025-10-14 13:00,0.335,0.227,0.184,13.809
2025-10-14 14:00,0.376,0.327,0.135,14.216
2025-10-14 15:00,0.266,0.226,0.102,13.991
2025-10-14 16:00,0.089,0.065,0.058,12.685
2025-10-14 17:00,0,0.001,0.004,10.342
2025-10-14 18:00,0,0,0,9.927
2025-10-14 19:00,0,0,0,9.763
2025-10-14 20:00,0,0,0,9.613
2025-10-14 21:00,0,0,0,9.670
2025-10-14 22:00,0,0,0,9.519
2025-10-14 23:00,0,0,0,9.280
2025-10-15 00:00,0,0,0,9.092
2025-10-15 01:00,0,0,0,8.737
2025-10-15 02:00,0,0,0,8.336
2025-10-15 03:00,0,0,0,7.905
2025-10-15 04:00,0,0,0,7.499
2025-10-15 05:00,0,0,0,7.158
2025-10-15 06:00,0,0,0,6.919
2025-10-15 07:00,0.025,0.014,0.034,7.716
2025-10-15 08:00,0.119,0.061,0.093,9.242
2025-10-15 09:00,0.205,0.112,0.139,10.263
2025-10-15 10:00,0.303,0.199,0.168,11.020
2025-10-15 11:00,0.462,0.414,0.155,12.050
2025-10-15 12:00,0.604,0.660,0.108,13.045
2025-10-15 13:00,0.595,0.667,0.090,13.591
2025-10-15 14:00,0.500,0.541,0.082,13.641
2025-10-15 15:00,0.342,0.345,0.073,13.188
2025-10-15 16:00,0.135,0.124,0.050,11.679
2025-10-15 17:00,0,0.002,0.004,8.768
2025-10-15 18:00,0,0,0,8.216
2025-10-15 19:00,0,0,0,8.213
2025-10-15 20:00,0,0,0,8.220
2025-10-15 21:00,0,0,0,8.394
2025-10-15 22:00,0,0,0,8.423
2025-10-15 23:00,0,0,0,8.297
2025-10-16 00:00,0,0,0,7.946
2025-10-16 01:00,0,0,0,7.506
2025-10-16 02:00,0,0,0,7.071
2025-10-16 03:00,0,0,0,6.720
2025-10-16 04:00,0,0,0,6.425
2025-10-16 05:00,0,0,0,6.134
2025-10-16 06:00,0,0,0,5.828
2025-10-16 07:00,0.037,0.026,0.035,6.735
2025-10-16 08:00,0.171,0.124,0.088,8.973
2025-10-16 09:00,0.320,0.269,0.118,10.856
2025-10-16 10:00,0.463,0.447,0.122,12.407
2025-10-16 11:00,0.538,0.556,0.120,13.504
2025-10-16 12:00,0.594,0.655,0.104,14.382
2025-10-16 13:00,0.568,0.630,0.093,14.885
2025-10-16 14:00,0.489,0.532,0.081,14.968
2025-10-16 15:00,0.334,0.340,0.071,14.572
2025-10-16 16:00,0.126,0.117,0.048,13.192
2025-10-16 17:00,0,0.002,0.003,11.372
2025-10-16 18:00,0,0,0,10.393
2025-10-16 19:00,0,0,0,9.758
2025-10-16 20:00,0,0,0,9.230
2025-10-16 21:00,0,0,0,8.837
2025-10-16 22:00,0,0,0,8.661
2025-10-16 23:00,0,0,0,8.520
2025-10-17 00:00,0,0,0,8.365
2025-10-17 01:00,0,0,0,8.244
2025-10-17 02:00,0,0,0,8.123
2025-10-17 03:00,0,0,0,8.104
2025-10-17 04:00,0,0,0,7.963
2025-10-17 05:00,0,0,0,7.992
2025-10-17 06:00,0,0,0,8.067
2025-10-17 07:00,0.014,0.008,0.027,8.577
2025-10-17 08:00,0.093,0.039,0.086,10.066
2025-10-17 09:00,0.220,0.131,0.140,11.975
2025-10-17 10:00,0.328,0.234,0.167,13.760
2025-10-17 11:00,0.339,0.231,0.186,14.306
2025-10-17 12:00,0.371,0.277,0.181,14.683
2025-10-17 13:00,0.478,0.464,0.134,15.059
2025-10-17 14:00,0.414,0.404,0.110,15.056
2025-10-17 15:00,0.263,0.233,0.092,14.607
2025-10-17 16:00,0.086,0.069,0.050,13.296
2025-10-17 17:00,0,0.001,0.002,11.260
2025-10-17 18:00,0,0,0,9.819
2025-10-17 19:00,0,0,0,9.099
2025-10-17 20:00,0,0,0,8.585
2025-10-17 21:00,0,0,0,8.083
2025-10-17 22:00,0,0,0,7.558
2025-10-17 23:00,0,0,0,7.215
2025-10-18 00:00,0,0,0,7.002
2025-10-18 01:00,0,0,0,7.010
2025-10-18 02:00,0,0,0,7.038
2025-10-18 03:00,0,0,0,6.997
2025-10-18 04:00,0,0,0,7.048
2025-10-18 05:00,0,0,0,7.148
2025-10-18 06:00,0,0,0,7.196
2025-10-18 07:00,0,0.001,0.012,7.486
2025-10-18 08:00,0.024,0.002,0.045,8.289
2025-10-18 09:00,0.049,0.004,0.072,9.262
2025-10-18 10:00,0.064,0.005,0.089,10.248
2025-10-18 11:00,0.081,0.006,0.106,11.170
2025-10-18 12:00,0.108,0.011,0.133,12.141
2025-10-18 13:00,0.103,0.011,0.128,12.833
2025-10-18 14:00,0.061,0.005,0.086,12.882
2025-10-18 15:00,0.023,0.002,0.044,12.449
2025-10-18 16:00,0.001,0.001,0.015,11.694
2025-10-18 17:00,0,0,0,10.808
2025-10-18 18:00,0,0,0,10.291
2025-10-18 19:00,0,0,0,9.821
2025-10-18 20:00,0,0,0,9.199
2025-10-18 21:00,0,0,0,8.917
2025-10-18 22:00,0,0,0,8.826
2025-10-18 23:00,0,0,0,8.514
2025-10-19 00:00,0,0,0,8.377
2025-10-19 01:00,0,0,0,8.229
2025-10-19 02:00,0,0,0,8.162
2025-10-19 03:00,0,0,0,8.588
2025-10-19 04:00,0,0,0,8.545
2025-10-19 05:00,0,0,0,8.614
2025-10-19 06:00,0,0,0,8.660
2025-10-19 07:00,0.002,0.001,0.017,8.956
2025-10-19 08:00,0.035,0.004,0.056,10.055
2025-10-19 09:00,0.047,0.004,0.071,11.158
2025-10-19 10:00,0.055,0.004,0.080,12.010
2025-10-19 11:00,0.049,0.003,0.075,12.945
2025-10-19 12:00,0.075,0.005,0.101,13.787
2025-10-19 13:00,0.122,0.017,0.145,14.485
2025-10-19 14:00,0.064,0.006,0.089,14.412
2025-10-19 15:00,0.009,0.001,0.028,13.855
2025-10-19 16:00,0,0,0.009,13.431
2025-10-19 17:00,0,-0,0,13.154
2025-10-19 18:00,0,0,0,12.885
2025-10-19 19:00,0,0,0,12.534
2025-10-19 20:00,0,0,0,11.946
2025-10-19 21:00,0,0,0,10.645
2025-10-19 22:00,0,0,0,9.296
2025-10-19 23:00,0,0,0,8.629
2025-10-20 00:00,0,0,0,8.539
2025-10-20 01:00,0,0,0,8.786
2025-10-20 02:00,0,0,0,9.185
2025-10-20 03:00,0,0,0,9.651
2025-10-20 04:00,0,0,0,10.364
2025-10-20 05:00,0,0,0,10.783
2025-10-20 06:00,0,0,0,10.704
2025-10-20 07:00,0.002,0.002,0.016,10.781
2025-10-20 08:00,0.045,0.009,0.063,11.374
2025-10-20 09:00,0.091,0.017,0.108,12.202
2025-10-20 10:00,0.120,0.022,0.137,13.026
2025-10-20 11:00,0.133,0.023,0.150,13.814
2025-10-20 12:00,0.161,0.036,0.170,14.656
2025-10-20 13:00,0.158,0.039,0.163,15.086
2025-10-20 14:00,0.115,0.027,0.127,15.075
2025-10-20 15:00,0.079,0.023,0.089,14.627
2025-10-20 16:00,0.028,0.014,0.038,13.091
2025-10-20 17:00,0,-0,0.001,11.707
2025-10-20 18:00,0,0,0,10.758
2025-10-20 19:00,0,0,0,10.060
2025-10-20 20:00,0,0,0,10.060
2025-10-20 21:00,0,0,0,10.334
2025-10-20 22:00,0,0,0,10.238
2025-10-20 23:00,0,0,0,10.044
2025-10-21 00:00,0,0,0,10.208
2025-10-21 01:00,0,0,0,10.302
2025-10-21 02:00,0,0,0,10.269
2025-10-21 03:00,0,0,0,10.286
2025-10-21 04:00,0,0,0,10.213
2025-10-21 05:00,0,0,0,10.054
2025-10-21 06:00,0,0,0,9.838
2025-10-21 07:00,0.009,0.006,0.021,9.949
2025-10-21 08:00,0.063,0.021,0.071,10.756
2025-10-21 09:00,0.120,0.040,0.118,11.813
2025-10-21 10:00,0.183,0.071,0.157,12.713
2025-10-21 11:00,0.326,0.218,0.182,13.775
2025-10-21 12:00,0.498,0.483,0.142,14.908
2025-10-21 13:00,0.490,0.493,0.122,15.405
2025-10-21 14:00,0.347,0.306,0.122,15.115
2025-10-21 15:00,0.210,0.169,0.094,14.334
2025-10-21 16:00,0.080,0.072,0.041,12.843
2025-10-21 17:00,0,-0,0.001,10.835
2025-10-21 18:00,0,0,0,9.866
2025-10-21 19:00,0,0,0,9.291
2025-10-21 20:00,0,0,0,8.807
2025-10-21 21:00,0,0,0,8.463
2025-10-21 22:00,0,0,0,8.123
2025-10-21 23:00,0,0,0,7.700
2025-10-22 00:00,0,0,0,7.681
2025-10-22 01:00,0,0,0,7.910
2025-10-22 02:00,0,0,0,7.856
2025-10-22 03:00,0,0,0,7.659
2025-10-22 04:00,0,0,0,6.939
2025-10-22 05:00,0,0,0,6.345
2025-10-22 06:00,0,0,0,5.994
2025-10-22 07:00,0.019,0.018,0.022,6.459
2025-10-22 08:00,0.134,0.090,0.080,8.242
2025-10-22 09:00,0.273,0.211,0.118,9.754
2025-10-22 10:00,0.331,0.254,0.147,11.392
2025-10-22 11:00,0.403,0.339,0.154,12.557
2025-10-22 12:00,0.522,0.531,0.123,13.555
2025-10-22 13:00,0.533,0.571,0.100,13.989
2025-10-22 14:00,0.431,0.439,0.093,13.923
2025-10-22 15:00,0.229,0.197,0.086,13.219
2025-10-22 16:00,0.036,0.029,0.033,11.001
2025-10-22 17:00,0,-0,0,9.696
2025-10-22 18:00,0,0,0,8.998
2025-10-22 19:00,0,0,0,8.567
2025-10-22 20:00,0,0,0,8.114
2025-10-22 21:00,0,0,0,7.841
2025-10-22 22:00,0,0,0,7.790
2025-10-22 23:00,0,0,0,7.832
2025-10-23 00:00,0,0,0,7.859
2025-10-23 01:00,0,0,0,7.907
2025-10-23 02:00,0,0,0,7.802
2025-10-23 03:00,0,0,0,7.617
2025-10-23 04:00,0,0,0,7.419
2025-10-23 05:00,0,0,0,7.286
2025-10-23 06:00,0,0,0,7.206
2025-10-23 07:00,0.001,0.003,0.014,7.200
2025-10-23 08:00,0.075,0.031,0.074,7.647
2025-10-23 09:00,0.194,0.111,0.127,8.572
2025-10-23 10:00,0.429,0.389,0.130,10.131
2025-10-23 11:00,0.558,0.580,0.115,11.504
2025-10-23 12:00,0.504,0.488,0.135,11.953
2025-10-23 13:00,0.371,0.296,0.155,11.655
2025-10-23 14:00,0.184,0.091,0.137,10.742
2025-10-23 15:00,0.067,0.021,0.075,9.535
2025-10-23 16:00,0.008,0.005,0.022,8.396
2025-10-23 17:00,0,-0,0,7.576
2025-10-23 18:00,0,0,0,7.172
2025-10-23 19:00,0,0,0,6.929
2025-10-23 20:00,0,0,0,6.691
2025-10-23 21:00,0,0,0,6.309
2025-10-23 22:00,0,0,0,5.838
2025-10-23 23:00,0,0,0,5.295
2025-10-24 00:00,0,0,0,4.798
2025-10-24 01:00,0,0,0,4.604
2025-10-24 02:00,0,0,0,4.541
2025-10-24 03:00,0,0,0,4.463
2025-10-24 04:00,0,0,0,4.417
2025-10-24 05:00,0,0,0,4.363
2025-10-24 06:00,0,0,0,4.251
2025-10-24 07:00,0.006,0.007,0.016,4.439
2025-10-24 08:00,0.110,0.065,0.077,5.711
2025-10-24 09:00,0.321,0.275,0.108,7.601
2025-10-24 10:00,0.447,0.423,0.119,9.719
2025-10-24 11:00,0.465,0.429,0.140,11.011
2025-10-24 12:00,0.409,0.340,0.159,11.662
2025-10-24 13:00,0.319,0.228,0.160,11.945
2025-10-24 14:00,0.185,0.098,0.133,11.687
2025-10-24 15:00,0.097,0.046,0.085,10.940
2025-10-24 16:00,0.022,0.016,0.029,9.704
2025-10-24 17:00,0,-0,0,8.459
2025-10-24 18:00,0,0,0,8.081
2025-10-24 19:00,0,0,0,8.088
2025-10-24 20:00,0,0,0,8.022
2025-10-24 21:00,0,0,0,7.799
2025-10-24 22:00,0,0,0,7.584
2025-10-24 23:00,0,0,0,7.492
2025-10-25 00:00,0,0,0,7.802
2025-10-25 01:00,0,0,0,8.315
2025-10-25 02:00,0,0,0,8.363
2025-10-25 03:00,0,0,0,7.911
2025-10-25 04:00,0,0,0,7.583
2025-10-25 05:00,0,0,0,7.567
2025-10-25 06:00,0,0,0,7.261
2025-10-25 07:00,0.016,0.020,0.017,6.942
2025-10-25 08:00,0.211,0.195,0.061,7.800
2025-10-25 09:00,0.406,0.413,0.075,8.829
2025-10-25 10:00,0.523,0.557,0.084,9.652
2025-10-25 11:00,0.562,0.600,0.097,10.276
2025-10-25 12:00,0.540,0.561,0.107,10.429
2025-10-25 13:00,0.476,0.472,0.109,10.282
2025-10-25 14:00,0.366,0.341,0.100,9.954
2025-10-25 15:00,0.254,0.234,0.073,9.394
2025-10-25 16:00,0.077,0.077,0.030,8.134
2025-10-25 17:00,0,-0,0,6.734
2025-10-25 18:00,0,0,0,6.503
2025-10-25 19:00,0,0,0,6.739
2025-10-25 20:00,0,0,0,6.734
2025-10-25 21:00,0,0,0,6.447
2025-10-25 22:00,0,0,0,5.682
2025-10-25 23:00,0,0,0,4.861
2025-10-26 00:00,0,0,0,4.041
2025-10-26 01:00,0,0,0,3.459
2025-10-26 02:00,0,0,0,3.121
2025-10-26 03:00,0,0,0,2.875
2025-10-26 04:00,0,0,0,2.892
2025-10-26 05:00,0,0,0,3.147
2025-10-26 06:00,0,0,0,3.283
2025-10-26 07:00,0.001,0.003,0.014,3.797
2025-10-26 08:00,0.041,0.009,0.057,5.265
2025-10-26 09:00,0.064,0.009,0.084,6.431
2025-10-26 10:00,0.056,0.005,0.078,7.112
2025-10-26 11:00,0.095,0.010,0.117,7.718
2025-10-26 12:00,0.077,0.007,0.100,7.998
2025-10-26 13:00,0.066,0.006,0.089,8.018
2025-10-26 14:00,0.039,0.003,0.060,7.886
2025-10-26 15:00,0.033,0.005,0.052,8.061
2025-10-26 16:00,0.003,0.003,0.017,8.349
2025-10-26 17:00,0,-0,0,8.913
2025-10-26 18:00,0,0,0,9.750
2025-10-26 19:00,0,0,0,10.200
2025-10-26 20:00,0,0,0,10.346
2025-10-26 21:00,0,0,0,10.227
2025-10-26 22:00,0,0,0,9.862
2025-10-26 23:00,0,0,0,9.359
2025-10-27 00:00,0,0,0,8.811
2025-10-27 01:00,0,0,0,8.386
2025-10-27 02:00,0,0,0,8.135
2025-10-27 03:00,0,0,0,8.094
2025-10-27 04:00,0,0,0,8.144
2025-10-27 05:00,0,0,0,8.176
2025-10-27 06:00,0,0,0,8.156
2025-10-27 07:00,0.005,0.009,0.013,8.269
2025-10-27 08:00,0.092,0.055,0.068,9.026
2025-10-27 09:00,0.267,0.216,0.108,10.197
2025-10-27 10:00,0.426,0.406,0.113,11.379
2025-10-27 11:00,0.539,0.568,0.105,12.348
2025-10-27 12:00,0.541,0.571,0.107,12.926
2025-10-27 13:00,0.455,0.446,0.115,13.062
2025-10-27 14:00,0.306,0.260,0.114,12.813
2025-10-27 15:00,0.157,0.115,0.083,12.100
2025-10-27 16:00,0.019,0.017,0.024,10.386
2025-10-27 17:00,0,-0,0,8.812
2025-10-27 18:00,0,0,0,8.747
2025-10-27 19:00,0,0,0,8.876
2025-10-27 20:00,0,0,0,9.206
2025-10-27 21:00,0,0,0,9.949
2025-10-27 22:00,0,0,0,10.616
2025-10-27 23:00,0,0,0,10.760
2025-10-28 00:00,0,0,0,10.718
2025-10-28 01:00,0,0,0,10.702
2025-10-28 02:00,0,0,0,10.704
2025-10-28 03:00,0,0,0,10.670
2025-10-28 04:00,0,0,0,10.189
2025-10-28 05:00,0,0,0,9.320
2025-10-28 06:00,0,0,0,8.388
2025-10-28 07:00,0.020,0.028,0.014,7.686
2025-10-28 08:00,0.187,0.170,0.060,8.399
2025-10-28 09:00,0.234,0.179,0.105,9.677
2025-10-28 10:00,0.332,0.272,0.130,11.271
2025-10-28 11:00,0.462,0.449,0.121,12.699
2025-10-28 12:00,0.564,0.618,0.094,13.571
2025-10-28 13:00,0.524,0.570,0.087,13.840
2025-10-28 14:00,0.420,0.436,0.081,13.619
2025-10-28 15:00,0.263,0.257,0.065,12.857
2025-10-28 16:00,0.059,0.064,0.025,11.139
2025-10-28 17:00,0,-0,0,9.196
2025-10-28 18:00,0,0,0,8.440
2025-10-28 19:00,0,0,0,8.489
2025-10-28 20:00,0,0,0,8.426
2025-10-28 21:00,0,0,0,8.465
2025-10-28 22:00,0,0,0,8.490
2025-10-28 23:00,0,0,0,8.809
2025-10-29 00:00,0,0,0,9.225
2025-10-29 01:00,0,0,0,9.722
2025-10-29 02:00,0,0,0,10.112
2025-10-29 03:00,0,0,0,9.942
2025-10-29 04:00,0,0,0,9.514
2025-10-29 05:00,0,0,0,9.176
2025-10-29 06:00,0,0,0,8.831
2025-10-29 07:00,0,0.001,0.005,8.610
2025-10-29 08:00,0.011,0.002,0.028,8.859
2025-10-29 09:00,0.039,0.005,0.059,9.235
2025-10-29 10:00,0.076,0.010,0.096,9.598
2025-10-29 11:00,0.111,0.019,0.127,10.008
2025-10-29 12:00,0.129,0.026,0.140,10.378
2025-10-29 13:00,0.143,0.040,0.142,10.665
2025-10-29 14:00,0.152,0.065,0.127,10.783
2025-10-29 15:00,0.149,0.102,0.087,10.410
2025-10-29 16:00,0.043,0.042,0.026,7.995
2025-10-29 17:00,0,0,0,6.121
2025-10-29 18:00,0,0,0,5.856
2025-10-29 19:00,0,0,0,5.610
2025-10-29 20:00,0,0,0,5.617
2025-10-29 21:00,0,0,0,6.037
2025-10-29 22:00,0,0,0,6.310
2025-10-29 23:00,0,0,0,6.244
2025-10-30 00:00,0,0,0,5.895
2025-10-30 01:00,0,0,0,5.742
2025-10-30 02:00,0,0,0,5.672
2025-10-30 03:00,0,0,0,5.747
2025-10-30 04:00,0,0,0,5.680
2025-10-30 05:00,0,0,0,5.414
2025-10-30 06:00,0,0,0,5.193
2025-10-30 07:00,0,0.003,0.009,5.198
2025-10-30 08:00,0.035,0.009,0.050,5.978
2025-10-30 09:00,0.059,0.010,0.077,6.776
2025-10-30 10:00,0.071,0.009,0.091,7.651
2025-10-30 11:00,0.102,0.016,0.119,8.600
2025-10-30 12:00,0.145,0.035,0.148,9.633
2025-10-30 13:00,0.194,0.077,0.163,10.779
2025-10-30 14:00,0.093,0.024,0.103,11.092
2025-10-30 15:00,0.046,0.013,0.060,10.813
2025-10-30 16:00,0.006,0.006,0.018,10.086
2025-10-30 17:00,0,0,0,9.609
2025-10-30 18:00,0,0,0,9.314
2025-10-30 19:00,0,0,0,9.181
2025-10-30 20:00,0,0,0,9.398
2025-10-30 21:00,0,0,0,10.145
2025-10-30 22:00,0,0,0,10.889
2025-10-30 23:00,0,0,0,11.503
2025-10-31 00:00,0,0,0,12.328
2025-10-31 01:00,0,0,0,12.646
2025-10-31 02:00,0,0,0,12.540
2025-10-31 03:00,0,0,0,12.335
2025-10-31 04:00,0,0,0,11.955
2025-10-31 05:00,0,0,0,11.660
2025-10-31 06:00,0,0,0,11.527
2025-10-31 07:00,0,0.002,0.006,11.508
2025-10-31 08:00,0.032,0.011,0.046,12.080
2025-10-31 09:00,0.069,0.018,0.082,12.961
2025-10-31 10:00,0.139,0.051,0.129,13.964
2025-10-31 11:00,0.382,0.323,0.150,15.402
2025-10-31 12:00,0.440,0.417,0.135,16.409
2025-10-31 13:00,0.345,0.292,0.136,16.635
2025-10-31 14:00,0.282,0.238,0.113,16.423
2025-10-31 15:00,0.150,0.116,0.078,15.730
2025-10-31 16:00,0.011,0.013,0.018,14.725
2025-10-31 17:00,0,0,0,14.087
2025-10-31 18:00,0,0,0,13.672
2025-10-31 19:00,0,0,0,13.154
2025-10-31 20:00,0,0,0,12.612
2025-10-31 21:00,0,0,0,12.496
2025-10-31 22:00,0,0,0,12.553
2025-10-31 23:00,0,0,0,12.350
2025-11-01 00:00,0,0,0,12.126
2025-11-01 01:00,0,0,0,12.229
2025-11-01 02:00,0,0,0,12.060
2025-11-01 03:00,0,0,0,11.615
2025-11-01 04:00,0,0,0,10.830
2025-11-01 05:00,0,0,0,10.045
2025-11-01 06:00,0,0,0,9.547
2025-11-01 07:00,0,0.006,0.008,9.379
2025-11-01 08:00,0.075,0.046,0.060,9.725
2025-11-01 09:00,0.150,0.084,0.106,10.596
2025-11-01 10:00,0.245,0.160,0.139,11.778
2025-11-01 11:00,0.380,0.322,0.142,12.735
2025-11-01 12:00,0.438,0.409,0.131,13.181
2025-11-01 13:00,0.391,0.355,0.125,13.192
2025-11-01 14:00,0.246,0.190,0.113,12.800
2025-11-01 15:00,0.138,0.102,0.075,11.830
2025-11-01 16:00,0.002,0.005,0.013,9.746
2025-11-01 17:00,0,0,0,8.824
2025-11-01 18:00,0,0,0,7.849
2025-11-01 19:00,0,0,0,7.068
2025-11-01 20:00,0,0,0,6.692
2025-11-01 21:00,0,0,0,6.648
2025-11-01 22:00,0,0,0,6.874
2025-11-01 23:00,0,0,0,6.799
2025-11-02 00:00,0,0,0,6.693
2025-11-02 01:00,0,0,0,6.589
2025-11-02 02:00,0,0,0,6.532
2025-11-02 03:00,0,0,0,6.542
2025-11-02 04:00,0,0,0,6.657
2025-11-02 05:00,0,0,0,6.981
2025-11-02 06:00,0,0,0,7.476
2025-11-02 07:00,0,0.002,0.004,7.224
2025-11-02 08:00,0.085,0.059,0.056,7.258
2025-11-02 09:00,0.302,0.277,0.083,8.002
2025-11-02 10:00,0.496,0.526,0.078,9.404
2025-11-02 11:00,0.575,0.639,0.078,10.676
2025-11-02 12:00,0.589,0.663,0.077,11.489
2025-11-02 13:00,0.529,0.579,0.078,11.785
2025-11-02 14:00,0.407,0.421,0.075,11.645
2025-11-02 15:00,0.218,0.206,0.062,10.817
2025-11-02 16:00,0.029,0.036,0.017,8.197
2025-11-02 17:00,0,0,0,6.651
2025-11-02 18:00,0,0,0,6.331
2025-11-02 19:00,0,0,0,5.842
2025-11-02 20:00,0,0,0,5.499
2025-11-02 21:00,0,0,0,5.438
2025-11-02 22:00,0,0,0,5.913
2025-11-02 23:00,0,0,0,6.451
2025-11-03 00:00,0,0,0,7.186
2025-11-03 01:00,0,0,0,7.941
2025-11-03 02:00,0,0,0,8.586
2025-11-03 03:00,0,0,0,9.109
2025-11-03 04:00,0,0,0,9.554
2025-11-03 05:00,0,0,0,10.024
2025-11-03 06:00,0,0,0,10.412
2025-11-03 07:00,0,0.003,0.006,10.667
2025-11-03 08:00,0.048,0.024,0.051,11.299
2025-11-03 09:00,0.158,0.094,0.107,12.392
2025-11-03 10:00,0.229,0.144,0.140,13.586
2025-11-03 11:00,0.281,0.188,0.159,14.508
2025-11-03 12:00,0.258,0.158,0.161,15.110
2025-11-03 13:00,0.209,0.116,0.146,15.281
2025-11-03 14:00,0.157,0.087,0.115,15.160
2025-11-03 15:00,0.084,0.050,0.068,14.722
2025-11-03 16:00,0.004,0.008,0.014,14.013
2025-11-03 17:00,0,0,0,13.541
2025-11-03 18:00,0,0,0,13.466
2025-11-03 19:00,0,0,0,13.376
2025-11-03 20:00,0,0,0,13.287
2025-11-03 21:00,0,0,0,13.210
2025-11-03 22:00,0,0,0,13.162
2025-11-03 23:00,0,0,0,13.094
2025-11-04 00:00,0,0,0,13.045
2025-11-04 01:00,0,0,0,13.020
2025-11-04 02:00,0,0,0,12.964
2025-11-04 03:00,0,0,0,12.881
2025-11-04 04:00,0,0,0,12.788
2025-11-04 05:00,0,0,0,12.663
2025-11-04 06:00,0,0,0,12.468
2025-11-04 07:00,0,0.001,0.003,12.284
2025-11-04 08:00,0.019,0.005,0.036,12.389
2025-11-04 09:00,0.054,0.010,0.074,12.832
2025-11-04 10:00,0.054,0.006,0.077,13.243
2025-11-04 11:00,0.068,0.007,0.091,13.564
2025-11-04 12:00,0.084,0.011,0.106,13.787
2025-11-04 13:00,0.088,0.015,0.107,13.973
2025-11-04 14:00,0.074,0.016,0.090,14.148
2025-11-04 15:00,0.034,0.009,0.050,13.955
2025-11-04 16:00,0,0.001,0.005,13.338
2025-11-04 17:00,0,0,0,12.829
2025-11-04 18:00,0,0,0,12.701
2025-11-04 19:00,0,0,0,13.150
2025-11-04 20:00,0,0,0,13.824
2025-11-04 21:00,0,0,0,14.132
2025-11-04 22:00,0,0,0,14.053
2025-11-04 23:00,0,0,0,13.899
2025-11-05 00:00,0,0,0,13.731
2025-11-05 01:00,0,0,0,13.613
2025-11-05 02:00,0,0,0,13.609
2025-11-05 03:00,0,0,0,13.599
2025-11-05 04:00,0,0,0,13.586
2025-11-05 05:00,0,0,0,13.505
2025-11-05 06:00,0,0,0,13.317
2025-11-05 07:00,0,0,0.002,13.078
2025-11-05 08:00,0.013,0.004,0.029,12.952
2025-11-05 09:00,0.094,0.034,0.094,13.201
2025-11-05 10:00,0.215,0.123,0.144,14.059
2025-11-05 11:00,0.242,0.138,0.163,15.125
2025-11-05 12:00,0.191,0.083,0.159,15.955
2025-11-05 13:00,0.123,0.037,0.127,16.258
2025-11-05 14:00,0.073,0.019,0.088,16.013
2025-11-05 15:00,0.031,0.010,0.046,15.488
2025-11-05 16:00,0,0.002,0.009,14.607
2025-11-05 17:00,0,0,0,13.866
2025-11-05 18:00,0,0,0,13.259
2025-11-05 19:00,0,0,0,12.414
2025-11-05 20:00,0,0,0,11.946
2025-11-05 21:00,0,0,0,12.166
2025-11-05 22:00,0,0,0,12.202
2025-11-05 23:00,0,0,0,11.428
2025-11-06 00:00,0,0,0,11.264
2025-11-06 01:00,0,0,0,11.392
2025-11-06 02:00,0,0,0,10.607
2025-11-06 03:00,0,0,0,9.944
2025-11-06 04:00,0,0,0,9.860
2025-11-06 05:00,0,0,0,10.153
2025-11-06 06:00,0,0,0,10.575
2025-11-06 07:00,0,0,0.001,10.688
2025-11-06 08:00,0.007,0.002,0.023,11.558
2025-11-06 09:00,0.033,0.005,0.054,12.497
2025-11-06 10:00,0.096,0.021,0.110,13.542
2025-11-06 11:00,0.187,0.075,0.162,14.914
2025-11-06 12:00,0.152,0.048,0.148,15.755
2025-11-06 13:00,0.132,0.040,0.133,16.107
2025-11-06 14:00,0.065,0.014,0.083,15.874
2025-11-06 15:00,0.011,0.003,0.029,14.633
2025-11-06 16:00,0,0,0.004,13.466
2025-11-06 17:00,0,0,0,12.951
2025-11-06 18:00,0,0,0,12.480
2025-11-06 19:00,0,0,0,12.101
2025-11-06 20:00,0,0,0,11.847
2025-11-06 21:00,0,0,0,11.669
2025-11-06 22:00,0,0,0,11.432
2025-11-06 23:00,0,0,0,10.748
2025-11-07 00:00,0,0,0,9.968
2025-11-07 01:00,0,0,0,9.250
2025-11-07 02:00,0,0,0,8.828
2025-11-07 03:00,0,0,0,8.661
2025-11-07 04:00,0,0,0,8.497
2025-11-07 05:00,0,0,0,8.376
2025-11-07 06:00,0,0,0,8.283
2025-11-07 07:00,0,0.004,0.004,8.274
2025-11-07 08:00,0.104,0.090,0.048,9.780
2025-11-07 09:00,0.277,0.257,0.079,11.294
2025-11-07 10:00,0.420,0.425,0.090,12.863
2025-11-07 11:00,0.460,0.468,0.104,14.230
2025-11-07 12:00,0.390,0.359,0.123,15.083
2025-11-07 13:00,0.316,0.269,0.122,15.411
2025-11-07 14:00,0.215,0.168,0.102,15.205
2025-11-07 15:00,0.106,0.082,0.061,14.250
2025-11-07 16:00,0.003,0.010,0.010,12.167
2025-11-07 17:00,0,0,0,11.935
2025-11-07 18:00,0,0,0,12.061
2025-11-07 19:00,0,0,0,11.832
2025-11-07 20:00,0,0,0,11.414
2025-11-07 21:00,0,0,0,10.431
2025-11-07 22:00,0,0,0,10.235
2025-11-07 23:00,0,0,0,10.248
2025-11-08 00:00,0,0,0,10.294
2025-11-08 01:00,0,0,0,10.362
2025-11-08 02:00,0,0,0,10.302
2025-11-08 03:00,0,0,0,10.078
2025-11-08 04:00,0,0,0,9.715
2025-11-08 05:00,0,0,0,9.564
2025-11-08 06:00,0,0,0,9.718
2025-11-08 07:00,0,0.001,0.002,9.708
2025-11-08 08:00,0.035,0.019,0.041,10.171
2025-11-08 09:00,0.115,0.060,0.090,10.867
2025-11-08 10:00,0.210,0.133,0.126,11.504
2025-11-08 11:00,0.338,0.278,0.133,12.191
2025-11-08 12:00,0.479,0.489,0.105,12.994
2025-11-08 13:00,0.447,0.457,0.095,13.509
2025-11-08 14:00,0.309,0.291,0.088,13.486
2025-11-08 15:00,0.172,0.159,0.058,12.416
2025-11-08 16:00,0.008,0.016,0.010,9.445
2025-11-08 17:00,0,0,0,8.075
2025-11-08 18:00,0,0,0,7.491
2025-11-08 19:00,0,0,0,7.026
2025-11-08 20:00,0,0,0,6.696
2025-11-08 21:00,0,0,0,6.449
2025-11-08 22:00,0,0,0,6.656
2025-11-08 23:00,0,0,0,6.858
2025-11-09 00:00,0,0,0,6.967
2025-11-09 01:00,0,0,0,6.887
2025-11-09 02:00,0,0,0,6.680
2025-11-09 03:00,0,0,0,6.712
2025-11-09 04:00,0,0,0,7.001
2025-11-09 05:00,0,0,0,7.025
2025-11-09 06:00,0,0,0,6.974
2025-11-09 07:00,0,0,0.001,6.752
2025-11-09 08:00,0.006,0.002,0.022,6.700
2025-11-09 09:00,0.035,0.006,0.053,7.316
2025-11-09 10:00,0.097,0.024,0.105,8.855
2025-11-09 11:00,0.195,0.089,0.153,10.878
2025-11-09 12:00,0.222,0.118,0.156,12.592
2025-11-09 13:00,0.223,0.133,0.143,13.553
2025-11-09 14:00,0.129,0.063,0.105,13.599
2025-11-09 15:00,0.037,0.016,0.047,12.930
2025-11-09 16:00,0,0.001,0.005,12.070
2025-11-09 17:00,0,0,0,11.479
2025-11-09 18:00,0,0,0,11.246
2025-11-09 19:00,0,0,0,11.336
2025-11-09 20:00,0,0,0,11.790
2025-11-09 21:00,0,0,0,11.988
2025-11-09 22:00,0,0,0,12.037
2025-11-09 23:00,0,0,0,12.007
2025-11-10 00:00,0,0,0,11.954
2025-11-10 01:00,0,0,0,11.891
2025-11-10 02:00,0,0,0,11.766
2025-11-10 03:00,0,0,0,11.715
2025-11-10 04:00,0,0,0,11.586
2025-11-10 05:00,0,0,0,11.376
2025-11-10 06:00,0,0,0,11.126
2025-11-10 07:00,0,0,0.001,10.825
2025-11-10 08:00,0.006,0.002,0.021,10.809
2025-11-10 09:00,0.046,0.009,0.063,11.256
2025-11-10 10:00,0.073,0.013,0.091,11.686
2025-11-10 11:00,0.057,0.007,0.079,11.877
2025-11-10 12:00,0.096,0.019,0.111,12.142
2025-11-10 13:00,0.184,0.090,0.141,12.470
2025-11-10 14:00,0.192,0.127,0.112,12.360
2025-11-10 15:00,0.054,0.029,0.053,11.422
2025-11-10 16:00,0,0.001,0.004,9.988
2025-11-10 17:00,0,0,0,9.605
2025-11-10 18:00,0,0,0,9.099
2025-11-10 19:00,0,0,0,8.591
2025-11-10 20:00,0,0,0,8.099
2025-11-10 21:00,0,0,0,7.780
2025-11-10 22:00,0,0,0,7.481
2025-11-10 23:00,0,0,0,7.435
2025-11-11 00:00,0,0,0,7.343
2025-11-11 01:00,0,0,0,7.392
2025-11-11 02:00,0,0,0,7.579
2025-11-11 03:00,0,0,0,7.566
2025-11-11 04:00,0,0,0,7.611
2025-11-11 05:00,0,0,0,7.572
2025-11-11 06:00,0,0,0,7.514
2025-11-11 07:00,0,0,0.001,7.633
2025-11-11 08:00,0,0.001,0.014,8.329
2025-11-11 09:00,0.021,0.003,0.040,9.626
2025-11-11 10:00,0.130,0.043,0.125,11.510
2025-11-11 11:00,0.171,0.064,0.152,12.965
2025-11-11 12:00,0.074,0.011,0.095,13.363
2025-11-11 13:00,0.037,0.004,0.059,13.340
2025-11-11 14:00,0.032,0.005,0.053,13.382
2025-11-11 15:00,0.019,0.006,0.036,13.378
2025-11-11 16:00,0,0,0.002,13.224
2025-11-11 17:00,0,0,0,13.235
2025-11-11 18:00,0,0,0,13.270
2025-11-11 19:00,0,0,0,13.373
2025-11-11 20:00,0,0,0,13.399
2025-11-11 21:00,0,0,0,13.302
2025-11-11 22:00,0,0,0,13.176
2025-11-11 23:00,0,0,0,13.099
2025-11-12 00:00,0,0,0,13.012
2025-11-12 01:00,0,0,0,12.860
2025-11-12 02:00,0,0,0,12.673
2025-11-12 03:00,0,0,0,12.621
2025-11-12 04:00,0,0,0,12.545
2025-11-12 05:00,0,0,0,12.533
2025-11-12 06:00,0,0,0,12.608
2025-11-12 07:00,0,0,0,12.737
2025-11-12 08:00,0,0.001,0.014,12.905
2025-11-12 09:00,0.019,0.002,0.039,13.164
2025-11-12 10:00,0.038,0.004,0.061,13.468
2025-11-12 11:00,0.035,0.003,0.058,13.674
2025-11-12 12:00,0.043,0.004,0.066,13.915
2025-11-12 13:00,0.034,0.003,0.056,14.159
2025-11-12 14:00,0.033,0.005,0.054,14.380
2025-11-12 15:00,0.020,0.007,0.036,14.250
2025-11-12 16:00,0,0.001,0.004,13.568
2025-11-12 17:00,0,0,0,12.950
2025-11-12 18:00,0,0,0,12.224
2025-11-12 19:00,0,0,0,11.505
2025-11-12 20:00,0,0,0,10.897
2025-11-12 21:00,0,0,0,10.686
2025-11-12 22:00,0,0,0,10.698
2025-11-12 23:00,0,0,0,10.954
2025-11-13 00:00,0,0,0,11.607
2025-11-13 01:00,0,0,0,12.051
2025-11-13 02:00,0,0,0,12.288
2025-11-13 03:00,0,0,0,12.218
2025-11-13 04:00,0,0,0,11.997
2025-11-13 05:00,0,0,0,11.414
2025-11-13 06:00,0,0,0,10.793
2025-11-13 07:00,0,0,0.001,10.351
2025-11-13 08:00,0.036,0.026,0.035,10.531
2025-11-13 09:00,0.165,0.122,0.085,11.418
2025-11-13 10:00,0.208,0.142,0.115,12.425
2025-11-13 11:00,0.305,0.246,0.127,13.383
2025-11-13 12:00,0.437,0.435,0.106,14.140
2025-11-13 13:00,0.390,0.385,0.097,14.517
2025-11-13 14:00,0.329,0.329,0.076,14.444
2025-11-13 15:00,0.171,0.166,0.050,13.020
2025-11-13 16:00,0,0.006,0.005,11.589
2025-11-13 17:00,0,0,0,11.314
2025-11-13 18:00,0,0,0,10.343
2025-11-13 19:00,0,0,0,9.613
2025-11-13 20:00,0,0,0,9.704
2025-11-13 21:00,0,0,0,9.887
2025-11-13 22:00,0,0,0,9.932
2025-11-13 23:00,0,0,0,9.718
2025-11-14 00:00,0,0,0,9.666
2025-11-14 01:00,0,0,0,9.790
2025-11-14 02:00,0,0,0,9.897
2025-11-14 03:00,0,0,0,10.075
2025-11-14 04:00,0,0,0,10.079
2025-11-14 05:00,0,0,0,10.030
2025-11-14 06:00,0,0,0,9.883
2025-11-14 07:00,0,0,0,9.364
2025-11-14 08:00,0,0,0.009,8.775
2025-11-14 09:00,0.005,0.001,0.021,8.322
2025-11-14 10:00,0.010,0.001,0.029,7.920
2025-11-14 11:00,0.009,0.001,0.027,7.725
2025-11-14 12:00,0.009,0.001,0.027,7.565
2025-11-14 13:00,0.010,0.001,0.028,7.445
2025-11-14 14:00,0.012,0.001,0.031,7.418
2025-11-14 15:00,0.001,0.001,0.016,7.296
2025-11-14 16:00,0,0,0.001,7.028
2025-11-14 17:00,0,0,0,6.953
2025-11-14 18:00,0,0,0,7.130
2025-11-14 19:00,0,0,0,7.493
2025-11-14 20:00,0,0,0,7.907
2025-11-14 21:00,0,0,0,8.287
2025-11-14 22:00,0,0,0,8.532
2025-11-14 23:00,0,0,0,8.655
2025-11-15 00:00,0,0,0,8.722
2025-11-15 01:00,0,0,0,8.724
2025-11-15 02:00,0,0,0,8.741
2025-11-15 03:00,0,0,0,8.799
2025-11-15 04:00,0,0,0,8.770
2025-11-15 05:00,0,0,0,8.714
2025-11-15 06:00,0,0,0,8.632
2025-11-15 07:00,0,0,0,8.567
2025-11-15 08:00,0.001,0.001,0.016,8.655
2025-11-15 09:00,0.031,0.005,0.050,9.081
2025-11-15 10:00,0.062,0.010,0.080,9.624
2025-11-15 11:00,0.091,0.018,0.106,10.127
2025-11-15 12:00,0.102,0.022,0.114,10.494
2025-11-15 13:00,0.086,0.019,0.099,10.661
2025-11-15 14:00,0.052,0.012,0.068,10.526
2025-11-15 15:00,0.015,0.006,0.030,10.037
2025-11-15 16:00,0,0,0.002,9.340
2025-11-15 17:00,0,0,0,9.078
2025-11-15 18:00,0,0,0,8.910
2025-11-15 19:00,0,0,0,8.721
2025-11-15 20:00,0,0,0,8.540
2025-11-15 21:00,0,0,0,8.187
2025-11-15 22:00,0,0,0,7.840
2025-11-15 23:00,0,0,0,7.654
2025-11-16 00:00,0,0,0,7.616
2025-11-16 01:00,0,0,0,7.620
2025-11-16 02:00,0,0,0,7.797
2025-11-16 03:00,0,0,0,7.934
2025-11-16 04:00,0,0,0,7.964
2025-11-16 05:00,0,0,0,7.826
2025-11-16 06:00,0,0,0,7.514
2025-11-16 07:00,0,0,0,7.027
2025-11-16 08:00,0.014,0.009,0.025,6.702
2025-11-16 09:00,0.111,0.066,0.078,6.967
2025-11-16 10:00,0.259,0.201,0.108,7.671
2025-11-16 11:00,0.404,0.379,0.106,8.417
2025-11-16 12:00,0.475,0.483,0.093,8.844
2025-11-16 13:00,0.449,0.459,0.082,8.840
2025-11-16 14:00,0.349,0.347,0.070,8.338
2025-11-16 15:00,0.177,0.172,0.045,6.796
2025-11-16 16:00,0,0.005,0.003,4.155
2025-11-16 17:00,0,0,0,3.600
2025-11-16 18:00,0,0,0,3.393
2025-11-16 19:00,0,0,0,3.207
2025-11-16 20:00,0,0,0,3.257
2025-11-16 21:00,0,0,0,3.364
2025-11-16 22:00,0,0,0,3.169
2025-11-16 23:00,0,0,0,2.800
2025-11-17 00:00,0,0,0,2.771
2025-11-17 01:00,0,0,0,2.823
2025-11-17 02:00,0,0,0,2.835
2025-11-17 03:00,0,0,0,2.817
2025-11-17 04:00,0,0,0,2.466
2025-11-17 05:00,0,0,0,1.767
2025-11-17 06:00,0,0,0,1.301
2025-11-17 07:00,0,0,0,0.671
2025-11-17 08:00,0.069,0.064,0.031,0.940
2025-11-17 09:00,0.282,0.266,0.061,2.238
2025-11-17 10:00,0.442,0.450,0.070,4.018
2025-11-17 11:00,0.518,0.547,0.074,5.690
2025-11-17 12:00,0.529,0.565,0.075,6.637
2025-11-17 13:00,0.478,0.502,0.071,6.955
2025-11-17 14:00,0.354,0.355,0.065,6.647
2025-11-17 15:00,0.153,0.146,0.042,4.705
2025-11-17 16:00,0,0.004,0.003,2.018
2025-11-17 17:00,0,0,0,1.204
2025-11-17 18:00,0,0,0,0.648
2025-11-17 19:00,0,0,0,0.088
2025-11-17 20:00,0,0,0,-0.444
2025-11-17 21:00,0,0,0,-0.856
2025-11-17 22:00,0,0,0,-1.194
2025-11-17 23:00,0,0,0,-1.699
2025-11-18 00:00,0,0,0,-2.086
2025-11-18 01:00,0,0,0,-2.182
2025-11-18 02:00,0,0,0,-1.958
2025-11-18 03:00,0,0,0,-1.376
2025-11-18 04:00,0,0,0,-0.929
2025-11-18 05:00,0,0,0,-0.539
2025-11-18 06:00,0,0,0,-0.429
2025-11-18 07:00,0,0,0,-0.605
2025-11-18 08:00,0.029,0.023,0.029,0.439
2025-11-18 09:00,0.190,0.150,0.076,2.262
2025-11-18 10:00,0.351,0.316,0.094,3.798
2025-11-18 11:00,0.410,0.380,0.106,5.645
2025-11-18 12:00,0.357,0.304,0.120,6.884
2025-11-18 13:00,0.196,0.122,0.117,7.209
2025-11-18 14:00,0.104,0.054,0.082,7.012
2025-11-18 15:00,0.043,0.030,0.038,6.289
2025-11-18 16:00,0,0.001,0.002,5.248
2025-11-18 17:00,0,0,0,4.683
2025-11-18 18:00,0,0,0,4.389
2025-11-18 19:00,0,0,0,4.367
2025-11-18 20:00,0,0,0,4.570
2025-11-18 21:00,0,0,0,4.922
2025-11-18 22:00,0,0,0,5.107
2025-11-18 23:00,0,0,0,5.021
2025-11-19 00:00,0,0,0,4.871
2025-11-19 01:00,0,0,0,4.883
2025-11-19 02:00,0,0,0,4.058
2025-11-19 03:00,0,0,0,2.505
2025-11-19 04:00,0,0,0,1.738
2025-11-19 05:00,0,0,0,1.637
2025-11-19 06:00,0,0,0,1.802
2025-11-19 07:00,0,0,0,1.949
2025-11-19 08:00,0.002,0.003,0.015,1.954
2025-11-19 09:00,0.045,0.014,0.056,2.144
2025-11-19 10:00,0.123,0.051,0.103,2.553
2025-11-19 11:00,0.246,0.158,0.131,3.186
2025-11-19 12:00,0.332,0.264,0.125,3.789
2025-11-19 13:00,0.345,0.299,0.105,4.033
2025-11-19 14:00,0.266,0.231,0.081,3.717
2025-11-19 15:00,0.127,0.115,0.044,2.713
2025-11-19 16:00,0,0.002,0.002,1.108
2025-11-19 17:00,0,0,0,0.187
2025-11-19 18:00,0,0,0,-0.397
2025-11-19 19:00,0,0,0,-0.870
2025-11-19 20:00,0,0,0,-1.315
2025-11-19 21:00,0,0,0,-1.757
2025-11-19 22:00,0,0,0,-2.070
2025-11-19 23:00,0,0,0,-2.324
2025-11-20 00:00,0,0,0,-2.533
2025-11-20 01:00,0,0,0,-2.689
2025-11-20 02:00,0,0,0,-2.766
2025-11-20 03:00,0,0,0,-2.734
2025-11-20 04:00,0,0,0,-2.770
2025-11-20 05:00,0,0,0,-2.891
2025-11-20 06:00,0,0,0,-2.817
2025-11-20 07:00,0,0,0,-2.668
2025-11-20 08:00,0.068,0.065,0.028,-1.686
2025-11-20 09:00,0.268,0.249,0.060,0.101
2025-11-20 10:00,0.405,0.394,0.076,1.857
2025-11-20 11:00,0.466,0.465,0.085,3.520
2025-11-20 12:00,0.462,0.456,0.089,4.305
2025-11-20 13:00,0.384,0.363,0.089,4.513
2025-11-20 14:00,0.270,0.243,0.074,4.130
2025-11-20 15:00,0.112,0.103,0.040,2.865
2025-11-20 16:00,0,0.002,0.002,0.987
2025-11-20 17:00,0,0,0,0.702
2025-11-20 18:00,0,0,0,0.480
2025-11-20 19:00,0,0,0,0.400
2025-11-20 20:00,0,0,0,0.102
2025-11-20 21:00,0,0,0,-0.556
2025-11-20 22:00,0,0,0,-0.870
2025-11-20 23:00,0,0,0,-0.661
2025-11-21 00:00,0,0,0,-0.350
2025-11-21 01:00,0,0,0,-0.129
2025-11-21 02:00,0,0,0,-0.062
2025-11-21 03:00,0,0,0,-0.159
2025-11-21 04:00,0,0,0,-0.236
2025-11-21 05:00,0,0,0,-0.354
2025-11-21 06:00,0,0,0,-0.550
2025-11-21 07:00,0,0,0,-0.669
2025-11-21 08:00,0.014,0.011,0.021,-0.497
2025-11-21 09:00,0.091,0.050,0.068,0.226
2025-11-21 10:00,0.267,0.209,0.101,1.453
2025-11-21 11:00,0.422,0.394,0.098,2.721
2025-11-21 12:00,0.453,0.440,0.094,4.065
2025-11-21 13:00,0.362,0.330,0.095,4.729
2025-11-21 14:00,0.224,0.187,0.079,4.490
2025-11-21 15:00,0.093,0.083,0.039,2.338
2025-11-21 16:00,0,0.003,0.001,-0.034
2025-11-21 17:00,0,0,0,-0.499
2025-11-21 18:00,0,0,0,-0.526
2025-11-21 19:00,0,0,0,-0.464
2025-11-21 20:00,0,0,0,0.075
2025-11-21 21:00,0,0,0,0.675
2025-11-21 22:00,0,0,0,0.932
2025-11-21 23:00,0,0,0,1.180
2025-11-22 00:00,0,0,0,1.354
2025-11-22 01:00,0,0,0,1.595
2025-11-22 02:00,0,0,0,1.819
2025-11-22 03:00,0,0,0,2.088
2025-11-22 04:00,0,0,0,2.431
2025-11-22 05:00,0,0,0,2.821
2025-11-22 06:00,0,0,0,3.199
2025-11-22 07:00,0,0,0,3.564
2025-11-22 08:00,0,0,0.005,3.947
2025-11-22 09:00,0.005,0.001,0.021,4.530
2025-11-22 10:00,0.010,0.001,0.028,5.315
2025-11-22 11:00,0.007,0.001,0.025,5.758
2025-11-22 12:00,0.002,0,0.018,5.997
2025-11-22 13:00,0,0,0.012,6.197
2025-11-22 14:00,0,0,0.005,6.240
2025-11-22 15:00,0,0,0.001,6.144
2025-11-22 16:00,0,0,0,6.105
2025-11-22 17:00,0,0,0,5.881
2025-11-22 18:00,0,0,0,5.310
2025-11-22 19:00,0,0,0,4.806
2025-11-22 20:00,0,0,0,4.589
2025-11-22 21:00,0,0,0,4.529
2025-11-22 22:00,0,0,0,4.444
2025-11-22 23:00,0,0,0,4.061
2025-11-23 00:00,0,0,0,3.666
2025-11-23 01:00,0,0,0,3.296
2025-11-23 02:00,0,0,0,3.141
2025-11-23 03:00,0,0,0,3.190
2025-11-23 04:00,0,0,0,3.479
2025-11-23 05:00,0,0,0,4.137
2025-11-23 06:00,0,0,0,5.964
2025-11-23 07:00,0,0,0,7.215
2025-11-23 08:00,0.015,0.014,0.021,6.753
2025-11-23 09:00,0.179,0.147,0.071,6.312
2025-11-23 10:00,0.269,0.219,0.101,6.787
2025-11-23 11:00,0.216,0.137,0.124,7.440
2025-11-23 12:00,0.196,0.113,0.126,7.831
2025-11-23 13:00,0.173,0.102,0.112,7.941
2025-11-23 14:00,0.129,0.082,0.082,7.746
2025-11-23 15:00,0.046,0.037,0.034,7.024
2025-11-23 16:00,0,-0,0.001,5.943
2025-11-23 17:00,0,0,0,5.126
2025-11-23 18:00,0,0,0,4.188
2025-11-23 19:00,0,0,0,3.538
2025-11-23 20:00,0,0,0,3.318
2025-11-23 21:00,0,0,0,3.220
2025-11-23 22:00,0,0,0,3.289
2025-11-23 23:00,0,0,0,3.465
2025-11-24 00:00,0,0,0,3.710
2025-11-24 01:00,0,0,0,3.707
2025-11-24 02:00,0,0,0,3.737
2025-11-24 03:00,0,0,0,3.838
2025-11-24 04:00,0,0,0,3.977
2025-11-24 05:00,0,0,0,3.961
2025-11-24 06:00,0,0,0,3.896
2025-11-24 07:00,0,0,0,3.976
2025-11-24 08:00,0,0.001,0.008,4.299
2025-11-24 09:00,0.039,0.012,0.051,4.466
2025-11-24 10:00,0.107,0.041,0.098,4.929
2025-11-24 11:00,0.139,0.055,0.119,5.774
2025-11-24 12:00,0.120,0.041,0.113,6.687
2025-11-24 13:00,0.120,0.050,0.104,7.342
2025-11-24 14:00,0.163,0.116,0.086,7.363
2025-11-24 15:00,0.063,0.055,0.036,6.610
2025-11-24 16:00,0,-0,0.001,5.472
2025-11-24 17:00,0,0,0,4.739
2025-11-24 18:00,0,0,0,4.350
2025-11-24 19:00,0,0,0,4.162
2025-11-24 20:00,0,0,0,3.862
2025-11-24 21:00,0,0,0,3.490
2025-11-24 22:00,0,0,0,3.160
2025-11-24 23:00,0,0,0,3.206
2025-11-25 00:00,0,0,0,3.291
2025-11-25 01:00,0,0,0,3.199
2025-11-25 02:00,0,0,0,2.975
2025-11-25 03:00,0,0,0,2.801
2025-11-25 04:00,0,0,0,2.617
2025-11-25 05:00,0,0,0,2.601
2025-11-25 06:00,0,0,0,2.836
2025-11-25 07:00,0,0,0,2.910
2025-11-25 08:00,0.007,0.008,0.016,2.845
2025-11-25 09:00,0.122,0.088,0.066,3.328
2025-11-25 10:00,0.407,0.404,0.073,4.256
2025-11-25 11:00,0.469,0.478,0.080,5.336
2025-11-25 12:00,0.426,0.414,0.092,6.079
2025-11-25 13:00,0.344,0.316,0.091,6.351
2025-11-25 14:00,0.222,0.192,0.074,6.107
2025-11-25 15:00,0.090,0.086,0.034,4.759
2025-11-25 16:00,0,-0,0,2.512
2025-11-25 17:00,0,0,0,1.613
2025-11-25 18:00,0,0,0,1.478
2025-11-25 19:00,0,0,0,1.862
2025-11-25 20:00,0,0,0,2.031
2025-11-25 21:00,0,0,0,1.958
2025-11-25 22:00,0,0,0,1.558
2025-11-25 23:00,0,0,0,1.393
2025-11-26 00:00,0,0,0,1.228
2025-11-26 01:00,0,0,0,0.969
2025-11-26 02:00,0,0,0,0.778
2025-11-26 03:00,0,0,0,0.644
2025-11-26 04:00,0,0,0,0.579
2025-11-26 05:00,0,0,0,0.480
2025-11-26 06:00,0,0,0,0.375
2025-11-26 07:00,0,0,0,0.278
2025-11-26 08:00,0.003,0.005,0.014,0.269
2025-11-26 09:00,0.046,0.017,0.053,0.753
2025-11-26 10:00,0.145,0.076,0.101,1.835
2025-11-26 11:00,0.294,0.221,0.123,3.197
2025-11-26 12:00,0.185,0.099,0.123,4.260
2025-11-26 13:00,0.110,0.044,0.098,4.900
2025-11-26 14:00,0.063,0.025,0.066,5.150
2025-11-26 15:00,0.012,0.009,0.022,4.834
2025-11-26 16:00,0,-0,0,4.647
2025-11-26 17:00,0,0,0,4.801
2025-11-26 18:00,0,0,0,5.162
2025-11-26 19:00,0,0,0,5.696
2025-11-26 20:00,0,0,0,6.493
2025-11-26 21:00,0,0,0,7.308
2025-11-26 22:00,0,0,0,7.817
2025-11-26 23:00,0,0,0,8.083
2025-11-27 00:00,0,0,0,8.445
2025-11-27 01:00,0,0,0,8.825
2025-11-27 02:00,0,0,0,9.192
2025-11-27 03:00,0,0,0,9.496
2025-11-27 04:00,0,0,0,9.647
2025-11-27 05:00,0,0,0,9.823
2025-11-27 06:00,0,0,0,9.916
2025-11-27 07:00,0,0,0,9.832
2025-11-27 08:00,0,0.003,0.012,9.829
2025-11-27 09:00,0.034,0.011,0.048,10.171
2025-11-27 10:00,0.064,0.017,0.076,10.721
2025-11-27 11:00,0.089,0.024,0.097,11.433
2025-11-27 12:00,0.097,0.028,0.103,12.198
2025-11-27 13:00,0.084,0.027,0.090,12.710
2025-11-27 14:00,0.068,0.030,0.069,12.838
2025-11-27 15:00,0.021,0.018,0.026,12.524
2025-11-27 16:00,0,-0,0,12.018
2025-11-27 17:00,0,0,0,11.834
2025-11-27 18:00,0,0,0,11.725
2025-11-27 19:00,0,0,0,11.483
2025-11-27 20:00,0,0,0,10.928
2025-11-27 21:00,0,0,0,9.837
2025-11-27 22:00,0,0,0,8.859
2025-11-27 23:00,0,0,0,8.102
2025-11-28 00:00,0,0,0,7.660
2025-11-28 01:00,0,0,0,7.487
2025-11-28 02:00,0,0,0,7.231
2025-11-28 03:00,0,0,0,6.845
2025-11-28 04:00,0,0,0,6.565
2025-11-28 05:00,0,0,0,6.416
2025-11-28 06:00,0,0,0,6.347
2025-11-28 07:00,0,0,0,6.301
2025-11-28 08:00,0,0.004,0.011,6.361
2025-11-28 09:00,0.043,0.017,0.051,6.988
2025-11-28 10:00,0.103,0.047,0.090,7.876
2025-11-28 11:00,0.244,0.176,0.119,9.193
2025-11-28 12:00,0.273,0.212,0.118,10.269
2025-11-28 13:00,0.185,0.124,0.105,10.540
2025-11-28 14:00,0.119,0.080,0.074,10.010
2025-11-28 15:00,0.051,0.049,0.029,8.815
2025-11-28 16:00,0,-0,0,7.319
2025-11-28 17:00,0,0,0,6.342
2025-11-28 18:00,0,0,0,5.483
2025-11-28 19:00,0,0,0,5.184
2025-11-28 20:00,0,0,0,5.533
2025-11-28 21:00,0,0,0,5.811
2025-11-28 22:00,0,0,0,6.078
2025-11-28 23:00,0,0,0,6.323
2025-11-29 00:00,0,0,0,6.524
2025-11-29 01:00,0,0,0,6.594
2025-11-29 02:00,0,0,0,6.773
2025-11-29 03:00,0,0,0,7.042
2025-11-29 04:00,0,0,0,7.390
2025-11-29 05:00,0,0,0,8.243
2025-11-29 06:00,0,0,0,8.503
2025-11-29 07:00,0,0,0,8.248
2025-11-29 08:00,0,0,0.003,7.936
2025-11-29 09:00,0.001,0.001,0.016,7.781
2025-11-29 10:00,0.015,0.002,0.033,7.402
2025-11-29 11:00,0.036,0.004,0.056,6.811
2025-11-29 12:00,0.050,0.007,0.069,6.478
2025-11-29 13:00,0.080,0.022,0.089,6.533
2025-11-29 14:00,0.065,0.026,0.067,6.398
2025-11-29 15:00,0.019,0.015,0.024,5.655
2025-11-29 16:00,0,-0,0,4.872
2025-11-29 17:00,0,0,0,4.740
2025-11-29 18:00,0,0,0,4.646
2025-11-29 19:00,0,0,0,4.705
2025-11-29 20:00,0,0,0,4.829
2025-11-29 21:00,0,0,0,4.778
2025-11-29 22:00,0,0,0,4.301
2025-11-29 23:00,0,0,0,3.508
2025-11-30 00:00,0,0,0,2.816
2025-11-30 01:00,0,0,0,2.103
2025-11-30 02:00,0,0,0,1.564
2025-11-30 03:00,0,0,0,1.149
2025-11-30 04:00,0,0,0,0.887
2025-11-30 05:00,0,0,0,0.986
2025-11-30 06:00,0,0,0,1.296
2025-11-30 07:00,0,0,0,1.295
2025-11-30 08:00,0.040,0.048,0.015,1.540
2025-11-30 09:00,0.232,0.222,0.051,3.103
2025-11-30 10:00,0.398,0.404,0.063,4.473
2025-11-30 11:00,0.479,0.504,0.067,5.783
2025-11-30 12:00,0.484,0.511,0.069,6.727
2025-11-30 13:00,0.422,0.436,0.067,6.987
2025-11-30 14:00,0.283,0.277,0.058,6.535
2025-11-30 15:00,0.092,0.096,0.026,4.684
2025-11-30 16:00,0,-0,0,3.403
2025-11-30 17:00,0,0,0,3.539
2025-11-30 18:00,0,0,0,4.104
2025-11-30 19:00,0,0,0,4.316
2025-11-30 20:00,0,0,0,4.303
2025-11-30 21:00,0,0,0,4.307
2025-11-30 22:00,0,0,0,4.430
2025-11-30 23:00,0,0,0,4.708
2025-12-01 00:00,0,0,0,5.121
2025-12-01 01:00,0,0,0,5.685
2025-12-01 02:00,0,0,0,6.431
2025-12-01 03:00,0,0,0,7.114
2025-12-01 04:00,0,0,0,7.781
2025-12-01 05:00,0,0,0,8.300
2025-12-01 06:00,0,0,0,9.269
2025-12-01 07:00,0,0,0,9.956
2025-12-01 08:00,0,0,0.002,10.463
2025-12-01 09:00,0,0,0.012,10.799
2025-12-01 10:00,0.009,0.001,0.027,11.175
2025-12-01 11:00,0.018,0.002,0.038,11.610
2025-12-01 12:00,0.019,0.002,0.040,11.828
2025-12-01 13:00,0.009,0.001,0.027,11.719
2025-12-01 14:00,0.003,0.001,0.019,11.696
2025-12-01 15:00,0,0.001,0.008,11.837
2025-12-01 16:00,0,-0,0,11.874
2025-12-01 17:00,0,0,0,11.772
2025-12-01 18:00,0,0,0,11.590
2025-12-01 19:00,0,0,0,11.325
2025-12-01 20:00,0,0,0,10.911
2025-12-01 21:00,0,0,0,10.377
2025-12-01 22:00,0,0,0,9.539
2025-12-01 23:00,0,0,0,8.568
2025-12-02 00:00,0,0,0,7.720
2025-12-02 01:00,0,0,0,7.097
2025-12-02 02:00,0,0,0,6.711
2025-12-02 03:00,0,0,0,6.202
2025-12-02 04:00,0,0,0,5.649
2025-12-02 05:00,0,0,0,5.501
2025-12-02 06:00,0,0,0,5.603
2025-12-02 07:00,0,0,0,5.670
2025-12-02 08:00,0,0.001,0.005,5.651
2025-12-02 09:00,0.008,0.002,0.025,5.828
2025-12-02 10:00,0.028,0.004,0.047,6.246
2025-12-02 11:00,0.052,0.009,0.069,6.975
2025-12-02 12:00,0.133,0.053,0.116,7.985
2025-12-02 13:00,0.108,0.044,0.097,8.550
2025-12-02 14:00,0.056,0.022,0.061,8.369
2025-12-02 15:00,0.009,0.009,0.019,7.086
2025-12-02 16:00,0,-0,0,6.009
2025-12-02 17:00,0,0,0,6.161
2025-12-02 18:00,0,0,0,6.395
2025-12-02 19:00,0,0,0,6.346
2025-12-02 20:00,0,0,0,6.218
2025-12-02 21:00,0,0,0,6.165
2025-12-02 22:00,0,0,0,6.135
2025-12-02 23:00,0,0,0,6.006
2025-12-03 00:00,0,0,0,5.817
2025-12-03 01:00,0,0,0,5.589
2025-12-03 02:00,0,0,0,5.368
2025-12-03 03:00,0,0,0,5.167
2025-12-03 04:00,0,0,0,4.929
2025-12-03 05:00,0,0,0,4.684
2025-12-03 06:00,0,0,0,4.514
2025-12-03 07:00,0,0,0,4.400
2025-12-03 08:00,0,0,0.003,4.223
2025-12-03 09:00,0.001,0.001,0.016,4.283
2025-12-03 10:00,0.016,0.002,0.035,4.558
2025-12-03 11:00,0.032,0.004,0.052,4.970
2025-12-03 12:00,0.041,0.005,0.061,5.487
2025-12-03 13:00,0.058,0.013,0.073,6.134
2025-12-03 14:00,0.066,0.029,0.066,6.614
2025-12-03 15:00,0.016,0.015,0.021,5.888
2025-12-03 16:00,0,-0,0,5.288
2025-12-03 17:00,0,0,0,5.514
2025-12-03 18:00,0,0,0,5.530
2025-12-03 19:00,0,0,0,5.456
2025-12-03 20:00,0,0,0,5.323
2025-12-03 21:00,0,0,0,5.325
2025-12-03 22:00,0,0,0,5.512
2025-12-03 23:00,0,0,0,5.938
2025-12-04 00:00,0,0,0,6.318
2025-12-04 01:00,0,0,0,6.370
2025-12-04 02:00,0,0,0,6.289
2025-12-04 03:00,0,0,0,6.331
2025-12-04 04:00,0,0,0,6.508
2025-12-04 05:00,0,0,0,6.726
2025-12-04 06:00,0,0,0,6.850
2025-12-04 07:00,0,0,0,6.802
2025-12-04 08:00,0,0,0.003,6.536
2025-12-04 09:00,0,0.001,0.014,6.307
2025-12-04 10:00,0.006,0.001,0.023,6.021
2025-12-04 11:00,0.011,0.001,0.029,5.732
2025-12-04 12:00,0.013,0.001,0.031,5.564
2025-12-04 13:00,0.015,0.002,0.033,5.564
2025-12-04 14:00,0.010,0.002,0.027,5.587
2025-12-04 15:00,0,0.001,0.009,5.219
2025-12-04 16:00,0,-0,0,4.662
2025-12-04 17:00,0,0,0,4.449
2025-12-04 18:00,0,0,0,3.724
2025-12-04 19:00,0,0,0,3.194
2025-12-04 20:00,0,0,0,2.785
2025-12-04 21:00,0,0,0,2.192
2025-12-04 22:00,0,0,0,1.634
2025-12-04 23:00,0,0,0,1.156
2025-12-05 00:00,0,0,0,0.794
2025-12-05 01:00,0,0,0,0.665
2025-12-05 02:00,0,0,0,0.453
2025-12-05 03:00,0,0,0,0.406
2025-12-05 04:00,0,0,0,0.889
2025-12-05 05:00,0,0,0,1.431
2025-12-05 06:00,0,0,0,1.932
2025-12-05 07:00,0,0,0,2.095
2025-12-05 08:00,0,0.001,0.004,2.256
2025-12-05 09:00,0.004,0.001,0.019,2.860
2025-12-05 10:00,0.016,0.002,0.035,3.567
2025-12-05 11:00,0.033,0.004,0.053,4.405
2025-12-05 12:00,0.046,0.006,0.065,5.271
2025-12-05 13:00,0.040,0.007,0.058,5.902
2025-12-05 14:00,0.034,0.009,0.048,6.300
2025-12-05 15:00,0.004,0.005,0.015,6.199
2025-12-05 16:00,0,-0,0,5.786
2025-12-05 17:00,0,0,0,5.504
2025-12-05 18:00,0,0,0,5.519
2025-12-05 19:00,0,0,0,6.156
2025-12-05 20:00,0,0,0,7.200
2025-12-05 21:00,0,0,0,8.423
2025-12-05 22:00,0,0,0,8.746
2025-12-05 23:00,0,0,0,8.360
2025-12-06 00:00,0,0,0,7.940
2025-12-06 01:00,0,0,0,7.974
2025-12-06 02:00,0,0,0,8.143
2025-12-06 03:00,0,0,0,8.392
2025-12-06 04:00,0,0,0,8.611
2025-12-06 05:00,0,0,0,8.602
2025-12-06 06:00,0,0,0,8.350
2025-12-06 07:00,0,0,0,8.191
2025-12-06 08:00,0,0.002,0.007,8.142
2025-12-06 09:00,0.029,0.010,0.042,8.669
2025-12-06 10:00,0.075,0.026,0.080,9.489
2025-12-06 11:00,0.095,0.031,0.097,10.256
2025-12-06 12:00,0.080,0.022,0.090,10.631
2025-12-06 13:00,0.065,0.018,0.077,10.534
2025-12-06 14:00,0.029,0.009,0.044,10.174
2025-12-06 15:00,0,0.002,0.010,9.725
2025-12-06 16:00,0,-0,0,9.319
2025-12-06 17:00,0,0,0,9.034
2025-12-06 18:00,0,0,0,8.908
2025-12-06 19:00,0,0,0,8.835
2025-12-06 20:00,0,0,0,8.733
2025-12-06 21:00,0,0,0,8.599
2025-12-06 22:00,0,0,0,8.373
2025-12-06 23:00,0,0,0,7.878
2025-12-07 00:00,0,0,0,7.011
2025-12-07 01:00,0,0,0,6.600
2025-12-07 02:00,0,0,0,6.172
2025-12-07 03:00,0,0,0,6.126
2025-12-07 04:00,0,0,0,6.166
2025-12-07 05:00,0,0,0,6.135
2025-12-07 06:00,0,0,0,6.213
2025-12-07 07:00,0,0,0,6.399
2025-12-07 08:00,0,0,0.003,6.724
2025-12-07 09:00,0,0.001,0.012,7.349
2025-12-07 10:00,0.002,0.001,0.017,8.402
2025-12-07 11:00,0.017,0.002,0.036,9.802
2025-12-07 12:00,0.022,0.002,0.042,11.151
2025-12-07 13:00,0.060,0.013,0.076,12.275
2025-12-07 14:00,0.021,0.005,0.039,12.785
2025-12-07 15:00,0,0.003,0.012,12.754
2025-12-07 16:00,0,-0,0,12.499
2025-12-07 17:00,0,0,0,12.388
2025-12-07 18:00,0,0,0,11.504
2025-12-07 19:00,0,0,0,9.738
2025-12-07 20:00,0,0,0,8.403
2025-12-07 21:00,0,0,0,7.884
2025-12-07 22:00,0,0,0,7.821
2025-12-07 23:00,0,0,0,7.948
2025-12-08 00:00,0,0,0,8.555
2025-12-08 01:00,0,0,0,9.147
2025-12-08 02:00,0,0,0,9.375
2025-12-08 03:00,0,0,0,9.419
2025-12-08 04:00,0,0,0,9.526
2025-12-08 05:00,0,0,0,9.764
2025-12-08 06:00,0,0,0,10.096
2025-12-08 07:00,0,0,0,10.257
2025-12-08 08:00,0,0.001,0.004,10.204
2025-12-08 09:00,0.019,0.007,0.034,10.246
2025-12-08 10:00,0.094,0.044,0.084,10.742
2025-12-08 11:00,0.209,0.144,0.113,11.343
2025-12-08 12:00,0.255,0.195,0.115,11.674
2025-12-08 13:00,0.087,0.036,0.084,11.513
2025-12-08 14:00,0.039,0.015,0.050,11.175
2025-12-08 15:00,0.002,0.005,0.013,10.441
2025-12-08 16:00,0,-0,0,9.819
2025-12-08 17:00,0,0,0,10.196
2025-12-08 18:00,0,0,0,10.290
2025-12-08 19:00,0,0,0,10.367
2025-12-08 20:00,0,0,0,10.194
2025-12-08 21:00,0,0,0,10.142
2025-12-08 22:00,0,0,0,10.345
2025-12-08 23:00,0,0,0,10.742
2025-12-09 00:00,0,0,0,11.334
2025-12-09 01:00,0,0,0,11.780
2025-12-09 02:00,0,0,0,11.803
2025-12-09 03:00,0,0,0,11.268
2025-12-09 04:00,0,0,0,10.927
2025-12-09 05:00,0,0,0,10.857
2025-12-09 06:00,0,0,0,11.002
2025-12-09 07:00,0,0,0,11.325
2025-12-09 08:00,0,0,0.001,11.730
2025-12-09 09:00,0.001,0.001,0.015,12.149
2025-12-09 10:00,0.017,0.003,0.036,12.515
2025-12-09 11:00,0.068,0.015,0.083,12.990
2025-12-09 12:00,0.087,0.025,0.096,13.405
2025-12-09 13:00,0.052,0.012,0.068,13.396
2025-12-09 14:00,0.021,0.006,0.038,13.331
2025-12-09 15:00,0,0.002,0.010,13.338
2025-12-09 16:00,0,-0,0,12.723
2025-12-09 17:00,0,0,0,11.591
2025-12-09 18:00,0,0,0,10.789
2025-12-09 19:00,0,0,0,10.177
2025-12-09 20:00,0,0,0,9.699
2025-12-09 21:00,0,0,0,9.315
2025-12-09 22:00,0,0,0,8.936
2025-12-09 23:00,0,0,0,8.574
2025-12-10 00:00,0,0,0,8.116
2025-12-10 01:00,0,0,0,7.769
2025-12-10 02:00,0,0,0,7.726
2025-12-10 03:00,0,0,0,7.768
2025-12-10 04:00,0,0,0,7.911
2025-12-10 05:00,0,0,0,8.008
2025-12-10 06:00,0,0,0,8.104
2025-12-10 07:00,0,0,0,8.168
2025-12-10 08:00,0.003,0.011,0.009,7.983
2025-12-10 09:00,0.089,0.068,0.052,8.275
2025-12-10 10:00,0.155,0.110,0.084,9.017
2025-12-10 11:00,0.222,0.169,0.101,9.909
2025-12-10 12:00,0.284,0.245,0.098,10.542
2025-12-10 13:00,0.321,0.309,0.078,10.700
2025-12-10 14:00,0.215,0.205,0.058,10.239
2025-12-10 15:00,0.049,0.057,0.019,8.990
2025-12-10 16:00,0,0,0,7.969
2025-12-10 17:00,0,0,0,7.369
2025-12-10 18:00,0,0,0,7.126
2025-12-10 19:00,0,0,0,7.244
2025-12-10 20:00,0,0,0,7.359
2025-12-10 21:00,0,0,0,7.340
2025-12-10 22:00,0,0,0,7.046
2025-12-10 23:00,0,0,0,6.616
2025-12-11 00:00,0,0,0,6.387
2025-12-11 01:00,0,0,0,6.402
2025-12-11 02:00,0,0,0,6.334
2025-12-11 03:00,0,0,0,6.297
2025-12-11 04:00,0,0,0,6.321
2025-12-11 05:00,0,0,0,6.594
2025-12-11 06:00,0,0,0,7.071
2025-12-11 07:00,0,0,0,7.628
2025-12-11 08:00,0,0.002,0.006,7.940
2025-12-11 09:00,0.036,0.018,0.043,8.326
2025-12-11 10:00,0.135,0.084,0.088,8.885
2025-12-11 11:00,0.205,0.142,0.108,9.571
2025-12-11 12:00,0.157,0.092,0.106,10.085
2025-12-11 13:00,0.160,0.105,0.096,10.315
2025-12-11 14:00,0.056,0.030,0.055,10.165
2025-12-11 15:00,0.003,0.007,0.013,9.569
2025-12-11 16:00,0,0,0,9.067
2025-12-11 17:00,0,0,0,8.942
2025-12-11 18:00,0,0,0,8.763
2025-12-11 19:00,0,0,0,8.663
2025-12-11 20:00,0,0,0,8.569
2025-12-11 21:00,0,0,0,8.471
2025-12-11 22:00,0,0,0,8.500
2025-12-11 23:00,0,0,0,8.333
2025-12-12 00:00,0,0,0,8.193
2025-12-12 01:00,0,0,0,8.039
2025-12-12 02:00,0,0,0,7.932
2025-12-12 03:00,0,0,0,7.999
2025-12-12 04:00,0,0,0,8.095
2025-12-12 05:00,0,0,0,8.262
2025-12-12 06:00,0,0,0,8.428
2025-12-12 07:00,0,0,0,8.529
2025-12-12 08:00,0,0,0.002,8.596
2025-12-12 09:00,0.005,0.002,0.020,8.801
2025-12-12 10:00,0.034,0.007,0.052,9.287
2025-12-12 11:00,0.043,0.007,0.062,9.530
2025-12-12 12:00,0.043,0.007,0.062,9.543
2025-12-12 13:00,0.045,0.010,0.061,9.300
2025-12-12 14:00,0.047,0.020,0.054,8.695
2025-12-12 15:00,0.014,0.017,0.018,6.970
2025-12-12 16:00,0,0,0,4.860
2025-12-12 17:00,0,0,0,3.762
2025-12-12 18:00,0,0,0,3.143
2025-12-12 19:00,0,0,0,2.915
2025-12-12 20:00,0,0,0,3.256
2025-12-12 21:00,0,0,0,4.149
2025-12-12 22:00,0,0,0,4.548
2025-12-12 23:00,0,0,0,4.439
2025-12-13 00:00,0,0,0,4.083
2025-12-13 01:00,0,0,0,3.908
2025-12-13 02:00,0,0,0,4.554
2025-12-13 03:00,0,0,0,4.702
2025-12-13 04:00,0,0,0,4.709
2025-12-13 05:00,0,0,0,4.690
2025-12-13 06:00,0,0,0,4.481
2025-12-13 07:00,0,0,0,4.089
2025-12-13 08:00,0,0,0.003,3.726
2025-12-13 09:00,0.004,0.001,0.019,3.885
2025-12-13 10:00,0.018,0.003,0.037,4.554
2025-12-13 11:00,0.030,0.004,0.049,5.307
2025-12-13 12:00,0.035,0.004,0.055,5.783
2025-12-13 13:00,0.028,0.004,0.047,6.029
2025-12-13 14:00,0.014,0.003,0.030,6.098
2025-12-13 15:00,0,0.001,0.007,5.944
2025-12-13 16:00,0,0,0,5.840
2025-12-13 17:00,0,0,0,5.954
2025-12-13 18:00,0,0,0,6.336
2025-12-13 19:00,0,0,0,6.802
2025-12-13 20:00,0,0,0,6.919
2025-12-13 21:00,0,0,0,6.726
2025-12-13 22:00,0,0,0,6.455
2025-12-13 23:00,0,0,0,6.260
2025-12-14 00:00,0,0,0,6.205
2025-12-14 01:00,0,0,0,6.168
2025-12-14 02:00,0,0,0,6.066
2025-12-14 03:00,0,0,0,5.875
2025-12-14 04:00,0,0,0,5.790
2025-12-14 05:00,0,0,0,5.821
2025-12-14 06:00,0,0,0,5.918
2025-12-14 07:00,0,0,0,6.121
2025-12-14 08:00,0,0.001,0.004,6.407
2025-12-14 09:00,0.013,0.004,0.028,7.031
2025-12-14 10:00,0.031,0.006,0.049,7.806
2025-12-14 11:00,0.040,0.006,0.059,8.476
2025-12-14 12:00,0.044,0.007,0.063,8.875
2025-12-14 13:00,0.042,0.009,0.060,9.195
2025-12-14 14:00,0.025,0.007,0.040,9.368
2025-12-14 15:00,0,0.003,0.010,9.331
2025-12-14 16:00,0,0,0,9.307
2025-12-14 17:00,0,0,0,9.413
2025-12-14 18:00,0,0,0,9.555
2025-12-14 19:00,0,0,0,9.664
2025-12-14 20:00,0,0,0,9.749
2025-12-14 21:00,0,0,0,9.758
2025-12-14 22:00,0,0,0,9.708
2025-12-14 23:00,0,0,0,9.616
2025-12-15 00:00,0,0,0,9.419
2025-12-15 01:00,0,0,0,9.223
2025-12-15 02:00,0,0,0,9.103
2025-12-15 03:00,0,0,0,9.052
2025-12-15 04:00,0,0,0,9.024
2025-12-15 05:00,0,0,0,8.921
2025-12-15 06:00,0,0,0,8.620
2025-12-15 07:00,0,0,0,8.388
2025-12-15 08:00,0,0,0.003,8.266
2025-12-15 09:00,0.003,0.001,0.018,8.354
2025-12-15 10:00,0.009,0.001,0.027,8.786
2025-12-15 11:00,0.004,0.001,0.020,9.464
2025-12-15 12:00,0.012,0.001,0.030,10.030
2025-12-15 13:00,0.017,0.002,0.036,10.531
2025-12-15 14:00,0.018,0.005,0.035,10.763
2025-12-15 15:00,0.002,0.005,0.013,10.008
2025-12-15 16:00,0,0,0,8.935
2025-12-15 17:00,0,0,0,8.412
2025-12-15 18:00,0,0,0,8.085
2025-12-15 19:00,0,0,0,8.172
2025-12-15 20:00,0,0,0,8.296
2025-12-15 21:00,0,0,0,8.291
2025-12-15 22:00,0,0,0,8.163
2025-12-15 23:00,0,0,0,7.855
2025-12-16 00:00,0,0,0,7.479
2025-12-16 01:00,0,0,0,7.347
2025-12-16 02:00,0,0,0,7.076
2025-12-16 03:00,0,0,0,6.661
2025-12-16 04:00,0,0,0,6.399
2025-12-16 05:00,0,0,0,5.929
2025-12-16 06:00,0,0,0,5.366
2025-12-16 07:00,0,0,0,4.971
2025-12-16 08:00,0,0,0.002,4.702
2025-12-16 09:00,0.005,0.002,0.020,4.966
2025-12-16 10:00,0.028,0.005,0.046,5.649
2025-12-16 11:00,0.050,0.009,0.067,6.324
2025-12-16 12:00,0.068,0.016,0.081,6.841
2025-12-16 13:00,0.058,0.015,0.071,7.087
2025-12-16 14:00,0.025,0.007,0.040,6.729
2025-12-16 15:00,0,0.002,0.009,5.897
2025-12-16 16:00,0,0,0,5.533
2025-12-16 17:00,0,0,0,5.192
2025-12-16 18:00,0,0,0,4.652
2025-12-16 19:00,0,0,0,4.325
2025-12-16 20:00,0,0,0,4.423
2025-12-16 21:00,0,0,0,4.140
2025-12-16 22:00,0,0,0,3.223
2025-12-16 23:00,0,0,0,2.254
2025-12-17 00:00,0,0,0,1.586
2025-12-17 01:00,0,0,0,0.976
2025-12-17 02:00,0,0,0,0.953
2025-12-17 03:00,0,0,0,1.742
2025-12-17 04:00,0,0,0,2.494
2025-12-17 05:00,0,0,0,2.689
2025-12-17 06:00,0,0,0,3.012
2025-12-17 07:00,0,0,0,3.333
2025-12-17 08:00,0,0,0.001,3.685
2025-12-17 09:00,0,0.001,0.013,4.251
2025-12-17 10:00,0.008,0.001,0.024,4.996
2025-12-17 11:00,0.015,0.002,0.034,5.772
2025-12-17 12:00,0.022,0.002,0.042,6.546
2025-12-17 13:00,0.020,0.003,0.039,7.284
2025-12-17 14:00,0.011,0.002,0.028,7.828
2025-12-17 15:00,0,0.002,0.009,8.075
2025-12-17 16:00,0,0,0,8.080
2025-12-17 17:00,0,0,0,8.135
2025-12-17 18:00,0,0,0,8.319
2025-12-17 19:00,0,0,0,8.538
2025-12-17 20:00,0,0,0,8.794
2025-12-17 21:00,0,0,0,9.066
2025-12-17 22:00,0,0,0,9.346
2025-12-17 23:00,0,0,0,9.593
2025-12-18 00:00,0,0,0,9.884
2025-12-18 01:00,0,0,0,9.885
2025-12-18 02:00,0,0,0,9.750
2025-12-18 03:00,0,0,0,9.305
2025-12-18 04:00,0,0,0,8.922
2025-12-18 05:00,0,0,0,8.601
2025-12-18 06:00,0,0,0,8.550
2025-12-18 07:00,0,0,0,8.632
2025-12-18 08:00,0,0,0.001,7.709
2025-12-18 09:00,0,0.001,0.011,7.839
2025-12-18 10:00,0.005,0.001,0.022,8.291
2025-12-18 11:00,0.006,0.001,0.023,8.574
2025-12-18 12:00,0.006,0.001,0.023,8.974
2025-12-18 13:00,0.002,0.001,0.018,9.490
2025-12-18 14:00,0,0,0.006,9.980
2025-12-18 15:00,0,0,0.001,10.284
2025-12-18 16:00,0,0,0,10.136
2025-12-18 17:00,0,0,0,9.170
2025-12-18 18:00,0,0,0,7.801
2025-12-18 19:00,0,0,0,7.023
2025-12-18 20:00,0,0,0,7.084
2025-12-18 21:00,0,0,0,7.627
2025-12-18 22:00,0,0,0,7.766
2025-12-18 23:00,0,0,0,6.601
2025-12-19 00:00,0,0,0,4.718
2025-12-19 01:00,0,0,0,3.697
2025-12-19 02:00,0,0,0,3.722
2025-12-19 03:00,0,0,0,3.781
2025-12-19 04:00,0,0,0,3.979
2025-12-19 05:00,0,0,0,4.261
2025-12-19 06:00,0,0,0,4.379
2025-12-19 07:00,0,0,0,4.490
2025-12-19 08:00,0,0.002,0.005,4.624
2025-12-19 09:00,0.028,0.014,0.037,5.292
2025-12-19 10:00,0.089,0.044,0.075,6.313
2025-12-19 11:00,0.226,0.169,0.104,7.398
2025-12-19 12:00,0.236,0.182,0.103,8.263
2025-12-19 13:00,0.221,0.179,0.089,8.546
2025-12-19 14:00,0.122,0.095,0.061,8.243
2025-12-19 15:00,0.010,0.015,0.014,7.450
2025-12-19 16:00,0,0,0,6.831
2025-12-19 17:00,0,0,0,6.242
2025-12-19 18:00,0,0,0,5.665
2025-12-19 19:00,0,0,0,5.364
2025-12-19 20:00,0,0,0,5.341
2025-12-19 21:00,0,0,0,5.296
2025-12-19 22:00,0,0,0,5.080
2025-12-19 23:00,0,0,0,4.959
2025-12-20 00:00,0,0,0,4.961
2025-12-20 01:00,0,0,0,5.036
2025-12-20 02:00,0,0,0,5.088
2025-12-20 03:00,0,0,0,5.031
2025-12-20 04:00,0,0,0,4.997
2025-12-20 05:00,0,0,0,5.032
2025-12-20 06:00,0,0,0,5.094
2025-12-20 07:00,0,0,0,5.210
2025-12-20 08:00,0,0.001,0.003,5.328
2025-12-20 09:00,0.011,0.005,0.026,5.782
2025-12-20 10:00,0.074,0.031,0.072,6.483
2025-12-20 11:00,0.173,0.108,0.104,7.237
2025-12-20 12:00,0.239,0.182,0.105,7.784
2025-12-20 13:00,0.216,0.171,0.090,7.862
2025-12-20 14:00,0.121,0.094,0.061,7.459
2025-12-20 15:00,0.017,0.023,0.015,6.445
2025-12-20 16:00,0,0,0,5.674
2025-12-20 17:00,0,0,0,5.437
2025-12-20 18:00,0,0,0,5.163
2025-12-20 19:00,0,0,0,4.731
2025-12-20 20:00,0,0,0,4.408
2025-12-20 21:00,0,0,0,4.302
2025-12-20 22:00,0,0,0,4.906
2025-12-20 23:00,0,0,0,5.626
2025-12-21 00:00,0,0,0,6.165
2025-12-21 01:00,0,0,0,6.605
2025-12-21 02:00,0,0,0,7.025
2025-12-21 03:00,0,0,0,7.140
2025-12-21 04:00,0,0,0,7.070
2025-12-21 05:00,0,0,0,6.965
2025-12-21 06:00,0,0,0,6.914
2025-12-21 07:00,0,0,0,6.908
2025-12-21 08:00,0,0,0.003,6.936
2025-12-21 09:00,0.006,0.002,0.021,7.236
2025-12-21 10:00,0.025,0.004,0.043,7.724
2025-12-21 11:00,0.044,0.007,0.063,8.244
2025-12-21 12:00,0.044,0.007,0.063,8.641
2025-12-21 13:00,0.028,0.004,0.047,8.787
2025-12-21 14:00,0.009,0.002,0.026,8.777
2025-12-21 15:00,0,0.001,0.006,8.617
2025-12-21 16:00,0,0,0,8.569
2025-12-21 17:00,0,0,0,8.659
2025-12-21 18:00,0,0,0,8.736
2025-12-21 19:00,0,0,0,8.722
2025-12-21 20:00,0,0,0,8.637
2025-12-21 21:00,0,0,0,8.583
2025-12-21 22:00,0,0,0,8.699
2025-12-21 23:00,0,0,0,8.717
2025-12-22 00:00,0,0,0,8.704
2025-12-22 01:00,0,0,0,8.627
2025-12-22 02:00,0,0,0,8.461
2025-12-22 03:00,0,0,0,8.210
2025-12-22 04:00,0,0,0,7.931
2025-12-22 05:00,0,0,0,7.791
2025-12-22 06:00,0,0,0,7.583
2025-12-22 07:00,0,0,0,7.257
2025-12-22 08:00,0,0,0.003,7.009
2025-12-22 09:00,0.005,0.002,0.020,7.062
2025-12-22 10:00,0.028,0.005,0.046,7.330
2025-12-22 11:00,0.048,0.009,0.066,7.705
2025-12-22 12:00,0.066,0.015,0.080,8.244
2025-12-22 13:00,0.044,0.009,0.061,8.547
2025-12-22 14:00,0.015,0.004,0.032,8.490
2025-12-22 15:00,0,0.001,0.006,8.143
2025-12-22 16:00,0,0,0,8.049
2025-12-22 17:00,0,0,0,8.056
2025-12-22 18:00,0,0,0,8.052
2025-12-22 19:00,0,0,0,7.943
2025-12-22 20:00,0,0,0,7.755
2025-12-22 21:00,0,0,0,7.587
2025-12-22 22:00,0,0,0,7.374
2025-12-22 23:00,0,0,0,7.193
2025-12-23 00:00,0,0,0,6.955
2025-12-23 01:00,0,0,0,6.729
2025-12-23 02:00,0,0,0,6.579
2025-12-23 03:00,0,0,0,6.395
2025-12-23 04:00,0,0,0,6.151
2025-12-23 05:00,0,0,0,5.861
2025-12-23 06:00,0,0,0,5.530
2025-12-23 07:00,0,0,0,5.286
2025-12-23 08:00,0,0.001,0.004,5.316
2025-12-23 09:00,0.012,0.004,0.027,5.650
2025-12-23 10:00,0.036,0.008,0.052,5.998
2025-12-23 11:00,0.061,0.014,0.075,6.195
2025-12-23 12:00,0.080,0.022,0.087,6.371
2025-12-23 13:00,0.076,0.025,0.079,6.482
2025-12-23 14:00,0.026,0.008,0.040,6.375
2025-12-23 15:00,0,0.002,0.008,6.056
2025-12-23 16:00,0,0,0,5.723
2025-12-23 17:00,0,0,0,5.432
2025-12-23 18:00,0,0,0,5.127
2025-12-23 19:00,0,0,0,4.898
2025-12-23 20:00,0,0,0,4.764
2025-12-23 21:00,0,0,0,4.599
2025-12-23 22:00,0,0,0,4.459
2025-12-23 23:00,0,0,0,4.333
2025-12-24 00:00,0,0,0,4.209
2025-12-24 01:00,0,0,0,3.997
2025-12-24 02:00,0,0,0,3.745
2025-12-24 03:00,0,0,0,3.485
2025-12-24 04:00,0,0,0,3.217
2025-12-24 05:00,0,0,0,2.832
2025-12-24 06:00,0,0,0,1.993
2025-12-24 07:00,0,0,0,1.102
2025-12-24 08:00,0.008,0.018,0.007,0.676
2025-12-24 09:00,0.145,0.132,0.045,1.330
2025-12-24 10:00,0.383,0.390,0.056,2.358
2025-12-24 11:00,0.478,0.507,0.057,3.630
2025-12-24 12:00,0.487,0.521,0.057,4.467
2025-12-24 13:00,0.421,0.441,0.055,4.664
2025-12-24 14:00,0.249,0.246,0.048,4.224
2025-12-24 15:00,0.053,0.063,0.015,3.001
2025-12-24 16:00,0,0,0,2.180
2025-12-24 17:00,0,0,0,2.337
2025-12-24 18:00,0,0,0,2.585
2025-12-24 19:00,0,0,0,2.798
2025-12-24 20:00,0,0,0,2.823
2025-12-24 21:00,0,0,0,2.691
2025-12-24 22:00,0,0,0,2.446
2025-12-24 23:00,0,0,0,2.111
2025-12-25 00:00,0,0,0,1.711
2025-12-25 01:00,0,0,0,1.230
2025-12-25 02:00,0,0,0,0.801
2025-12-25 03:00,0,0,0,0.667
2025-12-25 04:00,0,0,0,0.921
2025-12-25 05:00,0,0,0,1.431
2025-12-25 06:00,0,0,0,1.656
2025-12-25 07:00,0,0,0,1.612
2025-12-25 08:00,0.010,0.021,0.007,1.350
2025-12-25 09:00,0.188,0.181,0.043,2.084
2025-12-25 10:00,0.388,0.400,0.054,3.328
2025-12-25 11:00,0.472,0.501,0.058,4.418
2025-12-25 12:00,0.480,0.512,0.058,4.862
2025-12-25 13:00,0.419,0.438,0.055,4.732
2025-12-25 14:00,0.271,0.273,0.046,4.037
2025-12-25 15:00,0.067,0.078,0.015,2.825
2025-12-25 16:00,0,0,0,1.841
2025-12-25 17:00,0,0,0,1.370
2025-12-25 18:00,0,0,0,1.101
2025-12-25 19:00,0,0,0,1.038
2025-12-25 20:00,0,0,0,0.807
2025-12-25 21:00,0,0,0,0.280
2025-12-25 22:00,0,0,0,-0.462
2025-12-25 23:00,0,0,0,-0.839
2025-12-26 00:00,0,0,0,-0.999
2025-12-26 01:00,0,0,0,-1.010
2025-12-26 02:00,0,0,0,-1.030
2025-12-26 03:00,0,0,0,-0.993
2025-12-26 04:00,0,0,0,-0.996
2025-12-26 05:00,0,0,0,-0.869
2025-12-26 06:00,0,0,0,-0.744
2025-12-26 07:00,0,0,0,-0.628
2025-12-26 08:00,0.002,0.010,0.007,-0.427
2025-12-26 09:00,0.110,0.093,0.047,0.701
2025-12-26 10:00,0.365,0.364,0.060,2.062
2025-12-26 11:00,0.460,0.479,0.062,3.537
2025-12-26 12:00,0.467,0.491,0.062,4.671
2025-12-26 13:00,0.398,0.409,0.060,5.070
2025-12-26 14:00,0.243,0.238,0.050,4.543
2025-12-26 15:00,0.052,0.062,0.016,2.816
2025-12-26 16:00,0,0,0,1.526
2025-12-26 17:00,0,0,0,1.109
2025-12-26 18:00,0,0,0,0.683
2025-12-26 19:00,0,0,0,0.703
2025-12-26 20:00,0,0,0,0.960
2025-12-26 21:00,0,0,0,1.208
2025-12-26 22:00,0,0,0,1.229
2025-12-26 23:00,0,0,0,1.280
2025-12-27 00:00,0,0,0,1.311
2025-12-27 01:00,0,0,0,1.400
2025-12-27 02:00,0,0,0,1.510
2025-12-27 03:00,0,0,0,1.479
2025-12-27 04:00,0,0,0,1.290
2025-12-27 05:00,0,0,0,1.218
2025-12-27 06:00,0,0,0,1.106
2025-12-27 07:00,0,0,0,1.369
2025-12-27 08:00,0,0.001,0.004,1.937
2025-12-27 09:00,0.013,0.005,0.027,3.010
2025-12-27 10:00,0.035,0.008,0.051,4.163
2025-12-27 11:00,0.063,0.016,0.074,5.017
2025-12-27 12:00,0.132,0.062,0.104,5.521
2025-12-27 13:00,0.212,0.157,0.098,5.717
2025-12-27 14:00,0.071,0.041,0.059,5.524
2025-12-27 15:00,0,0.005,0.010,5.087
2025-12-27 16:00,0,0,0,4.852
2025-12-27 17:00,0,0,0,4.862
2025-12-27 18:00,0,0,0,4.804
2025-12-27 19:00,0,0,0,4.714
2025-12-27 20:00,0,0,0,4.620
2025-12-27 21:00,0,0,0,4.733
2025-12-27 22:00,0,0,0,4.735
2025-12-27 23:00,0,0,0,4.750
2025-12-28 00:00,0,0,0,4.556
2025-12-28 01:00,0,0,0,4.287
2025-12-28 02:00,0,0,0,4.018
2025-12-28 03:00,0,0,0,3.825
2025-12-28 04:00,0,0,0,3.725
2025-12-28 05:00,0,0,0,3.578
2025-12-28 06:00,0,0,0,3.331
2025-12-28 07:00,0,0,0,3.015
2025-12-28 08:00,0,0.006,0.007,2.821
2025-12-28 09:00,0.073,0.051,0.049,3.709
2025-12-28 10:00,0.178,0.131,0.085,4.587
2025-12-28 11:00,0.241,0.184,0.102,5.426
2025-12-28 12:00,0.197,0.133,0.105,5.771
2025-12-28 13:00,0.143,0.088,0.090,5.768
2025-12-28 14:00,0.067,0.039,0.056,5.418
2025-12-28 15:00,0.004,0.009,0.012,4.567
2025-12-28 16:00,0,0,0,4.020
2025-12-28 17:00,0,0,0,3.879
2025-12-28 18:00,0,0,0,3.620
2025-12-28 19:00,0,0,0,3.224
2025-12-28 20:00,0,0,0,2.692
2025-12-28 21:00,0,0,0,2.012
2025-12-28 22:00,0,0,0,1.438
2025-12-28 23:00,0,0,0,1.023
2025-12-29 00:00,0,0,0,0.911
2025-12-29 01:00,0,0,0,1.027
2025-12-29 02:00,0,0,0,1.196
2025-12-29 03:00,0,0,0,1.376
2025-12-29 04:00,0,0,0,1.521
2025-12-29 05:00,0,0,0,1.601
2025-12-29 06:00,0,0,0,1.742
2025-12-29 07:00,0,0,0,1.686
2025-12-29 08:00,0,0.005,0.007,1.666
2025-12-29 09:00,0.059,0.038,0.048,2.849
2025-12-29 10:00,0.134,0.082,0.085,3.817
2025-12-29 11:00,0.189,0.122,0.106,4.840
2025-12-29 12:00,0.159,0.090,0.105,5.325
2025-12-29 13:00,0.122,0.066,0.089,5.403
2025-12-29 14:00,0.066,0.037,0.057,5.076
2025-12-29 15:00,0.007,0.011,0.014,3.779
2025-12-29 16:00,0,0,0,2.868
2025-12-29 17:00,0,0,0,2.534
2025-12-29 18:00,0,0,0,2.276
2025-12-29 19:00,0,0,0,2.462
2025-12-29 20:00,0,0,0,3.164
2025-12-29 21:00,0,0,0,3.714
2025-12-29 22:00,0,0,0,3.828
2025-12-29 23:00,0,0,0,3.524
2025-12-30 00:00,0,0,0,3.322
2025-12-30 01:00,0,0,0,2.890
2025-12-30 02:00,0,0,0,2.396
2025-12-30 03:00,0,0,0,2.081
2025-12-30 04:00,0,0,0,1.789
2025-12-30 05:00,0,0,0,1.500
2025-12-30 06:00,0,0,0,1.166
2025-12-30 07:00,0,0,0,0.838
2025-12-30 08:00,0,0.008,0.007,0.757
2025-12-30 09:00,0.077,0.056,0.048,1.791
2025-12-30 10:00,0.208,0.165,0.081,2.951
2025-12-30 11:00,0.330,0.298,0.088,3.973
2025-12-30 12:00,0.371,0.353,0.084,4.866
2025-12-30 13:00,0.314,0.293,0.076,5.092
2025-12-30 14:00,0.190,0.171,0.058,4.286
2025-12-30 15:00,0.038,0.044,0.017,1.838
2025-12-30 16:00,0,0,0,0.349
2025-12-30 17:00,0,0,0,-0.132
2025-12-30 18:00,0,0,0,-0.459
2025-12-30 19:00,0,0,0,-0.114
2025-12-30 20:00,0,0,0,0.369
2025-12-30 21:00,0,0,0,0.421
2025-12-30 22:00,0,0,0,0.356
2025-12-30 23:00,0,0,0,0.083
2025-12-31 00:00,0,0,0,-0.295
2025-12-31 01:00,0,0,0,-0.612
2025-12-31 02:00,0,0,0,-0.855
2025-12-31 03:00,0,0,0,-1.068
2025-12-31 04:00,0,0,0,-1.322
2025-12-31 05:00,0,0,0,-1.513
2025-12-31 06:00,0,0,0,-1.716
2025-12-31 07:00,0,0,0,-1.833
2025-12-31 08:00,0,0.005,0.006,-1.837
2025-12-31 09:00,0.054,0.033,0.045,-1.077
2025-12-31 10:00,0.155,0.104,0.083,0.135
2025-12-31 11:00,0.335,0.297,0.090,1.629
2025-12-31 12:00,0.424,0.417,0.077,2.902
2025-12-31 13:00,0.339,0.322,0.074,3.601
2025-12-31 14:00,0.177,0.154,0.059,3.395
2025-12-31 15:00,0.026,0.031,0.017,1.769
2025-12-31 16:00,0,0,0,1.091
2025-12-31 17:00,0,0,0,1.291
2025-12-31 18:00,0,0,0,0.979
2025-12-31 19:00,0,0,0,0.634
2025-12-31 20:00,0,0,0,0.364
2025-12-31 21:00,0,0,0,0.303
2025-12-31 22:00,0,0,0,0.405
2025-12-31 23:00,0,0,0,0.512
